,stim,Image size (pixels),Aspect ratio,RMS contrast,Luminance entropy,Complexity,Edge density,Color entropy,mean R channel,mean G channel,mean B channel (RGB),mean L channel,mean a channel,mean b channel (Lab),mean H channel,mean S channel,mean V channel,std R channel,std G channel,std B channel,std L channel,std a channel,std b channel (Lab),std H channel,std S channel,std V channel,Mirror symmetry,DCM distance,DCM x position,DCM y position,Balance,CNN symmetry left-right,CNN symmetry up-down,CNN symmetry left-right & up-down,Slope Redies,Slope Spehar,Slope Mather,Fourier sigma,2D Fractal dimension,3D Fractal dimension,Self-similarity (PHOG),Self-similarity (CNN),Anisotropy,Homogeneity,1st-order EOE,2nd-order EOE,Sparseness,Variability,Unnamed: 48,subject,block,hits,misses,false_alarms,correct_rejections,FAR,HR,distinctiveness_early,distinctiveness_mid,distinctiveness_late,bias,memorability
0,beaches_00490_LD.png,1400,1.333,18.606,0.2232,11.85,87.269,0.0,245.843,245.843,245.843,96.409,-0.002367,0.004486,0.0,0.0,0.9641,47.446,47.446,47.446,18.606,0.0004568,0.0008658,-0.0,0.0,0.1861,0.1487,25.641,-0.035,-0.1233,11.622,0.5365,0.3838,0.3637,-1.113,-0.4734,-0.463,0.004642,1.457,2.466,0.557,0.828,0.00116,94.63,3.962,4.407,0.0005496,3.159e-05,,5545700,967,16,57,32,122,-0.814105674155782,-0.7749720688072608,0.028809714658180073,0.2853376126567871,0.49894797752088016,-0.3749617008412427,-0.615265028754063
1,offices_00473_LD.png,1400,1.333,22.175,0.2943,16.261,111.776,0.0,241.775,241.775,241.775,94.814,-0.002328,0.004412,0.0,0.0,0.9481,56.546,56.546,56.546,22.175,0.0005444,0.001032,-0.0,0.0,0.2217,0.3452,18.693,-0.06,0.07167,21.082,0.4814,0.4555,0.4452,-1.103,-0.4544,-0.4462,0.007127,1.497,2.627,0.6181,0.8567,0.001105,96.848,4.079,4.43,0.0004072,2.856e-05,,5360023,900,38,33,47,99,-0.46234265363460514,0.08837646690321847,0.018828782413095355,0.18646662116972762,0.43811895979286414,0.41007895095144964,-0.11245383978496748
2,highways_00220_LD.png,1400,1.333,18.239,0.2163,10.944,81.051,0.0,246.214,246.214,246.214,96.555,-0.00237,0.004493,0.0,0.0,0.9655,46.51,46.51,46.51,18.239,0.0004478,0.0008487,-0.0,0.0,0.1824,0.2193,9.545,-0.01,-0.04667,15.944,0.4817,0.4098,0.3935,-1.129,-0.4583,-0.4279,0.003658,1.471,2.574,0.5531,0.8519,0.001205,92.246,3.971,4.378,0.0006564,2.813e-05,,5650045,982,36,43,24,126,-0.9944578832097531,-0.11128240809028023,0.02104452680329239,0.19550302110679235,0.4477622559891483,-0.13984402404330631,0.031055760877842065
3,city_20081106_00008_LD.png,1400,1.333,20.223,0.2546,13.385,86.764,0.0,244.106,244.106,244.106,95.728,-0.00235,0.004455,0.0,0.0,0.9573,51.569,51.569,51.569,20.223,0.0004965,0.0009411,-0.0,0.0,0.2022,0.3749,6.807,-0.02625,-0.02167,19.376,0.4959,0.4075,0.4258,-1.057,-0.4605,-0.4144,0.00531,1.542,2.687,0.5529,0.8284,0.001187,93.701,4.093,4.431,0.000758,3.368e-05,,4904276,903,32,32,40,96,-0.5413950851290877,0.0,0.015440792501271504,0.14008056137120273,0.40453658214424,0.2945419326448352,-0.13911625205960182
4,forests_00355_LD.png,1400,1.333,21.355,0.2774,14.892,116.244,0.0,242.787,242.787,242.787,95.21,-0.002337,0.004431,0.0,0.0,0.9521,54.454,54.454,54.454,21.355,0.0005242,0.0009937,-0.0,0.0,0.2135,0.3062,19.585,0.02375,-0.095,9.206,0.5612,0.5375,0.5163,-1.045,-0.4592,-0.3938,0.01014,1.499,2.561,0.6804,0.8704,0.001079,98.263,3.569,4.178,0.0002753,1.13e-05,,5433145,920,32,43,37,108,-0.6583008567368558,-0.1848670276194425,0.01840752108569552,0.18547237197587652,0.48340301839867933,0.09246008595335808,-0.22281633911939955
5,city_00336_LD.png,1400,1.333,18.333,0.218,10.977,79.416,0.0,246.12,246.12,246.12,96.518,-0.002369,0.004491,0.0,0.0,0.9652,46.749,46.749,46.749,18.333,0.0004501,0.0008531,-0.0,0.0,0.1833,0.2163,11.374,0.0325,0.04667,20.466,0.5228,0.4306,0.3894,-1.182,-0.4778,-0.4523,0.005139,1.456,2.557,0.6135,0.8411,0.001178,93.029,4.055,4.45,0.000658,2.982e-05,,5123121,950,30,42,23,115,-0.9674215661017012,-0.2104283942479247,0.01914354080267422,0.20520212653479397,0.45995530123144057,-0.17489033799974407,-0.06554985434200822
6,mountains_20081106_00036_LD.png,1400,1.333,11.325,0.1,4.812,39.166,0.0,251.687,251.687,251.687,98.701,-0.002423,0.004593,0.0,0.0,0.987,28.878,28.878,28.878,11.325,0.000278,0.000527,-0.0,0.0,0.1132,0.02781,25.687,-0.02125,-0.1267,14.009,0.4777,0.27,0.2641,-1.191,-0.4737,-0.489,0.004492,1.259,2.287,0.5331,0.742,0.001203,91.126,4.309,4.458,0.0009658,4.203e-05,,5255552,917,40,28,57,87,-0.2641469768259236,0.2230078309403668,0.00798208957442739,0.16937033217692576,0.3101672488131438,0.6496399321915561,-0.11665702374856612
7,beaches_00115_LD.png,1400,1.333,17.053,0.1943,9.862,80.189,0.0,247.355,247.355,247.355,97.002,-0.002381,0.004514,0.0,0.0,0.97,43.485,43.485,43.485,17.053,0.0004186,0.0007935,-0.0,0.0,0.1705,0.1154,18.012,0.07,-0.05667,18.519,0.4447,0.4221,0.3774,-1.123,-0.4837,-0.4607,0.005003,1.412,2.436,0.6393,0.8471,0.001192,97.467,3.764,4.298,0.0005965,2.873e-05,,5447371,972,24,48,26,125,-0.9455642985352881,-0.43072729929545756,0.018661339967188998,0.25621905072855555,0.40915538487591446,-0.28399316854499324,-0.2581788243273828
8,forests_00359_LD.png,1400,1.333,16.666,0.1873,9.949,74.685,0.0,247.709,247.709,247.709,97.141,-0.002385,0.00452,0.0,0.0,0.9714,42.497,42.497,42.497,16.666,0.0004091,0.0007755,-0.0,0.0,0.1667,0.1056,28.361,-0.00625,-0.1417,13.891,0.5497,0.324,0.3372,-1.128,-0.48,-0.4658,0.006407,1.469,2.452,0.6022,0.8648,0.001027,94.378,4.031,4.379,0.0006356,2.181e-05,,5334214,963,19,55,10,133,-1.4763120533416432,-0.6533766109715354,0.017452508881754418,0.3670839356251803,0.5052779541199095,-0.8460487078147472,-0.1342455116225087
9,mountains_00360_LD.png,1400,1.333,16.268,0.1802,9.509,81.269,0.0,248.062,248.062,248.062,97.279,-0.002388,0.004527,0.0,0.0,0.9728,41.484,41.484,41.484,16.268,0.0003994,0.000757,-0.0,0.0,0.1627,0.08512,4.773,0.005,-0.02333,9.65,0.4604,0.4704,0.4402,-1.118,-0.4827,-0.4756,0.0061,1.364,2.275,0.7345,0.8167,0.000993,99.38,4.198,4.482,0.0003404,2.787e-05,,5050185,951,25,37,27,115,-0.8773773893133454,-0.2450062230373207,0.01731454570980914,0.28350222468388114,0.42668152532809756,-0.12123297958513413,-0.14570263286682017
10,highways_00463_LD.png,1400,1.333,18.515,0.2215,11.979,88.266,0.0,245.936,245.936,245.936,96.445,-0.002368,0.004488,0.0,0.0,0.9645,47.214,47.214,47.214,18.515,0.0004545,0.0008616,-0.0,0.0,0.1852,0.2135,8.902,-0.0275,-0.035,20.804,0.4171,0.4081,0.3762,-1.156,-0.4597,-0.4874,0.003717,1.434,2.552,0.5348,0.8345,0.001071,96.113,4.199,4.442,0.0005032,3.077e-05,,5782212,1015,34,42,25,133,-1.0017679162384652,-0.13231285227617118,0.02911912288226728,0.21370816720080812,0.5299665471068002,-0.15793839005105081,0.01808232323338893
11,beaches_00119_LD.png,1400,1.333,12.593,0.1191,5.045,44.761,0.0,250.89,250.89,250.89,98.388,-0.002415,0.004578,0.0,0.0,0.9839,32.113,32.113,32.113,12.593,0.0003092,0.000586,-0.0,0.0,0.1259,0.07008,15.854,0.0775,-0.01667,22.237,0.375,0.3402,0.3055,-1.071,-0.4813,-0.4495,0.00568,1.175,2.209,0.4858,0.7693,0.001352,90.168,3.448,4.031,0.0008137,3.246e-05,,5590468,979,33,41,44,111,-0.5713802181255702,-0.1359106806464805,0.012538230074020556,0.18616641698965047,0.32026504091127483,0.19170812160991169,-0.2329033973548927
12,offices_20081106_00085_LD.png,1400,1.333,18.382,0.219,9.909,78.759,0.0,246.071,246.071,246.071,96.498,-0.002369,0.00449,0.0,0.0,0.965,46.875,46.875,46.875,18.382,0.0004513,0.0008554,-0.0,0.0,0.1838,0.3737,25.456,-0.0125,0.1267,20.696,0.4992,0.2053,0.1869,-1.214,-0.5145,-0.4293,0.01186,1.484,2.542,0.5216,0.766,0.001588,92.568,2.998,3.596,0.0007995,3.966e-05,,5740967,1045,44,34,9,146,-1.5712308690512935,0.16137904273423911,0.026636089613570873,0.27800835188937845,0.5283905892689984,-0.45404950386264753,0.5862910807322216
13,forests_00247_LD.png,1400,1.333,27.45,0.4095,26.021,162.567,0.0,234.067,234.067,234.067,91.791,-0.002253,0.004271,0.0,0.0,0.9179,69.998,69.998,69.998,27.45,0.0006739,0.001277,-0.0,0.0,0.2745,0.7592,13.361,-0.06125,0.02667,13.97,0.5983,0.6046,0.5953,-1.021,-0.411,-0.3794,0.006041,1.677,2.785,0.739,0.8754,0.001117,98.998,3.687,4.235,0.0001658,7.874e-06,,5838534,1025,28,48,34,127,-0.8023331898347568,-0.33603814037182317,0.08412128459066026,0.3329046186958477,0.4201145375823048,-0.11237006187215615,-0.2633456969997765
14,highways_00351_LD.png,1400,1.333,16.983,0.193,8.284,58.462,0.0,247.42,247.42,247.42,97.028,-0.002382,0.004515,0.0,0.0,0.9703,43.306,43.306,43.306,16.983,0.0004169,0.0007903,-0.0,0.0,0.1698,0.2508,18.824,0.04375,-0.08333,25.351,0.4641,0.3115,0.2998,-1.224,-0.4925,-0.4554,0.005911,1.461,2.615,0.3772,0.7329,0.001399,85.357,3.816,4.243,0.001019,3.002e-05,,5256905,932,49,23,57,86,-0.25696887938008584,0.46925288381280217,0.0182701400683196,0.18553111554282514,0.3195353776431786,0.797424504081325,0.08044161008345252
15,city_00324_LD.png,1400,1.333,19.354,0.2376,12.167,78.271,0.0,245.061,245.061,245.061,96.102,-0.002359,0.004472,0.0,0.0,0.961,49.353,49.353,49.353,19.354,0.0004751,0.0009006,-0.0,0.0,0.1935,0.3072,31.641,0.1312,0.08833,29.884,0.4517,0.3902,0.3591,-1.131,-0.4707,-0.4393,0.003996,1.516,2.519,0.471,0.8381,0.001196,90.066,4.159,4.467,0.0007756,3.077e-05,,5058534,853,25,39,21,119,-1.0364333894937894,-0.27769043982157676,0.015440792501271504,0.16379122049981468,0.362522522922782,-0.2700531199438059,-0.08074391486971927
16,mountains_00698_LD.png,1400,1.333,11.663,0.105,4.943,39.541,0.0,251.483,251.483,251.483,98.621,-0.002421,0.004589,0.0,0.0,0.9862,29.742,29.742,29.742,11.663,0.0002863,0.0005427,-0.0,0.0,0.1166,0.02315,28.549,-0.0175,-0.1417,18.419,0.4443,0.2608,0.2563,-1.116,-0.4725,-0.4677,0.00582,1.315,2.328,0.4089,0.7336,0.001434,87.949,4.284,4.452,0.001045,3.587e-05,,5225558,1007,40,33,49,93,-0.39866393514661363,0.12047158314200528,0.013485521008895095,0.14235976861011562,0.3255160613311351,0.48061565956528185,-0.12292515357939832
17,forests_00689_LD.png,1400,1.333,17.439,0.2014,10.682,80.874,0.0,246.994,246.994,246.994,96.86,-0.002378,0.004507,0.0,0.0,0.9686,44.47,44.47,44.47,17.439,0.0004281,0.0008115,-0.0,0.0,0.1744,0.127,16.207,0.05625,0.05833,16.966,0.4564,0.441,0.4,-1.176,-0.4654,-0.4597,0.00322,1.381,2.466,0.6556,0.8614,0.000996,97.53,4.31,4.522,0.0004877,2.719e-05,,5675754,983,22,55,38,116,-0.6847423917820559,-0.5659488219328631,0.016408219671299278,0.18311109004087434,0.3912381895439905,-0.14877740375113202,-0.5190037161187557
18,highways_00428_LD.png,1400,1.333,17.582,0.204,9.234,70.219,0.0,246.857,246.857,246.857,96.807,-0.002377,0.004505,0.0,0.0,0.9681,44.835,44.835,44.835,17.582,0.0004316,0.0008182,-0.0,0.0,0.1758,0.171,32.368,0.0075,-0.1617,14.797,0.4162,0.2729,0.2581,-1.044,-0.4936,-0.4253,0.00589,1.419,2.521,0.4507,0.8066,0.00132,91.133,3.664,4.261,0.0008386,3.58e-05,,5383559,992,34,35,45,104,-0.5186184425135976,-0.018164971926272335,0.018313226534392407,0.1606293249690233,0.3788155182539208,0.3026863616567146,-0.16708784354071854
19,highways_00379_LD.png,1400,1.333,21.192,0.2741,13.668,95.974,0.0,242.982,242.982,242.982,95.287,-0.002339,0.004434,0.0,0.0,0.9529,54.038,54.038,54.038,21.192,0.0005202,0.0009861,-0.0,0.0,0.2119,0.365,13.821,-0.06375,0.02667,20.949,0.4987,0.4568,0.4389,-1.108,-0.454,-0.4132,0.005612,1.49,2.541,0.567,0.8132,0.001351,94.226,3.241,3.939,0.0006083,3.028e-05,,5305819,973,29,41,13,134,-1.3504529117453576,-0.21653412444917083,0.0409250892764995,0.22412948506267336,0.45484539297861765,-0.49142889951107893,0.15021304970596638
20,forests_00312_LD.png,1400,1.333,24.709,0.3482,21.013,143.0,0.0,238.343,238.343,238.343,93.468,-0.002295,0.004349,0.0,0.0,0.9347,63.009,63.009,63.009,24.709,0.0006066,0.00115,-0.0,0.0,0.2471,0.518,5.175,-0.025,-0.006667,10.066,0.6072,0.5826,0.5572,-1.181,-0.4648,-0.4752,0.003887,1.614,2.625,0.7387,0.8771,0.001054,99.624,4.028,4.402,0.0002057,9.813e-06,,6024472,1123,31,50,64,99,-0.27244994550613627,-0.298355172793881,0.03030827246333034,0.21625123906871815,0.3725958783265977,0.34237725756386833,-0.5379383664785067
21,highways_00555_LD.png,1400,1.333,18.856,0.228,11.845,88.6,0.0,245.586,245.586,245.586,96.308,-0.002364,0.004482,0.0,0.0,0.9631,48.082,48.082,48.082,18.856,0.0004629,0.0008774,-0.0,0.0,0.1886,0.1632,29.34,0.03125,0.1433,24.481,0.5002,0.3231,0.3341,-1.182,-0.4876,-0.4662,0.003071,1.43,2.51,0.538,0.847,0.001073,95.318,4.216,4.426,0.000529,3.841e-05,,5873238,1033,34,44,26,133,-0.9800852788461993,-0.16137904273423911,0.017998009974340295,0.19741068259648878,0.4623183851099751,-0.15697070412042768,-0.018167418503192256
22,mountains_00256_LD.png,1400,1.333,13.737,0.1372,6.496,58.565,0.0,250.093,250.093,250.093,98.076,-0.002408,0.004564,0.0,0.0,0.9808,35.03,35.03,35.03,13.737,0.0003372,0.0006393,-0.0,0.0,0.1374,0.04808,24.415,0.01,-0.1217,10.24,0.4475,0.3,0.2849,-1.066,-0.4873,-0.4801,0.008447,1.305,2.272,0.5646,0.7432,0.001342,94.61,4.127,4.431,0.0007305,4.339e-05,,5158866,960,29,41,47,96,-0.4435849933837995,-0.21653412444917083,0.0151762166711073,0.19588095048920826,0.3766352136963108,0.24967878214914035,-0.37244250181687055
23,beaches_00398_LD.png,1400,1.333,11.87,0.1081,4.292,44.827,0.0,251.355,251.355,251.355,98.571,-0.00242,0.004587,0.0,0.0,0.9857,30.268,30.268,30.268,11.87,0.0002914,0.0005524,-0.0,0.0,0.1187,0.03893,10.269,0.03,0.04167,15.291,0.4529,0.3923,0.3689,-1.152,-0.4831,-0.49,0.008527,1.105,2.094,0.6939,0.7266,0.001553,96.997,2.613,3.373,0.0008547,2.112e-05,,5325616,975,53,20,11,133,-1.429788335945521,0.600842032394516,0.008929227714451485,0.21162917783114052,0.4749906444041375,-0.08518441087612005,0.8639099789156245
24,city_00543_LD.png,1400,1.333,20.863,0.2674,12.495,84.734,0.0,243.37,243.37,243.37,95.439,-0.002343,0.004441,0.0,0.0,0.9544,53.202,53.202,53.202,20.863,0.0005122,0.0009709,-0.0,0.0,0.2086,0.5159,19.007,-0.0025,0.095,25.917,0.4959,0.4015,0.3853,-1.351,-0.5175,-0.6078,0.007699,1.536,2.536,0.4807,0.8365,0.001348,88.685,3.757,4.261,0.0008021,3.421e-05,,5229789,943,26,37,13,137,-1.3615709340755844,-0.22060908646341357,0.015610765794082496,0.24119419231760478,0.5609307876880415,-0.5028632584324135,0.15329057663696788
25,city_00312_LD.png,1400,1.333,21.696,0.2844,14.439,106.548,0.0,242.371,242.371,242.371,95.048,-0.002333,0.004423,0.0,0.0,0.9505,55.325,55.325,55.325,21.696,0.0005326,0.00101,-0.0,0.0,0.217,0.326,19.235,-0.045,-0.085,15.897,0.4509,0.4106,0.4051,-1.111,-0.4863,-0.4574,0.007545,1.524,2.606,0.6049,0.8819,0.001241,95.627,3.955,4.373,0.0005812,2.356e-05,,5107549,955,19,38,31,120,-0.8228452045400195,-0.43072729929545756,0.019231344581439117,0.3136071926459297,0.40787624111699,-0.18370506549841903,-0.32890556904491747
26,beaches_00386_LD.png,1400,1.333,11.35,0.1004,3.681,30.256,0.0,251.672,251.672,251.672,98.695,-0.002423,0.004593,0.0,0.0,0.9869,28.942,28.942,28.942,11.35,0.0002786,0.0005282,-0.0,0.0,0.1135,0.05301,33.615,-0.065,0.155,42.584,0.5082,0.2712,0.2258,-1.126,-0.4978,-0.4478,0.00667,1.305,2.411,0.1192,0.2725,0.001974,74.654,3.354,3.876,0.00123,2.447e-05,,5933872,1094,41,36,16,148,-1.2955749870976874,0.08147408306069089,0.009093527346723983,0.139199638103781,0.3662293877766685,-0.27483054865173684,0.36212254161675717
27,city_20081106_00032_LD.png,1400,1.333,24.989,0.3543,20.049,126.603,0.0,237.934,237.934,237.934,93.308,-0.002291,0.004342,0.0,0.0,0.9331,63.722,63.722,63.722,24.989,0.0006135,0.001163,-0.0,0.0,0.2499,0.7017,7.236,0.0225,-0.02833,12.83,0.5013,0.4911,0.4995,-1.125,-0.4659,-0.3846,0.003272,1.636,2.719,0.6738,0.8735,0.00111,98.125,4.034,4.4,0.0003755,2.03e-05,,5409494,889,36,41,21,123,-1.0544724517700526,-0.08147408306069102,0.017248054229012325,0.2157317500468523,0.46419694559956187,-0.17170949268339175,0.09000384472198608
28,mountains_20081106_00063_LD.png,1400,1.333,10.579,0.08941,4.131,36.309,0.0,252.114,252.114,252.114,98.868,-0.002427,0.004601,0.0,0.0,0.9887,26.975,26.975,26.975,10.579,0.0002597,0.0004923,-0.0,0.0,0.1058,0.01507,43.319,0.02625,-0.215,17.467,0.4414,0.165,0.1602,-1.078,-0.4804,-0.4819,0.008046,1.283,2.22,0.3168,0.7032,0.001429,87.218,4.421,4.472,0.00102,4.04e-05,,4519689,803,35,23,47,81,-0.3393116065388172,0.26228276539162176,0.013506991106861262,0.18969357579144108,0.2700541075193441,0.6108494741430639,-0.04124122699208449
29,mountains_00339_LD.png,1400,1.333,12.297,0.1145,5.533,48.716,0.0,251.084,251.084,251.084,98.464,-0.002417,0.004582,0.0,0.0,0.9846,31.358,31.358,31.358,12.297,0.0003019,0.0005722,-0.0,0.0,0.123,0.02379,11.081,0.04,-0.03833,10.928,0.3802,0.3609,0.3615,-1.149,-0.4899,-0.4857,0.005928,1.261,2.189,0.6052,0.7419,0.001144,97.496,4.483,4.474,0.0007108,4.429e-05,,5147318,1010,36,26,69,78,-0.07680897576940811,0.20354423153248632,0.014854756163589127,0.18930413167684873,0.36662259706772177,0.7915182264410295,-0.24053158918724402
30,city_00532_LD.png,1400,1.333,27.203,0.4039,22.986,134.908,0.0,234.478,234.478,234.478,91.952,-0.002257,0.004279,0.0,0.0,0.9195,69.369,69.369,69.369,27.203,0.0006678,0.001266,-0.0,0.0,0.272,1.085,12.816,-0.0225,0.06,20.211,0.5065,0.5114,0.4765,-0.9393,-0.4653,-0.3398,0.008687,1.686,2.849,0.6432,0.8637,0.001322,96.011,3.372,4.084,0.0004506,2.148e-05,,4643539,772,37,24,35,94,-0.6088322137012705,0.2703574833327526,0.03142249641007288,0.24824917578340064,0.4278092034913707,0.395246416392206,0.12069048776301372
31,mountains_00327_LD.png,1400,1.333,13.178,0.1282,6.432,55.006,0.0,250.492,250.492,250.492,98.232,-0.002412,0.004571,0.0,0.0,0.9823,33.605,33.605,33.605,13.178,0.0003235,0.0006132,-0.0,0.0,0.1318,0.03974,6.783,0.00625,-0.03333,14.813,0.4244,0.3766,0.3879,-1.152,-0.4997,-0.5072,0.006006,1.272,2.17,0.6836,0.7943,0.001063,97.807,4.518,4.522,0.0005654,4.6e-05,,4997258,882,24,34,34,111,-0.7241632502958759,-0.21779837992739867,0.01541727869583409,0.21212172435679227,0.33849517464488926,0.019656893156208777,-0.2117698931436532
32,highways_00375_LD.png,1400,1.333,17.179,0.1966,9.147,66.661,0.0,247.238,247.238,247.238,96.956,-0.00238,0.004512,0.0,0.0,0.9696,43.806,43.806,43.806,17.179,0.0004217,0.0007994,-0.0,0.0,0.1718,0.1879,8.602,-0.025,-0.035,21.334,0.4931,0.387,0.381,-1.192,-0.4869,-0.48,0.004018,1.444,2.544,0.4856,0.7126,0.001408,88.789,3.902,4.349,0.00089,3.842e-05,,5687701,931,47,31,33,121,-0.7916386077433746,0.2599896012310702,0.013999181744452978,0.1606293249690233,0.3722542582842677,0.2398786377263249,0.2175745629992527
33,highways_00208_LD.png,1400,1.333,16.833,0.1903,9.225,62.58,0.0,247.557,247.557,247.557,97.081,-0.002383,0.004518,0.0,0.0,0.9708,42.925,42.925,42.925,16.833,0.0004132,0.0007833,-0.0,0.0,0.1683,0.2293,23.395,-0.08375,-0.08167,21.918,0.4041,0.4314,0.3648,-1.259,-0.4835,-0.5048,0.003243,1.399,2.419,0.5717,0.8203,0.001171,90.438,4.145,4.426,0.0008746,4.018e-05,,5597007,1052,38,37,32,121,-0.8093729552115337,0.016711632998748692,0.008682961435053552,0.17239311666828758,0.41379780013157225,0.08517734224861917,0.02898456834182822
34,beaches_00343_LD.png,1400,1.333,12.568,0.1187,4.357,31.933,0.0,250.906,250.906,250.906,98.395,-0.002416,0.004579,0.0,0.0,0.9839,32.049,32.049,32.049,12.568,0.0003085,0.0005849,-0.0,0.0,0.1257,0.1485,24.311,0.1038,-0.06333,39.477,0.3889,0.4276,0.2646,-1.436,-0.5099,-0.5034,0.008489,1.375,2.478,0.2686,0.2663,0.001799,74.419,3.988,4.165,0.00129,2.625e-05,,5807936,1112,17,61,11,147,-1.4786252278477618,-0.7791396836729914,0.009117573952922228,0.13439507448458657,0.4530108276563817,-0.9204201550276383,-0.2356880523589649
35,beaches_00412_LD.png,1400,1.333,15.567,0.1679,7.954,61.77,0.0,248.663,248.663,248.663,97.515,-0.002394,0.004538,0.0,0.0,0.9752,39.695,39.695,39.695,15.567,0.0003822,0.0007244,-0.0,0.0,0.1557,0.1549,35.777,-0.16,0.08,25.425,0.3072,0.373,0.1994,-1.103,-0.4674,-0.4516,0.005738,1.384,2.46,0.4625,0.7819,0.001273,93.334,4.05,4.393,0.000884,3.457e-05,,5533663,947,43,30,8,145,-1.6230666242071041,0.22507901183286774,0.012879719268789058,0.19744124423854562,0.3938474584645316,-0.4596983240995054,0.6682222860551695
36,offices_00117_LD.png,1400,1.333,22.476,0.3005,16.029,107.351,0.0,241.393,241.393,241.393,94.664,-0.002324,0.004405,0.0,0.0,0.9466,57.313,57.313,57.313,22.476,0.0005518,0.001046,-0.0,0.0,0.2248,0.3385,14.682,-0.05375,0.05,22.028,0.4424,0.4173,0.4005,-1.118,-0.4471,-0.4054,0.005107,1.526,2.671,0.5838,0.8583,0.001164,96.712,3.888,4.305,0.0004998,2.938e-05,,5657451,927,49,25,40,117,-0.659532099874727,0.4183712879116543,0.02111552856038014,0.163186643021299,0.3979977633858212,0.4391184740063,0.270869738542302
37,offices_00646_LD.png,1400,1.333,18.385,0.219,10.212,79.87,0.0,246.068,246.068,246.068,96.497,-0.002369,0.00449,0.0,0.0,0.965,46.883,46.883,46.883,18.385,0.0004513,0.0008555,-0.0,0.0,0.1839,0.2197,9.696,-0.00375,0.04833,16.442,0.4317,0.4417,0.4037,-1.234,-0.4778,-0.4224,0.005164,1.389,2.506,0.6251,0.8436,0.001328,96.535,3.521,4.041,0.0006077,3.701e-05,,6007688,1113,38,46,30,131,-0.8914816950334383,-0.11964811303984203,0.017595524798788585,0.19535508736584548,0.3905497523930975,-0.060511565043933735,-0.03512914147714985
38,beaches_00243_LD.png,1400,1.333,15.834,0.1725,8.342,65.914,0.0,248.438,248.438,248.438,97.427,-0.002392,0.004534,0.0,0.0,0.9743,40.376,40.376,40.376,15.834,0.0003887,0.0007368,-0.0,0.0,0.1583,0.09233,24.43,-0.1012,-0.06833,25.824,0.3208,0.3428,0.2844,-1.188,-0.4907,-0.4997,0.003324,1.416,2.484,0.519,0.7938,0.001227,94.732,4.01,4.403,0.0007881,3.879e-05,,5225711,931,34,36,37,105,-0.6416095039816206,-0.035816631660069605,0.015885440835139868,0.2134950013067145,0.3793299567567717,0.19200281408530429,-0.11062958825952751
39,offices_20081106_00076_LD.png,1400,1.333,25.929,0.3751,22.056,137.531,0.0,236.516,236.516,236.516,92.751,-0.002277,0.004316,0.0,0.0,0.9275,66.12,66.12,66.12,25.929,0.0006365,0.001207,-0.0,0.0,0.2593,0.6421,3.073,0.01,0.01167,13.944,0.5387,0.5298,0.5199,-1.152,-0.4522,-0.4611,0.002919,1.641,2.758,0.7183,0.8813,0.001052,98.292,4.075,4.412,0.000319,1.78e-05,,5679159,914,47,34,65,85,-0.16789400478810546,0.2025251833464172,0.030689284030853498,0.1974950662991263,0.40757667386024954,0.7164947037160879,-0.1888693011186477
40,offices_00658_LD.png,1400,1.333,21.322,0.2767,14.24,105.618,0.0,242.825,242.825,242.825,95.226,-0.002338,0.004431,0.0,0.0,0.9523,54.372,54.372,54.372,21.322,0.0005235,0.0009922,-0.0,0.0,0.2132,0.3331,14.013,-0.0625,-0.03167,17.73,0.4357,0.4461,0.3935,-1.132,-0.4705,-0.4269,0.006923,1.517,2.586,0.6173,0.8635,0.001209,97.542,3.628,4.122,0.0005094,3.435e-05,,5515437,1002,39,33,31,122,-0.8323192669878771,0.10463345561407526,0.021297562955935382,0.21957399893599036,0.4306791362243764,0.11709725051815745,0.11406041433939884
41,highways_00176_LD.png,1400,1.333,25.625,0.3684,20.533,132.345,0.0,236.982,236.982,236.982,92.934,-0.002281,0.004325,0.0,0.0,0.9293,65.345,65.345,65.345,25.625,0.0006291,0.001192,-0.0,0.0,0.2563,0.7868,4.4,-0.0175,-0.01333,13.758,0.584,0.4932,0.4894,-1.145,-0.4671,-0.4383,0.002638,1.591,2.726,0.6809,0.8806,0.001061,96.199,4.076,4.429,0.0003753,2.121e-05,,5562156,967,45,29,17,134,-1.2129065191275463,0.2743914878600369,0.02143060639471814,0.19028779031236417,0.6206977841575353,-0.09608832394015088,0.47213353095963084
42,forests_20081106_00013_LD.png,1400,1.333,19.495,0.2403,13.495,101.696,0.0,244.909,244.909,244.909,96.043,-0.002358,0.004469,0.0,0.0,0.9604,49.712,49.712,49.712,19.495,0.0004786,0.0009072,-0.0,0.0,0.1949,0.1961,16.125,-0.01,0.08,18.083,0.5313,0.5122,0.4884,-1.061,-0.4597,-0.4339,0.006659,1.461,2.538,0.6499,0.8713,0.0009594,98.126,4.214,4.498,0.0002617,1.409e-05,,6112888,1089,26,54,40,127,-0.7078443586454575,-0.45376219016987945,0.022003303816160013,0.21704442815672859,0.34386005133794956,-0.10300015223180581,-0.4140085521224205
43,offices_00625_LD.png,1400,1.333,22.473,0.3005,16.57,105.815,0.0,241.396,241.396,241.396,94.665,-0.002324,0.004405,0.0,0.0,0.9467,57.305,57.305,57.305,22.473,0.0005517,0.001046,-0.0,0.0,0.2247,0.3643,13.068,0.04,-0.05167,17.711,0.4559,0.4142,0.438,-1.101,-0.4425,-0.4062,0.004695,1.535,2.692,0.6061,0.8733,0.001134,96.386,4.024,4.43,0.0005276,2.711e-05,,5656439,1026,52,23,65,90,-0.2035442315324862,0.5053210885138513,0.024645015218518106,0.1790621242412363,0.37888115370295555,0.8618712257559717,0.0791269035049974
44,beaches_00471_LD.png,1400,1.333,21.879,0.2881,16.0,107.836,0.0,242.145,242.145,242.145,94.959,-0.002331,0.004419,0.0,0.0,0.9496,55.792,55.792,55.792,21.879,0.0005371,0.001018,-0.0,0.0,0.2188,0.3322,19.977,-0.07125,-0.07,18.466,0.438,0.3585,0.3134,-1.004,-0.4428,-0.365,0.009385,1.578,2.704,0.5494,0.7781,0.001315,96.882,3.696,4.209,0.0005686,3.787e-05,,6142622,987,42,41,6,159,-1.7945384156293687,0.015100744219487929,0.03812988002981427,0.2551197658518607,0.4543493251276603,-0.7208448089219406,0.5954489283728254
45,beaches_00251_LD.png,1400,1.333,14.163,0.1441,6.316,51.933,0.0,249.778,249.778,249.778,97.952,-0.002405,0.004558,0.0,0.0,0.9795,36.116,36.116,36.116,14.163,0.0003477,0.0006591,-0.0,0.0,0.1416,0.08721,23.759,0.1113,0.04167,20.96,0.3595,0.3353,0.2492,-1.164,-0.5037,-0.4814,0.004306,1.305,2.358,0.5338,0.8061,0.001252,91.568,3.747,4.285,0.0008994,3.512e-05,,5847745,1004,20,56,21,141,-1.1281436452787634,-0.6336400007797011,0.010052217636783392,0.16266345963345324,0.4940443536097625,-0.5501448334152252,-0.3187764609785891
46,beaches_00400_LD.png,1400,1.333,14.231,0.1452,6.591,53.537,0.0,249.727,249.727,249.727,97.932,-0.002404,0.004557,0.0,0.0,0.9793,36.289,36.289,36.289,14.231,0.0003494,0.0006622,-0.0,0.0,0.1423,0.1095,31.691,-0.00625,-0.1583,19.599,0.5052,0.18,0.1645,-1.161,-0.4736,-0.4428,0.005031,1.383,2.458,0.4329,0.7635,0.001422,91.837,3.585,4.113,0.0008947,3.634e-05,,5857489,1082,40,34,12,152,-1.4525761808120043,0.10179559909470504,0.006021005767142795,0.16457111827492044,0.32653669077740866,-0.391422651404689,0.46921418656297254
47,offices_00629_LD.png,1400,1.333,24.145,0.336,18.766,127.798,0.0,239.149,239.149,239.149,93.784,-0.002302,0.004364,0.0,0.0,0.9378,61.569,61.569,61.569,24.145,0.0005927,0.001124,-0.0,0.0,0.2414,0.5281,13.663,0.06625,0.01667,15.381,0.5094,0.5318,0.4876,-1.127,-0.4559,-0.3988,0.004867,1.558,2.661,0.644,0.8795,0.00108,97.767,3.876,4.34,0.0002945,2.037e-05,,5642909,1019,35,38,37,120,-0.7203044270204363,-0.05152885479060017,0.02094749103195911,0.21663774549447964,0.4434131103219777,0.11863657047855092,-0.07811560408620255
48,forests_00111_LD.png,1400,1.333,22.609,0.3033,16.742,122.203,0.0,241.221,241.221,241.221,94.596,-0.002322,0.004402,0.0,0.0,0.946,57.652,57.652,57.652,22.609,0.000555,0.001052,-0.0,0.0,0.2261,0.3389,17.819,-0.07875,0.04167,15.802,0.5321,0.4921,0.468,-0.9574,-0.4236,-0.3293,0.01547,1.539,2.684,0.5925,0.8336,0.001222,97.962,3.283,3.909,0.0003017,1.842e-05,,5471642,974,34,36,36,118,-0.7264997388534555,-0.035816631660069605,0.017334648700675234,0.21224321877140787,0.42017605885367115,0.12262908954654028,-0.061704765109975024
49,highways_00482_LD.png,1400,1.333,18.085,0.2134,11.857,94.712,0.0,246.367,246.367,246.367,96.615,-0.002372,0.004496,0.0,0.0,0.9661,46.118,46.118,46.118,18.085,0.000444,0.0008416,-0.0,0.0,0.1809,0.1239,4.773,0.01,-0.02167,10.3,0.4871,0.5031,0.5156,-1.183,-0.4616,-0.4767,0.008881,1.47,2.346,0.6732,0.835,0.001088,99.74,3.788,4.188,0.0002635,1.546e-05,,5641764,1043,31,46,11,143,-1.4652337926855226,-0.24662971544192633,0.07773821624536123,0.47368619031859704,0.539338730133245,-0.6025747656735005,0.19177013889191152
50,beaches_00185_LD.png,1400,1.333,14.451,0.1489,6.448,55.563,0.0,249.559,249.559,249.559,97.866,-0.002403,0.004554,0.0,0.0,0.9787,36.849,36.849,36.849,14.451,0.0003548,0.0006725,-0.0,0.0,0.1445,0.08211,8.207,0.0375,0.01667,22.958,0.4143,0.4164,0.3926,-1.11,-0.4813,-0.4611,0.006639,1.268,2.328,0.4481,0.7448,0.001344,90.123,3.203,3.833,0.0007844,3.399e-05,,5687255,1043,24,52,24,133,-1.0242176497152977,-0.47950565333095013,0.007218372151742671,0.1758973235646711,0.391834325372918,-0.37638245543254234,-0.2527109963611883
51,forests_20081106_00001_LD.png,1400,1.333,18.086,0.2134,11.098,90.982,0.0,246.367,246.367,246.367,96.614,-0.002372,0.004496,0.0,0.0,0.9661,46.119,46.119,46.119,18.086,0.000444,0.0008416,-0.0,0.0,0.1809,0.1451,8.842,-0.00875,-0.04333,10.581,0.5042,0.513,0.4824,-1.151,-0.4728,-0.4912,0.004279,1.393,2.339,0.7298,0.8578,0.00106,99.146,3.786,4.315,0.0003029,1.645e-05,,5601821,936,19,59,21,128,-1.0761074713429177,-0.6948018523653642,0.02194611310648014,0.2161613810276535,0.5077366863718608,-0.5428694333025823,-0.398748981512015
52,offices_00166_LD.png,1400,1.333,21.552,0.2814,16.411,100.13,0.0,242.548,242.548,242.548,95.117,-0.002335,0.004426,0.0,0.0,0.9512,54.957,54.957,54.957,21.552,0.0005291,0.001003,-0.0,0.0,0.2155,0.3071,10.866,0.02125,-0.05,15.223,0.4533,0.4094,0.4034,-1.216,-0.4578,-0.4679,0.003486,1.52,2.65,0.5913,0.8555,0.001099,97.465,4.343,4.483,0.000515,2.804e-05,,5743035,1067,55,26,76,77,-0.008191687283282928,0.46493876548308033,0.017451317181040493,0.18700233680969114,0.37888115370295555,0.9982430428150302,-0.06646181882612678
53,mountains_00163_LD.png,1400,1.333,12.971,0.1249,6.0,54.859,0.0,250.635,250.635,250.635,98.288,-0.002413,0.004574,0.0,0.0,0.9829,33.075,33.075,33.075,12.971,0.0003184,0.0006036,-0.0,0.0,0.1297,0.05063,13.516,-0.06625,-0.01333,12.689,0.4946,0.3445,0.3291,-1.135,-0.4668,-0.4754,0.007592,1.214,2.19,0.5647,0.7052,0.001137,98.205,4.248,4.285,0.0006483,5.561e-05,,5117473,851,37,29,23,119,-0.9863861436902606,0.15250597424624424,0.026312951959406677,0.26331930870865994,0.46548401765775177,0.018781601260065672,0.24197606485947676
54,beaches_00279_LD.png,1400,1.333,18.467,0.2206,10.876,69.192,0.0,245.985,245.985,245.985,96.465,-0.002368,0.004489,0.0,0.0,0.9646,47.09,47.09,47.09,18.467,0.0004533,0.0008593,-0.0,0.0,0.1847,0.268,31.514,-0.155,-0.02833,36.531,0.3277,0.3694,0.3201,-1.155,-0.4768,-0.4863,0.002984,1.479,2.541,0.3938,0.7537,0.001241,87.955,4.19,4.391,0.000832,3.823e-05,,5547396,1013,38,38,35,117,-0.737980472204168,0.0,0.010580824978866551,0.16379122049981468,0.37181172937639917,0.13388905529229866,-0.025818116991940754
55,forests_00719_LD.png,1400,1.333,16.303,0.1808,9.182,68.16,0.0,248.032,248.032,248.032,97.267,-0.002388,0.004526,0.0,0.0,0.9727,41.574,41.574,41.574,16.303,0.0004002,0.0007587,-0.0,0.0,0.163,0.08605,19.607,0.03,0.09333,18.636,0.4425,0.4336,0.4003,-1.242,-0.4861,-0.5054,0.003751,1.337,2.363,0.6168,0.836,0.001004,97.824,4.217,4.463,0.0005418,2.457e-05,,5366215,932,22,50,33,115,-0.7621911187844497,-0.5084880591093566,0.014352647114471309,0.22161978692550868,0.4281510535728652,-0.17895341866770131,-0.4274097605195702
56,beaches_00375_LD.png,1400,1.333,11.379,0.1008,3.899,35.766,0.0,251.654,251.654,251.654,98.688,-0.002423,0.004592,0.0,0.0,0.9869,29.017,29.017,29.017,11.379,0.0002794,0.0005295,-0.0,0.0,0.1138,0.07299,13.361,0.02125,-0.06333,27.31,0.5036,0.3968,0.3645,-1.034,-0.4527,-0.4163,0.01133,1.379,2.433,0.2665,0.08957,0.002042,77.127,2.832,3.32,0.001208,2.112e-05,,5526193,1042,35,40,22,129,-1.0550756478933867,-0.08365173390712909,0.008435183268616345,0.139199638103781,0.3515343661169718,-0.17345748106474712,0.08857187216957985
57,highways_00394_LD.png,1400,1.333,19.208,0.2348,11.143,72.491,0.0,245.216,245.216,245.216,96.163,-0.002361,0.004475,0.0,0.0,0.9616,48.98,48.98,48.98,19.208,0.0004715,0.0008938,-0.0,0.0,0.1921,0.329,20.833,0.0625,-0.08333,25.92,0.4657,0.3213,0.2958,-1.27,-0.4892,-0.5025,0.003769,1.476,2.636,0.32,0.7198,0.001372,87.592,3.945,4.341,0.0008443,4.048e-05,,5765802,1076,53,23,54,104,-0.40763140566587447,0.5168467276526094,0.01124095007462093,0.17321917244163984,0.3585538278089313,0.701730338359446,0.20616749224403808
58,beaches_00316_LD.png,1400,1.333,13.334,0.1307,5.835,48.23,0.0,250.383,250.383,250.383,98.189,-0.00241,0.004569,0.0,0.0,0.9819,34.001,34.001,34.001,13.334,0.0003273,0.0006205,-0.0,0.0,0.1333,0.05305,8.476,-0.02125,0.03667,19.317,0.4135,0.3617,0.3845,-1.238,-0.4683,-0.482,0.003833,1.229,2.317,0.5424,0.7888,0.0013,93.388,3.386,3.826,0.0008229,3.078e-05,,6210632,1138,44,43,49,115,-0.5279111929999045,0.014406407937473433,0.006865563823414635,0.1665954019105072,0.3787182518708311,0.3138640464464754,-0.13511427069422655
59,city_00619_LD.png,1400,1.333,22.465,0.3003,15.875,104.095,0.0,241.406,241.406,241.406,94.669,-0.002324,0.004405,0.0,0.0,0.9467,57.285,57.285,57.285,22.465,0.0005515,0.001045,-0.0,0.0,0.2246,0.3327,35.46,-0.015,0.1767,27.304,0.4964,0.3118,0.3062,-1.011,-0.4648,-0.3938,0.007554,1.527,2.644,0.4211,0.8595,0.001187,93.245,3.918,4.367,0.0005517,2.876e-05,,5392388,1012,40,33,31,117,-0.8082982339973791,0.12047158314200528,0.02785035434133124,0.18588842491232335,0.5028248668875521,0.14585563618912678,0.1131595463572016
60,offices_00613_LD.png,1400,1.333,18.437,0.22,10.273,86.309,0.0,246.016,246.016,246.016,96.477,-0.002368,0.004489,0.0,0.0,0.9648,47.014,47.014,47.014,18.437,0.0004526,0.0008579,-0.0,0.0,0.1844,0.1739,19.883,0.07375,0.06667,19.899,0.3803,0.4252,0.3586,-1.158,-0.4872,-0.4369,0.005669,1.403,2.474,0.6166,0.8408,0.001321,96.366,3.332,3.87,0.0006232,3.465e-05,,5708568,1031,47,31,18,135,-1.1868314327558185,0.2599896012310702,0.030717181805830995,0.16883148278906263,0.5323657219530494,-0.08307957087683449,0.4453362025199461
61,forests_00170_LD.png,1400,1.333,15.218,0.1619,8.151,62.874,0.0,248.951,248.951,248.951,97.628,-0.002397,0.004543,0.0,0.0,0.9763,38.807,38.807,38.807,15.218,0.0003736,0.0007082,-0.0,0.0,0.1522,0.05304,44.537,-0.02125,-0.2217,15.197,0.6055,0.2016,0.193,-1.144,-0.4703,-0.4604,0.006291,1.441,2.405,0.4264,0.8471,0.001186,89.26,3.909,4.292,0.0007983,2.3e-05,,5807066,1098,29,53,14,140,-1.3351777361189372,-0.3754617702355184,0.018542140571234617,0.31358006341849487,0.5052779541199095,-0.5705406035559859,0.011531162392879157
62,mountains_00718_LD.png,1400,1.333,9.204,0.07098,3.24,27.158,0.0,252.821,252.821,252.821,99.146,-0.002434,0.004614,0.0,0.0,0.9915,23.469,23.469,23.469,9.204,0.0002259,0.0004283,-0.0,0.0,0.09204,0.01731,58.948,0.02875,-0.2933,26.003,0.4999,0.1455,0.1453,-1.113,-0.48,-0.4937,0.007161,1.302,2.292,0.1124,0.0915,0.001656,79.423,4.207,4.293,0.001209,3.711e-05,,4988045,852,42,21,36,104,-0.6521789863427861,0.43072729929545744,0.012790037816764075,0.22957714924871833,0.3349623012960905,0.4522487067843856,0.2767294555255335
63,beaches_00253_LD.png,1400,1.333,16.333,0.1813,8.41,65.764,0.0,248.006,248.006,248.006,97.257,-0.002388,0.004526,0.0,0.0,0.9726,41.649,41.649,41.649,16.333,0.000401,0.00076,-0.0,0.0,0.1633,0.1164,14.24,0.02,0.06833,17.116,0.4706,0.3573,0.3123,-1.208,-0.4841,-0.4884,0.002208,1.36,2.373,0.5755,0.809,0.001216,92.554,3.484,4.096,0.0006589,2.897e-05,,5921351,1065,47,35,15,142,-1.3073826036571807,0.18445243709474293,0.011219438685093055,0.2390283241501965,0.3874940101080162,-0.22513037492668841,0.4530832690769012
64,offices_00656_LD.png,1400,1.333,23.664,0.3256,17.212,112.039,0.0,239.816,239.816,239.816,94.045,-0.002309,0.004376,0.0,0.0,0.9405,60.344,60.344,60.344,23.664,0.0005809,0.001101,-0.0,0.0,0.2366,0.4801,22.035,-0.00625,0.11,19.666,0.5448,0.4041,0.3822,-1.124,-0.4358,-0.3967,0.005258,1.558,2.698,0.5708,0.8558,0.001314,96.61,3.572,4.138,0.000509,2.709e-05,,5202554,946,42,29,19,122,-1.1042065566761332,0.231532154296155,0.029932868239472676,0.20359411435430672,0.4784838210759215,-0.03195802737804354,0.37446107131344974
65,forests_00642_LD.png,1400,1.333,18.661,0.2243,11.0,93.086,0.0,245.787,245.787,245.787,96.387,-0.002366,0.004485,0.0,0.0,0.9639,47.586,47.586,47.586,18.661,0.0004581,0.0008684,-0.0,0.0,0.1866,0.2257,8.5,0.0375,-0.02,11.763,0.486,0.4907,0.4616,-1.173,-0.4558,-0.4337,0.007813,1.388,2.411,0.682,0.8292,0.001285,98.379,2.985,3.76,0.0003944,2.142e-05,,5666404,970,33,43,46,107,-0.5225216312107968,-0.16566441386855307,0.01098784033179965,0.2276160745095518,0.39361589716535905,0.21448819775140782,-0.28537733647657837
66,city_00621_LD.png,1400,1.333,24.255,0.3383,18.282,125.352,0.0,238.994,238.994,238.994,93.723,-0.002301,0.004361,0.0,0.0,0.9372,61.849,61.849,61.849,24.255,0.0005954,0.001129,-0.0,0.0,0.2425,0.5364,20.347,-0.00375,0.1017,18.344,0.5258,0.4359,0.4063,-1.081,-0.4445,-0.4161,0.004108,1.562,2.704,0.6471,0.8761,0.001107,96.97,3.716,4.197,0.0004149,2.126e-05,,5145400,904,34,32,3,139,-2.031014525566918,0.037988351230282213,0.026828171407250506,0.2348708015446106,0.45299606295477224,-0.9009062306928197,0.7504414363070028
67,city_00496_LD.png,1400,1.333,24.06,0.3341,18.701,122.387,0.0,239.268,239.268,239.268,93.831,-0.002303,0.004366,0.0,0.0,0.9383,61.353,61.353,61.353,24.06,0.0005907,0.00112,-0.0,0.0,0.2406,0.5386,9.435,0.0275,0.03833,19.733,0.5167,0.4853,0.4858,-1.092,-0.4618,-0.3767,0.006803,1.581,2.748,0.6038,0.8408,0.001269,98.158,3.353,4.079,0.000377,2.175e-05,,5088611,958,45,26,22,116,-0.9968432944381665,0.3419422325702016,0.03030827246333034,0.2250952350288828,0.49266775142991703,0.11941371700417369,0.40281332811152915
68,offices_00627_LD.png,1400,1.333,24.121,0.3355,19.944,130.94,0.0,239.182,239.182,239.182,93.797,-0.002303,0.004365,0.0,0.0,0.938,61.509,61.509,61.509,24.121,0.0005922,0.001122,-0.0,0.0,0.2412,0.4895,4.738,-0.015,0.01833,13.6,0.5401,0.5114,0.4939,-1.037,-0.4293,-0.4013,0.005415,1.581,2.679,0.7248,0.8806,0.001057,99.295,4.131,4.446,0.0002734,1.843e-05,,5528460,1088,49,25,77,74,0.02490285456093139,0.4183712879116543,0.014234350413203853,0.1573677412798465,0.39474806175041394,0.9984502047455031,-0.12359093356789641
69,forests_20081106_00011_LD.png,1400,1.333,19.559,0.2416,13.385,101.851,0.0,244.84,244.84,244.84,96.016,-0.002357,0.004468,0.0,0.0,0.9602,49.875,49.875,49.875,19.559,0.0004802,0.0009101,-0.0,0.0,0.1956,0.2079,19.536,-0.03375,0.09167,18.575,0.5585,0.5551,0.5288,-1.072,-0.4604,-0.4582,0.005996,1.438,2.445,0.6467,0.8637,0.0009697,97.339,3.949,4.402,0.0002533,1.108e-05,,5569485,948,28,44,64,89,-0.20624273556983216,-0.28221614706250814,0.020386142841720415,0.23032571610442015,0.38240254783754507,0.40578431177265156,-0.5629065116974088
70,offices_00644_LD.png,1400,1.333,15.485,0.1664,8.27,58.983,0.0,248.732,248.732,248.732,97.542,-0.002395,0.004539,0.0,0.0,0.9754,39.486,39.486,39.486,15.485,0.0003801,0.0007206,-0.0,0.0,0.1548,0.1384,17.72,0.025,-0.085,26.826,0.418,0.285,0.3103,-1.188,-0.4737,-0.459,0.005603,1.387,2.524,0.4272,0.746,0.001222,94.547,4.207,4.363,0.0008476,3.66e-05,,5947894,1136,45,36,42,118,-0.6356570136975827,0.13971029888186212,0.010580824978866551,0.22866219268664417,0.47748890674605604,0.2980287953965957,0.02938336390216134
71,offices_00639_LD.png,1400,1.333,23.546,0.3231,18.561,133.6,0.0,239.977,239.977,239.977,94.109,-0.00231,0.004379,0.0,0.0,0.9411,60.043,60.043,60.043,23.546,0.000578,0.001096,-0.0,0.0,0.2355,0.3848,6.82,0.02875,-0.01833,9.511,0.5847,0.5583,0.5563,-1.146,-0.4511,-0.4561,0.004284,1.59,2.572,0.74,0.8786,0.001029,99.408,4.069,4.432,0.0002045,8.753e-06,,5710813,991,51,29,58,94,-0.30133652085957613,0.3517843449351561,0.022185336113520363,0.23145310110044473,0.40757667386024954,0.6934658327219887,0.010014769420938596
72,mountains_00614_LD.png,1400,1.333,15.122,0.1602,8.089,67.962,0.0,249.029,249.029,249.029,97.659,-0.002397,0.004544,0.0,0.0,0.9766,38.56,38.56,38.56,15.122,0.0003712,0.0007037,-0.0,0.0,0.1512,0.07574,12.597,0.02375,-0.05833,13.453,0.5298,0.3556,0.3462,-1.156,-0.4661,-0.4961,0.005425,1.307,2.316,0.5475,0.7757,0.001154,96.529,4.314,4.478,0.0005465,3.525e-05,,5239309,937,31,35,50,95,-0.3993230673495512,-0.0760316231203884,0.009323912673422292,0.2657541154592556,0.40574719403305276,0.3668262339008023,-0.2831309934654951
73,beaches_00369_LD.png,1400,1.333,15.748,0.171,7.871,56.229,0.0,248.511,248.511,248.511,97.455,-0.002392,0.004535,0.0,0.0,0.9746,40.158,40.158,40.158,15.748,0.0003866,0.0007328,-0.0,0.0,0.1575,0.1712,15.613,-0.075,0.02167,25.597,0.4161,0.4055,0.3656,-1.137,-0.4759,-0.4627,0.003946,1.418,2.531,0.4406,0.7188,0.001573,88.54,3.845,4.323,0.0009948,4.159e-05,,5680827,932,23,51,10,147,-1.524481258598941,-0.4935533950895455,0.012241942498597554,0.17321917244163984,0.4812114560618158,-0.7933024125287418,0.02412607990697735
74,forests_00380_LD.png,1400,1.333,22.884,0.3091,17.942,126.176,0.0,240.863,240.863,240.863,94.456,-0.002319,0.004395,0.0,0.0,0.9446,58.353,58.353,58.353,22.884,0.0005618,0.001065,-0.0,0.0,0.2288,0.3339,14.318,0.065,-0.03,12.357,0.5814,0.5325,0.5096,-1.155,-0.4591,-0.4512,0.004897,1.552,2.52,0.64,0.8494,0.001088,98.687,4.039,4.362,0.0002346,1.134e-05,,5365892,936,32,43,28,115,-0.856704181874433,-0.1848670276194425,0.02883816653852211,0.23958729142411575,0.41420627266173393,-0.06967844089192177,-0.10847047107822522
75,city_00292_LD.png,1400,1.333,21.888,0.2883,15.334,118.248,0.0,242.135,242.135,242.135,94.955,-0.002331,0.004419,0.0,0.0,0.9495,55.813,55.813,55.813,21.888,0.0005373,0.001019,-0.0,0.0,0.2189,0.394,7.864,0.03875,0.006667,14.238,0.4684,0.4841,0.488,-1.109,-0.4947,-0.4915,0.006288,1.499,2.525,0.6686,0.8736,0.001118,97.7,3.984,4.401,0.0003865,2.383e-05,,5222296,954,42,25,12,132,-1.3829941271006383,0.323563326472241,0.01984348681070791,0.20300010203338534,0.515145676153813,-0.20674754604178347,0.610344242058208
76,mountains_00499_LD.png,1400,1.333,14.512,0.1499,7.674,58.741,0.0,249.512,249.512,249.512,97.848,-0.002402,0.004553,0.0,0.0,0.9785,37.005,37.005,37.005,14.512,0.0003563,0.0006753,-0.0,0.0,0.1451,0.06749,43.495,-0.01875,-0.2167,17.877,0.5715,0.229,0.2225,-1.042,-0.4631,-0.4455,0.00794,1.45,2.466,0.4378,0.7585,0.001263,86.754,4.218,4.427,0.0009082,4.51e-05,,5117847,934,25,44,29,112,-0.8215245999467291,-0.3522674707376132,0.018169776161738947,0.15555048853299572,0.35468095179370474,-0.13740706076618947,-0.2655479850345357
77,beaches_00306_LD.png,1400,1.333,16.108,0.1773,8.795,62.172,0.0,248.202,248.202,248.202,97.334,-0.002389,0.004529,0.0,0.0,0.9733,41.076,41.076,41.076,16.108,0.0003954,0.0007496,-0.0,0.0,0.1611,0.1033,45.174,-0.03375,-0.2233,17.618,0.5217,0.1706,0.1449,-0.9874,-0.4477,-0.402,0.007643,1.502,2.533,0.3434,0.7682,0.001517,87.281,3.869,4.25,0.0009121,2.977e-05,,5511793,932,36,38,40,112,-0.6336400007797011,-0.033879835403491765,0.017952122764651038,0.23672242844971078,0.36929464017690716,0.19963186040786818,-0.1136398728362869
78,beaches_00265_LD.png,1400,1.333,16.646,0.1869,9.656,73.22,0.0,247.727,247.727,247.727,97.148,-0.002385,0.004521,0.0,0.0,0.9715,42.448,42.448,42.448,16.646,0.0004087,0.0007746,-0.0,0.0,0.1665,0.09794,27.4,0.135,0.02333,19.116,0.3383,0.409,0.2637,-1.099,-0.4758,-0.459,0.0056,1.415,2.447,0.555,0.8453,0.001147,95.647,4.18,4.494,0.0006918,3.217e-05,,5799610,1017,31,50,18,139,-1.2021656291529517,-0.298355172793881,0.010539440451677953,0.20836796312967865,0.4345408435025307,-0.41740200131154914,-0.0021149532147833328
79,offices_00660_LD.png,1400,1.333,21.188,0.274,14.573,102.819,0.0,242.986,242.986,242.986,95.289,-0.002339,0.004434,0.0,0.0,0.9529,54.03,54.03,54.03,21.188,0.0005202,0.000986,-0.0,0.0,0.2119,0.2821,5.483,0.01125,-0.025,13.584,0.4701,0.4,0.3779,-1.35,-0.4807,-0.5286,0.003176,1.488,2.563,0.6531,0.86,0.001077,98.216,4.166,4.437,0.0004992,2.674e-05,,5791783,1069,53,27,82,73,0.0728374316883035,0.419295753041396,0.012201567217009705,0.1519858039547642,0.4203130942429937,1.0381559429565692,-0.15046159923271346
80,forests_00125_LD.png,1400,1.333,16.549,0.1852,9.753,81.144,0.0,247.814,247.814,247.814,97.182,-0.002386,0.004522,0.0,0.0,0.9718,42.2,42.2,42.2,16.549,0.0004063,0.0007701,-0.0,0.0,0.1655,0.09484,1.357,-0.00125,0.006667,10.536,0.5362,0.5407,0.5257,-1.157,-0.4912,-0.5048,0.005345,1.392,2.296,0.7924,0.8815,0.000888,99.671,4.432,4.552,0.000301,1.525e-05,,5553326,930,33,41,20,133,-1.1229990251034487,-0.1359106806464805,0.02578012795890236,0.45156895460149116,0.5349204235125328,-0.25908402454754453,0.085011291161465
81,highways_00353_LD.png,1400,1.333,15.342,0.164,6.873,54.183,0.0,248.85,248.85,248.85,97.588,-0.002396,0.004541,0.0,0.0,0.9759,39.122,39.122,39.122,15.342,0.0003766,0.0007139,-0.0,0.0,0.1534,0.2466,49.649,-0.08,-0.235,22.716,0.5374,0.18,0.1394,-1.098,-0.5033,-0.4415,0.007334,1.464,2.601,0.3479,0.6922,0.001575,83.047,3.555,4.148,0.001077,2.587e-05,,5531700,1065,56,23,11,135,-1.43711636656545,0.5500596208882707,0.014616237817171253,0.1863768533374738,0.31896027707693286,-0.12044044808944654,0.826633106847695
82,mountains_00301_LD.png,1400,1.333,11.606,0.1042,4.648,40.226,0.0,251.518,251.518,251.518,98.634,-0.002421,0.00459,0.0,0.0,0.9863,29.595,29.595,29.595,11.606,0.0002849,0.0005401,-0.0,0.0,0.1161,0.04257,21.68,0.00375,-0.1083,17.447,0.4822,0.286,0.2849,-1.071,-0.4685,-0.4707,0.007701,1.353,2.337,0.3813,0.7188,0.001538,83.722,3.552,3.945,0.001128,2.703e-05,,5413419,970,34,41,53,94,-0.3570045020662425,-0.11724404253797363,0.016013654043079393,0.19441430328456732,0.31980203404113233,0.3776577053964064,-0.3411999499493904
83,highways_00402_LD.png,1400,1.333,14.22,0.1451,6.77,51.492,0.0,249.735,249.735,249.735,97.935,-0.002404,0.004557,0.0,0.0,0.9794,36.26,36.26,36.26,14.22,0.0003491,0.0006617,-0.0,0.0,0.1422,0.08623,25.344,-0.00375,-0.1267,12.65,0.3965,0.3977,0.3055,-1.249,-0.4853,-0.4944,0.001869,1.387,2.426,0.4857,0.713,0.001322,92.289,3.866,4.215,0.00095,4.134e-05,,5641737,894,39,37,32,123,-0.8187952774380934,0.032987932937402896,0.008510759876639311,0.2024551422618545,0.40329924173666737,0.08685778888164208,0.047716204547662344
84,beaches_00178_LD.png,1400,1.333,12.194,0.113,4.985,43.496,0.0,251.15,251.15,251.15,98.49,-0.002418,0.004583,0.0,0.0,0.9849,31.095,31.095,31.095,12.194,0.0002994,0.0005674,-0.0,0.0,0.1219,0.08161,15.151,-0.04625,0.06,18.777,0.3484,0.2803,0.3246,-1.152,-0.4759,-0.4678,0.004614,1.266,2.287,0.5137,0.7242,0.001303,92.344,3.879,4.321,0.0009776,4.667e-05,,6172851,1121,33,53,26,137,-0.996477065686375,-0.29572269945216134,0.010426640620801305,0.16855649410051726,0.3980529730575085,-0.24779268102716168,-0.11850822419514073
85,highways_00199_LD.png,1400,1.333,18.141,0.2144,10.358,77.031,0.0,246.312,246.312,246.312,96.593,-0.002371,0.004495,0.0,0.0,0.9659,46.258,46.258,46.258,18.141,0.0004453,0.0008442,-0.0,0.0,0.1814,0.222,13.73,-0.04875,-0.04833,21.892,0.4326,0.405,0.371,-1.23,-0.4822,-0.4561,0.005102,1.423,2.498,0.472,0.8028,0.001157,92.115,4.034,4.396,0.0006894,3.55e-05,,5574896,1042,44,33,23,127,-1.022241387477896,0.18001236979270496,0.015575258368618656,0.19197103827983106,0.39937624615357464,0.005332866315167939,0.2851192199528517
86,offices_20081106_00087_LD.png,1400,1.333,25.186,0.3587,20.237,133.035,0.0,237.643,237.643,237.643,93.193,-0.002288,0.004337,0.0,0.0,0.9319,64.224,64.224,64.224,25.186,0.0006183,0.001172,-0.0,0.0,0.2519,0.599,16.867,-0.03125,0.07833,20.824,0.506,0.484,0.4918,-1.221,-0.4661,-0.499,0.002035,1.597,2.663,0.627,0.8859,0.001052,97.268,3.93,4.344,0.0003426,2.345e-05,,5836175,1013,43,37,33,123,-0.80109452928195,0.0941374143235364,0.024969940391926623,0.20259720168291856,0.39219242907115154,0.1365654424838325,0.08748710763578627
87,highways_00187_LD.png,1400,1.333,17.269,0.1982,9.89,65.563,0.0,247.154,247.154,247.154,96.923,-0.002379,0.00451,0.0,0.0,0.9692,44.036,44.036,44.036,17.269,0.0004239,0.0008036,-0.0,0.0,0.1727,0.2396,16.07,0.0075,-0.08,19.76,0.5055,0.3669,0.3648,-1.152,-0.4647,-0.4427,0.001938,1.517,2.575,0.4717,0.7993,0.001318,88.086,4.243,4.335,0.0008919,2.857e-05,,5498702,1036,47,31,33,113,-0.7519937879873284,0.2599896012310702,0.013121881894850525,0.19622097653683546,0.4477622559891483,0.27227704973799205,0.1947260481107166
88,city_00514_LD.png,1400,1.333,24.434,0.3422,18.986,132.362,0.0,238.738,238.738,238.738,93.623,-0.002298,0.004357,0.0,0.0,0.9362,62.308,62.308,62.308,24.434,0.0005998,0.001137,-0.0,0.0,0.2443,0.6224,20.632,-0.0175,-0.1017,11.799,0.5633,0.4988,0.4702,-0.9613,-0.4569,-0.384,0.009075,1.575,2.739,0.6467,0.8874,0.00107,97.52,3.835,4.346,0.0003559,1.704e-05,,4849653,875,41,24,21,112,-1.003147967662534,0.33389136170123906,0.03432014434066828,0.2870234694037394,0.4677796666574431,0.10962147060159178,0.3998675961811108
89,mountains_00262_LD.png,1400,1.333,11.336,0.1002,4.811,41.311,0.0,251.68,251.68,251.68,98.698,-0.002423,0.004593,0.0,0.0,0.987,28.908,28.908,28.908,11.336,0.0002783,0.0005275,-0.0,0.0,0.1134,0.03203,19.214,0.02875,-0.09167,18.492,0.3785,0.356,0.3346,-1.11,-0.4807,-0.4912,0.006716,1.247,2.215,0.5318,0.6903,0.001225,93.863,4.391,4.492,0.0008693,4.596e-05,,4942444,919,29,35,42,93,-0.4927033330600414,-0.1177698745790953,0.01706120467739652,0.16678627366869575,0.3879273284069028,0.2664592904613306,-0.26342230696410984
90,mountains_20081106_00049_LD.png,1400,1.333,11.773,0.1066,5.119,41.488,0.0,251.415,251.415,251.415,98.594,-0.00242,0.004588,0.0,0.0,0.9859,30.022,30.022,30.022,11.773,0.000289,0.0005479,-0.0,0.0,0.1177,0.02177,41.062,-0.01125,-0.205,16.779,0.4676,0.1794,0.1938,-1.153,-0.4668,-0.4786,0.005992,1.342,2.296,0.357,0.6989,0.001342,87.918,4.0,4.277,0.000996,4.394e-05,,5465856,981,47,26,57,92,-0.29878948929636195,0.3687302925950995,0.011655154374743862,0.20909762622631978,0.2700541075193441,0.7053137744780782,0.02239535050673014
91,city_00234_LD.png,1400,1.333,28.572,0.4354,25.352,147.261,0.0,232.131,232.131,232.131,91.032,-0.002235,0.004236,0.0,0.0,0.9103,72.86,72.86,72.86,28.572,0.0007014,0.00133,-0.0,0.0,0.2857,1.167,13.141,-0.04625,0.04667,17.516,0.5783,0.4949,0.4812,-1.16,-0.445,-0.4548,0.004313,1.673,2.829,0.6224,0.8724,0.001167,97.15,3.832,4.308,0.0003595,2.709e-05,,4790549,838,19,36,17,122,-1.163555198056958,-0.39762166127650656,0.03132962956808474,0.2640381813502463,0.4749470299106946,-0.4430592042372037,-0.10548955871885035
92,highways_00410_LD.png,1400,1.333,16.323,0.1812,8.677,64.913,0.0,248.014,248.014,248.014,97.26,-0.002388,0.004526,0.0,0.0,0.9726,41.625,41.625,41.625,16.323,0.0004007,0.0007596,-0.0,0.0,0.1632,0.1282,29.813,-0.09875,-0.1117,21.174,0.3704,0.3902,0.3103,-1.161,-0.4616,-0.4273,0.004548,1.379,2.448,0.507,0.8389,0.001261,93.234,4.091,4.45,0.0007372,3.245e-05,,5409389,1023,53,19,18,131,-1.1709702432965772,0.631401894239761,0.01113500090692963,0.18080708908683227,0.5867055624695703,0.14393865528920602,0.7397192756023842
93,city_00349_LD.png,1400,1.333,18.108,0.2138,10.373,76.063,0.0,246.345,246.345,246.345,96.606,-0.002372,0.004495,0.0,0.0,0.9661,46.175,46.175,46.175,18.108,0.0004445,0.0008426,-0.0,0.0,0.1811,0.2175,15.133,0.01,-0.075,19.394,0.4525,0.3978,0.3823,-1.112,-0.4824,-0.4689,0.004214,1.462,2.522,0.5292,0.8564,0.001235,92.732,4.012,4.382,0.0008135,3.909e-05,,5474182,979,36,29,35,123,-0.7670732342607924,0.13538473551751684,0.011222113416855743,0.14008056137120273,0.3473757602306989,0.18814030089561795,0.10158760409514256
94,beaches_00117_LD.png,1400,1.333,15.143,0.1606,7.186,61.75,0.0,249.012,249.012,249.012,97.652,-0.002397,0.004544,0.0,0.0,0.9765,38.614,38.614,38.614,15.143,0.0003717,0.0007046,-0.0,0.0,0.1514,0.1116,9.244,0.02,-0.04167,16.621,0.4671,0.4488,0.4139,-1.161,-0.4475,-0.4337,0.005623,1.266,2.321,0.6096,0.7923,0.001346,95.765,2.861,3.315,0.0006835,2.383e-05,,5557535,1059,52,23,54,98,-0.37114932320228394,0.5053210885138513,0.019259699004919115,0.19538230323178948,0.3443822268456679,0.7249015321469298,0.17572281328531092
95,offices_00243_LD.png,1400,1.333,21.069,0.2716,14.407,103.087,0.0,243.128,243.128,243.128,95.344,-0.002341,0.004437,0.0,0.0,0.9534,53.725,53.725,53.725,21.069,0.0005172,0.0009804,-0.0,0.0,0.2107,0.2342,1.031,-0.00125,0.005,12.696,0.4067,0.4072,0.419,-1.19,-0.4675,-0.458,0.003812,1.484,2.535,0.69,0.8521,0.001159,99.359,3.783,4.214,0.0005064,3.273e-05,,5995651,1058,38,39,47,120,-0.578577557416278,-0.016277525759246906,0.017877406292802794,0.15223910866052284,0.37103257982456456,0.254774559350345,-0.1309891300913224
96,forests_00349_LD.png,1400,1.333,21.684,0.2841,15.713,115.758,0.0,242.386,242.386,242.386,95.053,-0.002334,0.004423,0.0,0.0,0.9505,55.294,55.294,55.294,21.684,0.0005323,0.001009,-0.0,0.0,0.2168,0.2751,9.311,0.0325,0.03333,14.699,0.5542,0.5313,0.5055,-1.165,-0.4673,-0.4895,0.005585,1.527,2.578,0.7183,0.8734,0.0009861,98.564,4.197,4.488,0.0002722,1.209e-05,,5831207,1026,29,49,32,126,-0.8326125280043497,-0.3271033163475285,0.02034297415546102,0.3805091952951833,0.48481824930776507,-0.13196543444526632,-0.23859310574038137
97,forests_00334_LD.png,1400,1.333,25.03,0.3552,20.11,132.938,0.0,237.874,237.874,237.874,93.284,-0.00229,0.004341,0.0,0.0,0.9328,63.826,63.826,63.826,25.03,0.0006145,0.001165,-0.0,0.0,0.2503,0.4893,14.172,-0.01875,0.06833,18.546,0.5943,0.564,0.5554,-0.9909,-0.4234,-0.3526,0.008233,1.604,2.698,0.6276,0.8366,0.001252,97.983,3.271,3.688,0.0002501,1.711e-05,,5352110,971,50,25,37,106,-0.6472308970170407,0.43072729929545744,0.031182132143436035,0.20073233316272734,0.46082924583104085,0.45629236841867976,0.27387772121762666
98,mountains_00270_LD.png,1400,1.333,13.061,0.1264,6.198,50.59,0.0,250.573,250.573,250.573,98.264,-0.002412,0.004573,0.0,0.0,0.9826,33.306,33.306,33.306,13.061,0.0003206,0.0006078,-0.0,0.0,0.1306,0.04538,32.423,0.0475,-0.155,24.067,0.488,0.2288,0.2273,-1.035,-0.4623,-0.4573,0.009396,1.371,2.433,0.4041,0.7702,0.001298,86.935,4.194,4.418,0.0009755,3.829e-05,,5517542,967,35,44,41,107,-0.5916961814404782,-0.14327126439911458,0.012750125568871751,0.14235976861011562,0.3037361278075833,0.17086344726315417,-0.22720988262584713
99,highways_00222_LD.png,1400,1.333,22.457,0.3001,17.541,108.285,0.0,241.416,241.416,241.416,94.673,-0.002324,0.004406,0.0,0.0,0.9467,57.266,57.266,57.266,22.457,0.0005513,0.001045,-0.0,0.0,0.2246,0.4092,16.981,-0.01625,0.08333,22.519,0.5317,0.3845,0.3787,-1.093,-0.4193,-0.4036,0.00305,1.569,2.691,0.538,0.8246,0.001137,93.835,3.931,4.256,0.0004752,2.517e-05,,5391643,989,29,45,22,124,-1.0335002298446714,-0.2743914878600369,0.03307439222439953,0.28779353712854644,0.4846143646967912,-0.265754806346556,-0.07973842504308787
100,city_00406_LD.png,1400,1.333,24.207,0.3373,19.805,132.704,0.0,239.061,239.061,239.061,93.75,-0.002301,0.004363,0.0,0.0,0.9375,61.728,61.728,61.728,24.207,0.0005943,0.001126,-0.0,0.0,0.2421,0.4841,4.0,0.0,-0.02,10.96,0.5964,0.5739,0.5724,-1.038,-0.4604,-0.4245,0.005171,1.597,2.662,0.7301,0.8854,0.0009836,98.491,4.191,4.488,0.0002719,1.384e-05,,4778269,960,34,31,11,120,-1.3788567306540662,0.0578775648112103,0.03444492172897199,0.26079952283579144,0.49410252383050485,-0.35648917793171275,0.39083687161771674
101,highways_00322_LD.png,1400,1.333,16.052,0.1764,8.157,60.329,0.0,248.251,248.251,248.251,97.353,-0.00239,0.00453,0.0,0.0,0.9735,40.932,40.932,40.932,16.052,0.0003941,0.000747,-0.0,0.0,0.1605,0.1802,8.7,0.0125,-0.04167,22.421,0.4271,0.4496,0.3962,-1.126,-0.4903,-0.4272,0.004138,1.387,2.555,0.4421,0.785,0.001212,87.453,4.203,4.449,0.000923,3.379e-05,,5409659,969,47,29,51,94,-0.3806698065474641,0.30133652085957624,0.008682961435053552,0.2023305539243603,0.39995495574003065,0.5995587256056083,0.014510145381785966
102,highways_00377_LD.png,1400,1.333,24.241,0.338,22.097,127.44,0.0,239.013,239.013,239.013,93.731,-0.002301,0.004362,0.0,0.0,0.9373,61.815,61.815,61.815,24.241,0.0005951,0.001128,-0.0,0.0,0.2424,0.5217,5.483,0.01875,0.02,13.924,0.5726,0.5491,0.563,-1.016,-0.4145,-0.4002,0.006487,1.642,2.701,0.6672,0.8472,0.0009773,97.325,3.487,4.016,0.0002745,1.754e-05,,5672009,1063,58,16,27,129,-0.9420757749957761,0.785036049876892,0.09000773377339763,0.3415237934511442,0.4593678289692719,0.41953909062722144,0.7333528450061256
103,beaches_00396_LD.png,1400,1.333,12.116,0.1118,4.574,42.22,0.0,251.2,251.2,251.2,98.51,-0.002418,0.004584,0.0,0.0,0.9851,30.896,30.896,30.896,12.116,0.0002974,0.0005638,-0.0,0.0,0.1212,0.05847,26.196,0.0525,-0.12,23.661,0.4591,0.2395,0.2324,-1.095,-0.4919,-0.4772,0.00841,1.289,2.315,0.3253,0.6831,0.001748,83.096,3.203,3.859,0.001092,2.609e-05,,5923204,1145,29,48,15,149,-1.33179722751368,-0.31436115805143106,0.01218443488554682,0.15746518629866463,0.4817238685830998,-0.5325638548394203,0.059515318159332975
104,highways_00438_LD.png,1400,1.333,17.323,0.1992,10.68,78.374,0.0,247.104,247.104,247.104,96.903,-0.002379,0.004509,0.0,0.0,0.969,44.173,44.173,44.173,17.323,0.0004253,0.0008061,-0.0,0.0,0.1732,0.1257,16.053,0.0175,0.07833,25.743,0.4794,0.3249,0.3365,-1.3,-0.5089,-0.5502,0.002016,1.39,2.465,0.556,0.7548,0.001141,96.367,4.353,4.39,0.0005533,3.724e-05,,5989732,1054,36,49,15,144,-1.3144962914678757,-0.19287249863176734,0.03057770624713976,0.22529559439259778,0.40951261150385604,-0.4484076316993437,0.14882683400385144
105,city_00430_LD.png,1400,1.333,25.047,0.3556,21.622,127.154,0.0,237.849,237.849,237.849,93.274,-0.00229,0.00434,0.0,0.0,0.9327,63.87,63.87,63.87,25.047,0.0006149,0.001166,-0.0,0.0,0.2505,0.5124,13.793,-0.0475,-0.05,13.185,0.4926,0.5085,0.4584,-1.132,-0.4496,-0.4183,0.00343,1.651,2.727,0.6852,0.8692,0.0009809,98.704,4.319,4.524,0.0003759,1.866e-05,,4692824,820,35,20,24,112,-0.9288994916472707,0.3487556955170447,0.021684729954033404,0.22531846610206857,0.4942914374521742,0.17886533869260068,0.3692233252292383
106,forests_00373_LD.png,1400,1.333,20.863,0.2674,14.852,101.088,0.0,243.37,243.37,243.37,95.439,-0.002343,0.004441,0.0,0.0,0.9544,53.202,53.202,53.202,20.863,0.0005122,0.0009709,-0.0,0.0,0.2086,0.2963,14.701,0.005,0.07333,19.925,0.505,0.4992,0.4784,-1.223,-0.4733,-0.4561,0.002352,1.483,2.504,0.6513,0.8655,0.001041,97.147,4.165,4.475,0.0003463,1.799e-05,,5444084,998,28,47,39,107,-0.6215366693079647,-0.3230377319818257,0.018701436613740945,0.19985900180338093,0.3650400934679279,0.04287241936071973,-0.35692007636486583
107,city_00210_LD.png,1400,1.333,20.988,0.27,14.192,85.718,0.0,243.223,243.223,243.223,95.382,-0.002342,0.004439,0.0,0.0,0.9538,53.52,53.52,53.52,20.988,0.0005152,0.0009767,-0.0,0.0,0.2099,0.3201,16.402,0.0725,-0.03833,22.245,0.492,0.4057,0.4046,-1.186,-0.4775,-0.4483,0.003109,1.556,2.618,0.5558,0.8346,0.001146,93.802,4.274,4.49,0.0006634,3.027e-05,,4749549,838,15,46,21,113,-1.008045049476544,-0.6874435234498772,0.021376166857992342,0.21189674443634976,0.4562950086343084,-0.4830068512925585,-0.43196207456035807
108,city_00310_LD.png,1400,1.333,18.009,0.2119,10.184,86.192,0.0,246.443,246.443,246.443,96.644,-0.002373,0.004497,0.0,0.0,0.9664,45.923,45.923,45.923,18.009,0.0004421,0.000838,-0.0,0.0,0.1801,0.2125,7.826,-0.0175,-0.035,11.473,0.4507,0.3404,0.3281,-1.11,-0.5021,-0.4803,0.006528,1.393,2.389,0.5962,0.8374,0.001218,98.248,3.681,4.171,0.0005671,3.388e-05,,5563498,1054,28,41,22,135,-1.079747182229006,-0.23836991039706376,0.013870622260729628,0.17451543302118214,0.4360469732834708,-0.2827882617340618,-0.023647462800301167
109,highways_00318_LD.png,1400,1.333,13.734,0.1371,6.08,43.723,0.0,250.096,250.096,250.096,98.077,-0.002408,0.004564,0.0,0.0,0.9808,35.023,35.023,35.023,13.734,0.0003372,0.0006391,-0.0,0.0,0.1373,0.119,13.928,-0.065,0.025,23.444,0.4677,0.435,0.4063,-1.228,-0.4715,-0.4878,0.003332,1.366,2.469,0.4551,0.6644,0.001465,84.496,3.832,4.147,0.001085,3.631e-05,,5883456,956,46,40,27,127,-0.933330502902325,0.0875522464861795,0.007061947302045755,0.13396345217395683,0.39878083414558346,0.024704753274471747,0.1583172097420339
110,highways_00549_LD.png,1400,1.333,23.539,0.323,18.554,128.748,0.0,239.987,239.987,239.987,94.112,-0.00231,0.004379,0.0,0.0,0.9411,60.025,60.025,60.025,23.539,0.0005779,0.001095,-0.0,0.0,0.2354,0.443,7.353,0.02125,-0.03,12.307,0.5662,0.5028,0.5183,-1.05,-0.4516,-0.4323,0.00509,1.589,2.648,0.739,0.8826,0.001008,97.589,4.039,4.44,0.0002848,2.107e-05,,5342290,952,44,27,26,120,-0.9226984313380577,0.3047410526908449,0.03411557262979658,0.2702393064612978,0.43903066322303574,0.15856597246838633,0.3296799608937183
111,offices_00455_LD.png,1400,1.333,20.851,0.2672,14.738,88.596,0.0,243.385,243.385,243.385,95.445,-0.002343,0.004441,0.0,0.0,0.9544,53.169,53.169,53.169,20.851,0.0005119,0.0009703,-0.0,0.0,0.2085,0.3207,3.333,0.0,-0.01667,24.44,0.3957,0.3578,0.3863,-1.195,-0.4569,-0.4711,0.002241,1.548,2.706,0.5202,0.8321,0.001166,96.231,4.236,4.48,0.0007103,3.275e-05,,5417851,970,34,40,33,113,-0.7519937879873284,-0.1017955990947049,0.017451317181040493,0.1628726769574313,0.4153312016491511,0.06376923996708739,-0.10093088896213726
112,offices_00304_LD.png,1400,1.333,25.931,0.3752,20.409,142.908,0.0,236.512,236.512,236.512,92.75,-0.002277,0.004316,0.0,0.0,0.9275,66.125,66.125,66.125,25.931,0.0006366,0.001207,-0.0,0.0,0.2593,0.7851,5.417,-0.02625,0.006667,13.138,0.5706,0.5671,0.5327,-1.122,-0.4846,-0.4289,0.003823,1.591,2.685,0.6987,0.8809,0.001217,98.125,3.523,4.074,0.0002873,1.827e-05,,5882936,1094,40,40,35,124,-0.7717684648961833,0.0,0.020449195447228702,0.19751265863933645,0.4549607373880969,0.10627694064480642,-0.006345069596901898
113,mountains_00405_LD.png,1400,1.333,16.091,0.177,9.275,71.003,0.0,248.218,248.218,248.218,97.34,-0.00239,0.00453,0.0,0.0,0.9734,41.031,41.031,41.031,16.091,0.000395,0.0007488,-0.0,0.0,0.1609,0.09183,28.338,-0.0025,-0.1417,11.727,0.4946,0.3058,0.3067,-1.104,-0.4573,-0.4467,0.005312,1.41,2.461,0.5792,0.8169,0.001087,95.118,4.394,4.531,0.0006574,3.047e-05,,5348095,987,15,53,20,129,-1.1066243481171738,-0.7702080818754757,0.009323912673422292,0.18332017986986596,0.3558662431672574,-0.6112672396585621,-0.44278441386684286
114,highways_00206_LD.png,1400,1.333,17.292,0.1987,8.833,62.033,0.0,247.132,247.132,247.132,96.915,-0.002379,0.00451,0.0,0.0,0.9691,44.095,44.095,44.095,17.292,0.0004245,0.0008047,-0.0,0.0,0.1729,0.2729,18.868,0.08,-0.05,26.589,0.44,0.4044,0.3803,-1.251,-0.4955,-0.546,0.002128,1.411,2.51,0.399,0.7285,0.001261,86.523,3.939,4.263,0.0008902,4.188e-05,,5746905,1021,44,37,24,129,-1.0074356012873078,0.10852374379826928,0.01654896779864715,0.2024551422618545,0.39937624615357464,-0.02376866526789767,0.21816449039015728
115,offices_00379_LD.png,1400,1.333,23.643,0.3252,17.689,125.527,0.0,239.845,239.845,239.845,94.057,-0.002309,0.004377,0.0,0.0,0.9406,60.29,60.29,60.29,23.643,0.0005804,0.0011,-0.0,0.0,0.2364,0.445,10.848,-0.04625,-0.02833,19.252,0.4876,0.4315,0.4256,-1.154,-0.4545,-0.4953,0.003274,1.569,2.677,0.6397,0.8714,0.001204,98.005,3.732,4.193,0.0004084,2.27e-05,,5689239,990,34,45,38,114,-0.6744897501960817,-0.17540744162137925,0.02251677193745784,0.18679583439994907,0.3792043706889609,0.08468209753806655,-0.20575565522629274
116,beaches_20081106_00047_LD.png,1400,1.333,16.496,0.1842,8.489,72.442,0.0,247.861,247.861,247.861,97.2,-0.002386,0.004523,0.0,0.0,0.972,42.065,42.065,42.065,16.496,0.000405,0.0007676,-0.0,0.0,0.165,0.1287,39.029,0.0075,0.195,25.977,0.4966,0.2639,0.2535,-1.015,-0.4779,-0.4213,0.008447,1.366,2.465,0.4413,0.7652,0.001325,91.995,3.558,4.178,0.0007403,3.626e-05,,5769440,1032,31,49,14,139,-1.3315547703080695,-0.2858408748811656,0.01375920724136445,0.17221003363057383,0.4455960749941643,-0.515928608490922,0.08268283672592647
117,forests_00310_LD.png,1400,1.333,20.983,0.2698,15.403,112.094,0.0,243.23,243.23,243.23,95.384,-0.002342,0.004439,0.0,0.0,0.9538,53.506,53.506,53.506,20.983,0.0005151,0.0009764,-0.0,0.0,0.2098,0.2575,17.8,0.03125,0.08333,18.292,0.5549,0.4982,0.4907,-1.081,-0.4563,-0.4197,0.005247,1.503,2.568,0.7316,0.8783,0.0009678,97.952,4.092,4.477,0.0003267,1.719e-05,,5319326,972,25,45,35,113,-0.7176502382597791,-0.36610635680056963,0.023367213916367067,0.2548684110873202,0.39538212065234657,-0.060494959969779716,-0.33672330754464236
118,forests_00288_LD.png,1400,1.333,18.254,0.2165,12.126,89.975,0.0,246.199,246.199,246.199,96.549,-0.00237,0.004493,0.0,0.0,0.9655,46.548,46.548,46.548,18.254,0.0004481,0.0008494,-0.0,0.0,0.1825,0.1293,5.154,0.01625,-0.02,9.104,0.4998,0.5103,0.4988,-1.2,-0.4788,-0.4946,0.00336,1.44,2.423,0.731,0.8671,0.0008664,98.554,4.447,4.545,0.0003339,1.601e-05,,5902130,1084,12,66,21,140,-1.1243382315686392,-1.0200762327862014,0.022000355304106108,0.25709702786026395,0.44010071391619904,-0.7697499342275975,-0.6367718104384118
119,beaches_00202_LD.png,1400,1.333,12.81,0.1224,4.86,43.329,0.0,250.745,250.745,250.745,98.331,-0.002414,0.004576,0.0,0.0,0.9833,32.665,32.665,32.665,12.81,0.0003145,0.0005961,-0.0,0.0,0.1281,0.04863,13.785,-0.0175,0.06667,20.543,0.376,0.2806,0.2786,-1.273,-0.4626,-0.4557,0.005437,1.183,2.288,0.4884,0.809,0.001539,93.132,2.437,2.985,0.001036,1.577e-05,,6223871,1082,33,56,30,132,-0.8957798188835894,-0.329770957199409,0.008988727290159098,0.17637105050972854,0.40474860367909066,-0.18512424712889508,-0.20436791649614264
120,offices_00607_LD.png,1400,1.333,24.118,0.3354,20.579,122.046,0.0,239.186,239.186,239.186,93.799,-0.002303,0.004365,0.0,0.0,0.938,61.501,61.501,61.501,24.118,0.0005921,0.001122,-0.0,0.0,0.2412,0.4721,7.246,0.03125,0.01833,18.981,0.467,0.5264,0.4855,-1.181,-0.4612,-0.4996,0.001877,1.619,2.712,0.6661,0.8745,0.0009763,98.07,4.358,4.516,0.0003866,2.331e-05,,5605760,1057,49,25,48,105,-0.48531773025496217,0.4183712879116543,0.03165711527289117,0.2093267132394349,0.4378034951592408,0.5814893804709007,0.17046470094726895
121,mountains_20081106_00096_LD.png,1400,1.333,10.47,0.08791,3.958,34.269,0.0,252.173,252.173,252.173,98.891,-0.002428,0.004602,0.0,0.0,0.9889,26.699,26.699,26.699,10.47,0.000257,0.0004872,-0.0,0.0,0.1047,0.02389,13.267,-0.06375,0.01833,24.154,0.3486,0.3511,0.3221,-1.197,-0.4916,-0.5142,0.004248,1.222,2.185,0.5016,0.7219,0.001297,93.122,4.334,4.437,0.00104,4.675e-05,,4991721,900,26,36,33,106,-0.7146584081606117,-0.2035442315324862,0.01449613511993754,0.1898829845107864,0.3370718924526332,0.035639508724339075,-0.2055990933509328
122,mountains_00106_LD.png,1400,1.333,12.071,0.1111,5.359,44.054,0.0,251.229,251.229,251.229,98.521,-0.002419,0.004585,0.0,0.0,0.9852,30.781,30.781,30.781,12.071,0.0002963,0.0005617,-0.0,0.0,0.1207,0.05208,20.5,-0.0225,-0.1,22.052,0.4142,0.3384,0.3008,-1.113,-0.4759,-0.4876,0.00708,1.319,2.345,0.4427,0.6901,0.001357,90.461,4.411,4.449,0.0009411,3.298e-05,,5034208,871,35,29,36,105,-0.6578441244318577,0.1177698745790953,0.00977346537382879,0.2203551044899862,0.3464148144176409,0.2672521826192351,0.024240387402815422
123,city_00670_LD.png,1400,1.333,28.699,0.4383,24.909,154.701,0.0,231.907,231.907,231.907,90.944,-0.002233,0.004232,0.0,0.0,0.9094,73.181,73.181,73.181,28.699,0.0007045,0.001335,-0.0,0.0,0.287,1.088,17.92,-0.065,0.06167,24.185,0.5811,0.5282,0.5072,-1.008,-0.4228,-0.4473,0.009467,1.671,2.818,0.6312,0.8865,0.001111,96.513,3.947,4.256,0.0003012,1.592e-05,,5148896,921,28,33,11,137,-1.4443211872433934,-0.10291203372144431,0.05905258476228657,0.5139008316560401,0.5279114636700909,-0.5026557643446139,0.2971660699278196
124,city_00613_LD.png,1400,1.333,24.325,0.3399,18.412,127.897,0.0,238.895,238.895,238.895,93.684,-0.0023,0.00436,0.0,0.0,0.9368,62.028,62.028,62.028,24.325,0.0005972,0.001132,-0.0,0.0,0.2432,0.5655,5.034,-0.02375,0.008333,13.658,0.5616,0.5428,0.5582,-1.07,-0.4767,-0.3773,0.005985,1.55,2.69,0.6879,0.8659,0.001157,97.6,3.862,4.358,0.000346,2.199e-05,,4696629,796,26,29,39,95,-0.5503351022597845,-0.06841592470034528,0.02447223882274815,0.24824917578340064,0.4090534149806085,0.24780582326353567,-0.18987449019687047
125,highways_00280_LD.png,1400,1.333,12.732,0.1212,5.043,41.293,0.0,250.797,250.797,250.797,98.352,-0.002414,0.004577,0.0,0.0,0.9835,32.466,32.466,32.466,12.732,0.0003126,0.0005925,-0.0,0.0,0.1273,0.06738,4.472,0.01,0.02,18.842,0.3925,0.3318,0.3082,-1.29,-0.5016,-0.4845,0.002742,1.216,2.349,0.5376,0.6911,0.001413,90.155,3.82,4.288,0.001031,4.326e-05,,5936344,1075,39,39,15,148,-1.328390670970666,0.0,0.011507669780018161,0.17536684680875306,0.5487139042640888,-0.34860406721988113,0.3144532299298102
126,forests_00121_LD.png,1400,1.333,25.655,0.369,20.56,156.481,0.0,236.938,236.938,236.938,92.917,-0.002281,0.004324,0.0,0.0,0.9292,65.419,65.419,65.419,25.655,0.0006298,0.001194,-0.0,0.0,0.2565,0.5707,3.162,0.005,0.015,9.804,0.6627,0.6427,0.6404,-0.8557,-0.3545,-0.3218,0.01816,1.636,2.744,0.8415,0.8462,0.001412,99.386,2.475,3.028,0.0002124,6.397e-06,,5978495,1058,46,33,36,127,-0.7692956964892443,0.20772584303184521,0.04545700703821461,0.2104568069216762,0.4201145375823048,0.22801644700662327,0.1619868437103088
127,offices_00282_LD.png,1400,1.333,24.184,0.3368,19.029,121.301,0.0,239.093,239.093,239.093,93.762,-0.002302,0.004363,0.0,0.0,0.9376,61.67,61.67,61.67,24.184,0.0005937,0.001125,-0.0,0.0,0.2418,0.433,20.923,0.09,-0.05333,17.749,0.4968,0.459,0.453,-1.115,-0.4651,-0.4206,0.005499,1.57,2.668,0.6615,0.8738,0.001034,97.31,3.906,4.371,0.0003426,2.293e-05,,5955974,1111,40,43,27,132,-0.9549111285539957,-0.04531601592937276,0.017471578560497886,0.17932496528841566,0.43041531098967123,-0.0695073151957959,0.062172606589286916
128,forests_20081106_00052_LD.png,1400,1.333,20.283,0.2558,14.796,101.73,0.0,244.038,244.038,244.038,95.701,-0.002349,0.004453,0.0,0.0,0.957,51.723,51.723,51.723,20.283,0.0004979,0.0009439,-0.0,0.0,0.2028,0.1994,19.471,-0.06,0.07667,20.769,0.5229,0.4967,0.4638,-1.226,-0.4647,-0.4829,0.001761,1.507,2.461,0.646,0.8713,0.0009068,97.757,4.374,4.517,0.0003414,2.242e-05,,5710091,984,12,67,16,138,-1.259659537582499,-1.028323950802465,0.01965768644419673,0.18311109004087434,0.44122408021562115,-0.8850901870581729,-0.5655222013815797
129,offices_00664_LD.png,1400,1.333,23.664,0.3256,17.576,131.263,0.0,239.816,239.816,239.816,94.045,-0.002309,0.004376,0.0,0.0,0.9405,60.344,60.344,60.344,23.664,0.0005809,0.001101,-0.0,0.0,0.2366,0.3977,2.667,0.0,0.01333,8.807,0.4766,0.4647,0.4679,-1.002,-0.4713,-0.4173,0.00815,1.513,2.65,0.7148,0.8744,0.001175,99.063,3.812,4.262,0.0003646,2.204e-05,,5740691,1086,40,34,63,96,-0.26312682329588705,0.10179559909470504,0.02134401871827422,0.17201734035615512,0.412098334252801,0.5806153245263977,-0.2163016392523768
130,forests_20081106_00023_LD.png,1400,1.333,23.516,0.3225,16.828,128.134,0.0,240.018,240.018,240.018,94.125,-0.002311,0.00438,0.0,0.0,0.9412,59.966,59.966,59.966,23.516,0.0005773,0.001094,-0.0,0.0,0.2352,0.6005,12.343,0.0025,0.06167,19.114,0.566,0.543,0.534,-0.9847,-0.471,-0.4027,0.01115,1.555,2.617,0.7059,0.8641,0.001288,97.015,2.899,3.609,0.0002876,1.434e-05,,5822445,1019,52,31,59,95,-0.29730486698344893,0.3226135220014941,0.019463762243547053,0.2192913795322056,0.40356705103130547,0.6799485358332396,-0.01614768131337463
131,forests_00150_LD.png,1400,1.333,23.321,0.3183,18.764,127.973,0.0,240.282,240.282,240.282,94.228,-0.002313,0.004385,0.0,0.0,0.9423,59.468,59.468,59.468,23.321,0.0005725,0.001085,-0.0,0.0,0.2332,0.4097,6.533,0.01625,0.02833,16.248,0.609,0.5907,0.5908,-1.107,-0.4267,-0.4018,0.005236,1.564,2.65,0.7362,0.853,0.001057,99.153,3.763,4.126,0.0001898,1.068e-05,,5475272,982,27,45,33,119,-0.7820068867537173,-0.31863936396437514,0.047470892270640205,0.3089932452977868,0.384371291094181,-0.08573162209162566,-0.26084179135504953
132,offices_20081106_00046_LD.png,1400,1.333,21.964,0.2899,15.632,93.198,0.0,242.04,242.04,242.04,94.918,-0.00233,0.004417,0.0,0.0,0.9492,56.008,56.008,56.008,21.964,0.0005392,0.001022,-0.0,0.0,0.2196,0.3687,13.208,-0.045,-0.04833,22.277,0.439,0.4111,0.3573,-1.231,-0.4775,-0.465,0.00207,1.532,2.657,0.5779,0.8649,0.001175,93.532,4.207,4.473,0.0006619,2.968e-05,,5346856,924,39,34,50,94,-0.3928308136497295,0.08594913826421022,0.017639951068432542,0.1628726769574313,0.4053608339351585,0.4654862498239921,-0.15449928013292274
133,highways_00146_LD.png,1400,1.333,15.436,0.1656,8.079,59.348,0.0,248.772,248.772,248.772,97.558,-0.002395,0.00454,0.0,0.0,0.9756,39.361,39.361,39.361,15.436,0.0003789,0.0007183,-0.0,0.0,0.1544,0.08939,33.307,-0.0325,-0.1633,21.377,0.4731,0.2317,0.2276,-1.248,-0.4902,-0.4904,0.002161,1.454,2.527,0.3738,0.7508,0.001401,88.814,4.021,4.255,0.000893,3.632e-05,,5656894,1078,38,37,23,131,-1.0392224351527357,0.016711632998748692,0.018862216401849163,0.17544014281717038,0.32834267608891554,-0.10265951002176554,0.16145381140751003
134,mountains_00591_LD.png,1400,1.333,10.481,0.08805,4.09,32.792,0.0,252.167,252.167,252.167,98.889,-0.002428,0.004602,0.0,0.0,0.9889,26.726,26.726,26.726,10.481,0.0002573,0.0004877,-0.0,0.0,0.1048,0.01634,14.802,-0.06,-0.04333,19.062,0.3662,0.3229,0.3004,-1.213,-0.4835,-0.4822,0.004167,1.224,2.155,0.5627,0.7409,0.00122,93.598,4.448,4.478,0.001056,4.368e-05,,4974504,904,33,31,41,99,-0.5450570432367979,0.039176085503097625,0.010662435923685097,0.17023930949331886,0.3300671248682454,0.3141276881136971,-0.1049903997589986
135,city_00601_LD.png,1400,1.333,27.128,0.4021,23.154,156.808,0.0,234.602,234.602,234.602,92.001,-0.002259,0.004281,0.0,0.0,0.92,69.176,69.176,69.176,27.128,0.000666,0.001262,-0.0,0.0,0.2713,0.7552,9.346,-0.04625,0.006667,12.548,0.5884,0.6148,0.5728,-1.08,-0.4775,-0.4444,0.008154,1.649,2.757,0.7495,0.8902,0.001171,98.891,3.632,4.286,0.0002502,8.495e-06,,5471048,929,33,31,17,140,-1.2357257851135923,0.039176085503097625,0.04806919693250945,0.3591762390211714,0.5065757120048044,-0.25029839833588297,0.2930629935701944
136,offices_20081106_00025_LD.png,1400,1.333,22.54,0.3019,15.364,107.094,0.0,241.31,241.31,241.31,94.631,-0.002323,0.004404,0.0,0.0,0.9463,57.476,57.476,57.476,22.54,0.0005533,0.001049,-0.0,0.0,0.2254,0.6125,19.026,0.005,-0.095,17.705,0.5142,0.4581,0.4371,-1.145,-0.4848,-0.4278,0.004535,1.512,2.669,0.5977,0.88,0.001143,94.345,3.851,4.329,0.0005101,2.831e-05,,5597991,1090,43,34,22,129,-1.0550756478933867,0.14701917778902449,0.014844864577630573,0.2167977006546459,0.5302082681297601,-0.04051482190590561,0.277080012255123
137,offices_00676_LD.png,1400,1.333,22.939,0.3102,16.896,101.374,0.0,240.791,240.791,240.791,94.428,-0.002318,0.004394,0.0,0.0,0.9443,58.493,58.493,58.493,22.939,0.0005631,0.001067,-0.0,0.0,0.2294,0.4228,21.179,-0.01375,0.105,19.228,0.4763,0.368,0.3726,-1.141,-0.455,-0.4226,0.005843,1.553,2.632,0.606,0.8461,0.001277,96.787,3.761,4.23,0.0005238,3.722e-05,,5379861,931,53,21,56,89,-0.28921899982361715,0.5716375251650858,0.025571133952890394,0.1807116160456108,0.4673759202701008,0.8300765459043237,0.18269878204829404
138,beaches_00373_LD.png,1400,1.333,11.85,0.1078,4.694,42.288,0.0,251.367,251.367,251.367,98.575,-0.00242,0.004587,0.0,0.0,0.9858,30.218,30.218,30.218,11.85,0.0002909,0.0005514,-0.0,0.0,0.1185,0.0339,12.152,0.05375,0.02833,20.306,0.381,0.2779,0.2377,-1.191,-0.4858,-0.4936,0.004939,1.2,2.251,0.542,0.6821,0.001367,94.405,3.773,4.259,0.0009544,4.193e-05,,5379142,939,34,41,23,122,-1.0001428550721199,-0.11724404253797363,0.011655154374743862,0.19474792298587265,0.45240570196808394,-0.14792574962766747,0.029460235277010527
139,city_00629_LD.png,1400,1.333,20.007,0.2504,12.318,104.413,0.0,244.348,244.348,244.348,95.823,-0.002352,0.004459,0.0,0.0,0.9582,51.018,51.018,51.018,20.007,0.0004912,0.000931,-0.0,0.0,0.2001,0.225,12.494,0.01,0.06167,16.408,0.4977,0.4631,0.4458,-1.09,-0.4792,-0.4047,0.00782,1.428,2.519,0.674,0.8798,0.001128,97.796,3.519,4.035,0.0003959,2.437e-05,,4938386,891,47,20,29,107,-0.7952457080383634,0.5286980568537265,0.017066161045869336,0.21079880711745794,0.47752814602885746,0.391795706955195,0.4392465038771226
140,forests_20081106_00015_LD.png,1400,1.333,19.127,0.2332,13.622,98.18,0.0,245.303,245.303,245.303,96.197,-0.002362,0.004476,0.0,0.0,0.962,48.773,48.773,48.773,19.127,0.0004695,0.00089,-0.0,0.0,0.1913,0.1689,15.685,0.07625,0.01833,15.471,0.5412,0.5528,0.5262,-1.16,-0.4716,-0.4818,0.003894,1.482,2.504,0.6732,0.8724,0.0008485,98.636,4.548,4.563,0.0002565,9.791e-06,,5794832,954,31,50,22,133,-1.0716640183482904,-0.298355172793881,0.029378241851604897,0.2394933589367453,0.36269718864641287,-0.3107538949245645,-0.07732699896997935
141,offices_00172_LD.png,1400,1.333,23.433,0.3207,17.845,120.954,0.0,240.13,240.13,240.13,94.169,-0.002312,0.004382,0.0,0.0,0.9417,59.755,59.755,59.755,23.433,0.0005753,0.00109,-0.0,0.0,0.2343,0.3923,17.695,-0.005,0.08833,19.378,0.4801,0.4506,0.4506,-1.221,-0.4648,-0.4929,0.002512,1.553,2.645,0.6825,0.8552,0.001079,98.084,3.95,4.38,0.000389,2.308e-05,,5403658,1001,34,40,25,121,-0.9493045237699103,-0.1017955990947049,0.025843035260657853,0.20359411435430672,0.4308026643888764,-0.09747640452179585,0.012785286617366498
142,offices_20081106_00070_LD.png,1400,1.333,22.287,0.2966,16.1,114.997,0.0,241.634,241.634,241.634,94.758,-0.002326,0.00441,0.0,0.0,0.9476,56.831,56.831,56.831,22.287,0.0005471,0.001037,-0.0,0.0,0.2229,0.3405,6.103,-0.0175,-0.025,15.44,0.4777,0.4558,0.4557,-1.184,-0.4696,-0.4828,0.002683,1.516,2.635,0.6824,0.8604,0.001057,98.857,3.956,4.357,0.0004155,2.237e-05,,5858580,1101,54,28,81,74,0.0566315398613043,0.40847248197412395,0.01318403163732552,0.21467626109889404,0.5817845389947661,1.0186744360332576,-0.14996660983786908
143,forests_00654_LD.png,1400,1.333,24.507,0.3438,18.44,127.844,0.0,238.635,238.635,238.635,93.582,-0.002297,0.004355,0.0,0.0,0.9358,62.492,62.492,62.492,24.507,0.0006016,0.00114,-0.0,0.0,0.2451,0.6217,20.457,0.01125,0.1017,19.246,0.6114,0.4284,0.416,-1.106,-0.4485,-0.3712,0.009797,1.573,2.608,0.6236,0.7732,0.0014,97.126,3.049,3.597,0.0003497,2.342e-05,,5514628,903,38,32,52,101,-0.41281991134504603,0.10763439238310202,0.019463762243547053,0.2192913795322056,0.3758081963317457,0.46164869495015665,-0.12525740185084028
144,forests_00629_LD.png,1400,1.333,24.614,0.3461,19.335,136.889,0.0,238.48,238.48,238.48,93.522,-0.002296,0.004352,0.0,0.0,0.9352,62.767,62.767,62.767,24.614,0.0006043,0.001145,-0.0,0.0,0.2461,0.5338,14.048,0.01625,0.06833,19.558,0.5733,0.5205,0.5096,-0.9971,-0.4306,-0.3817,0.008914,1.566,2.731,0.6905,0.8411,0.001253,98.38,3.169,3.836,0.0002937,1.916e-05,,5478305,955,39,35,55,95,-0.3406948270877956,0.06779861544123557,0.02637574902143727,0.19751607262528675,0.37004501625373964,0.49763195486578293,-0.19937974604961817
145,beaches_00345_LD.png,1400,1.333,13.685,0.1363,5.772,51.54,0.0,250.132,250.132,250.132,98.091,-0.002408,0.004565,0.0,0.0,0.9809,34.896,34.896,34.896,13.685,0.000336,0.0006368,-0.0,0.0,0.1368,0.155,19.783,0.0625,-0.07667,20.435,0.4347,0.2701,0.2247,-1.301,-0.527,-0.5456,0.004181,1.253,2.294,0.5294,0.747,0.001479,94.223,3.459,4.17,0.0009352,3.481e-05,,5245959,1008,59,13,5,136,-1.8059766572349325,0.9132499266836088,0.0105782412630229,0.19396680851993964,0.550896871895602,-0.21256165295277418,1.336023719119864
146,beaches_00565_LD.png,1400,1.333,14.489,0.1495,7.356,59.162,0.0,249.529,249.529,249.529,97.855,-0.002402,0.004554,0.0,0.0,0.9785,36.948,36.948,36.948,14.489,0.0003557,0.0006742,-0.0,0.0,0.1449,0.06891,41.529,-0.0975,-0.1833,25.725,0.4429,0.2391,0.2151,-1.066,-0.4751,-0.4526,0.006948,1.396,2.429,0.3574,0.7867,0.001442,89.383,3.901,4.296,0.0008639,4.012e-05,,5383312,962,56,19,2,143,-2.2031212063800023,0.6640369430943553,0.011766250445637148,0.16457111827492044,0.36929464017690716,-0.6807438621685087,1.361249164189723
147,offices_00631_LD.png,1400,1.333,20.304,0.2562,12.841,95.661,0.0,244.015,244.015,244.015,95.692,-0.002349,0.004453,0.0,0.0,0.9569,51.774,51.774,51.774,20.304,0.0004984,0.0009448,-0.0,0.0,0.203,0.2431,6.412,-0.015,0.02833,17.738,0.3675,0.374,0.4186,-1.175,-0.4724,-0.4597,0.003927,1.485,2.522,0.5818,0.8331,0.00126,98.559,3.549,4.092,0.000575,3.168e-05,,5398276,918,41,31,15,133,-1.2738891541514752,0.17495994016573252,0.01775712001759478,0.18418942391443388,0.4601952874298671,-0.20322978048058737,0.4260225480841795
148,beaches_00249_LD.png,1400,1.333,12.029,0.1105,4.705,40.737,0.0,251.255,251.255,251.255,98.531,-0.002419,0.004585,0.0,0.0,0.9853,30.674,30.674,30.674,12.029,0.0002953,0.0005598,-0.0,0.0,0.1203,0.0492,21.386,-0.0275,0.1033,28.752,0.3752,0.2292,0.2756,-1.186,-0.4785,-0.4742,0.005417,1.23,2.353,0.5421,0.7689,0.001314,91.531,3.608,4.176,0.001054,3.418e-05,,5347322,948,30,42,48,98,-0.443320062203755,-0.2104283942479247,0.012168100269615479,0.16855649410051726,0.38150087373411096,0.2534142062939756,-0.3676054845253208
149,mountains_00287_LD.png,1400,1.333,16.603,0.1862,9.702,66.364,0.0,247.765,247.765,247.765,97.163,-0.002385,0.004521,0.0,0.0,0.9716,42.338,42.338,42.338,16.603,0.0004076,0.0007726,-0.0,0.0,0.166,0.1005,21.064,-0.0275,-0.1017,18.315,0.4143,0.3487,0.3844,-1.251,-0.4914,-0.5085,0.005679,1.39,2.255,0.5475,0.7471,0.001119,95.347,4.385,4.49,0.0005933,4.41e-05,,4843395,924,21,38,17,119,-1.1503493803760079,-0.36935329360674296,0.02674575646408871,0.22239873702556437,0.4037791547791228,-0.4159752687227327,-0.08999908847474863
150,city_00646_LD.png,1400,1.333,23.628,0.3249,17.756,110.096,0.0,239.865,239.865,239.865,94.065,-0.002309,0.004377,0.0,0.0,0.9406,60.252,60.252,60.252,23.628,0.0005801,0.0011,-0.0,0.0,0.2363,0.4761,17.335,-0.00125,-0.08667,12.732,0.5124,0.4266,0.4395,-1.178,-0.4525,-0.4387,0.002971,1.52,2.624,0.5404,0.8531,0.001178,95.454,4.011,4.44,0.0004467,2.957e-05,,4986829,973,29,29,21,123,-1.0544724517700526,0.0,0.01930602736855335,0.22579434026819956,0.5442220537086159,-0.12475350167883892,0.15658583267188686
151,offices_20081106_00062_LD.png,1400,1.333,20.417,0.2585,14.62,106.521,0.0,243.886,243.886,243.886,95.641,-0.002348,0.004451,0.0,0.0,0.9564,52.064,52.064,52.064,20.417,0.0005012,0.0009501,-0.0,0.0,0.2042,0.2106,6.037,-0.03,0.003333,11.834,0.469,0.4604,0.455,-1.123,-0.4661,-0.4725,0.004073,1.487,2.543,0.7441,0.8754,0.000964,99.006,4.172,4.465,0.0003881,2.28e-05,,5489809,968,55,17,68,83,-0.12482480218232868,0.7188680528227155,0.020091555169281735,0.2162981186724361,0.37221349338034776,1.0492756721512517,0.20827266609140382
152,forests_00746_LD.png,1400,1.333,16.174,0.1785,8.875,73.857,0.0,248.145,248.145,248.145,97.312,-0.002389,0.004528,0.0,0.0,0.9731,41.244,41.244,41.244,16.174,0.0003971,0.0007527,-0.0,0.0,0.1617,0.1181,29.346,-0.06125,0.1333,27.472,0.4625,0.3716,0.3589,-1.154,-0.4715,-0.4814,0.004084,1.355,2.388,0.5302,0.8436,0.00108,95.747,4.139,4.439,0.0005297,3.254e-05,,5701311,1017,31,49,47,104,-0.49228687636440494,-0.2858408748811656,0.016953685106853023,0.23726643626554475,0.4529321319996097,0.16993519877242458,-0.4010127655807942
153,city_00625_LD.png,1400,1.333,20.698,0.2641,13.656,99.857,0.0,243.563,243.563,243.563,95.515,-0.002345,0.004445,0.0,0.0,0.9551,52.78,52.78,52.78,20.698,0.0005081,0.0009632,-0.0,0.0,0.207,0.3001,10.584,-0.0475,0.02333,15.49,0.4656,0.4188,0.3891,-1.112,-0.4719,-0.4321,0.00482,1.48,2.502,0.6296,0.86,0.001326,96.353,3.797,4.311,0.000527,2.706e-05,,5034898,912,28,37,26,114,-0.893800631179489,-0.17441610093770257,0.029299522414688202,0.21370816720080812,0.3966629940587584,-0.0939710950342455,-0.07854998688643555
154,forests_20081106_00019_LD.png,1400,1.333,20.195,0.2541,14.17,102.945,0.0,244.137,244.137,244.137,95.74,-0.00235,0.004455,0.0,0.0,0.9574,51.498,51.498,51.498,20.195,0.0004958,0.0009398,-0.0,0.0,0.202,0.2449,16.014,0.08,0.003333,12.852,0.4988,0.5498,0.4962,-1.117,-0.4597,-0.4423,0.004828,1.481,2.515,0.701,0.8638,0.001023,97.752,3.996,4.437,0.000327,1.697e-05,,5569809,994,34,39,32,120,-0.8045963803603002,-0.08594913826421022,0.024999606536973126,0.25278654735497574,0.4397128571580374,0.029914315852809792,-0.05766442205731659
155,beaches_00380_LD.png,1400,1.333,15.049,0.159,7.363,57.602,0.0,249.088,249.088,249.088,97.681,-0.002398,0.004546,0.0,0.0,0.9768,38.375,38.375,38.375,15.049,0.0003694,0.0007003,-0.0,0.0,0.1505,0.09788,5.099,0.025,0.005,19.35,0.4505,0.4199,0.4183,-1.168,-0.4569,-0.4475,0.004124,1.38,2.455,0.5798,0.7622,0.001358,92.214,3.286,3.938,0.0008923,3.124e-05,,5536034,1046,44,31,26,126,-0.9500137556693217,0.21897866582755993,0.012515639199472219,0.19340601382379716,0.37181172937639917,0.0868159601706271,0.2753361509510829
156,forests_00277_LD.png,1400,1.333,23.784,0.3282,20.891,120.418,0.0,239.652,239.652,239.652,93.981,-0.002307,0.004373,0.0,0.0,0.9398,60.649,60.649,60.649,23.784,0.0005839,0.001107,-0.0,0.0,0.2378,0.4203,9.487,-0.015,-0.045,9.781,0.5688,0.5775,0.5469,-1.132,-0.4323,-0.4088,0.004801,1.608,2.605,0.7328,0.8851,0.0008879,99.108,4.401,4.546,0.0002061,9.668e-06,,5742285,1030,39,45,14,136,-1.3205044038672806,-0.08964235107576254,0.03440102427585045,0.23881627834538485,0.549934133332386,-0.39382288958758793,0.23665090079440432
157,highways_00430_LD.png,1400,1.333,14.399,0.148,5.989,46.104,0.0,249.599,249.599,249.599,97.882,-0.002403,0.004555,0.0,0.0,0.9788,36.717,36.717,36.717,14.399,0.0003535,0.00067,-0.0,0.0,0.144,0.1232,33.682,0.005,-0.1683,27.648,0.4966,0.1209,0.1061,-1.28,-0.54,-0.5288,0.008404,1.418,2.519,0.1531,0.5588,0.001628,81.624,3.828,4.132,0.001148,3.69e-05,,5736119,894,38,37,36,122,-0.7459523457113463,0.016711632998748692,0.016262979566703535,0.1622032313842898,0.34563985419012977,0.13700572863710203,-0.007566656996611354
158,city_00314_LD.png,1400,1.333,18.587,0.2229,10.805,86.8,0.0,245.862,245.862,245.862,96.417,-0.002367,0.004487,0.0,0.0,0.9642,47.398,47.398,47.398,18.587,0.0004563,0.000865,-0.0,0.0,0.1859,0.2287,18.175,-0.03625,-0.08333,11.986,0.5618,0.3613,0.3444,-1.189,-0.5114,-0.4972,0.004468,1.435,2.527,0.5795,0.8564,0.001164,94.298,4.018,4.403,0.0006317,3.801e-05,,4892850,880,21,42,8,127,-1.5610221764217667,-0.43072729929545756,0.01661506834794525,0.1920078817827956,0.5019879827526296,-0.786955674776376,0.09652826155894911
159,highways_00530_LD.png,1400,1.333,14.629,0.1519,6.59,46.433,0.0,249.421,249.421,249.421,97.812,-0.002401,0.004552,0.0,0.0,0.9781,37.304,37.304,37.304,14.629,0.0003591,0.0006807,-0.0,0.0,0.1463,0.2354,6.635,-0.0325,-0.006667,26.419,0.4861,0.4233,0.3884,-1.219,-0.4645,-0.424,0.004764,1.38,2.511,0.4406,0.6931,0.001535,84.482,3.548,3.982,0.001045,3.523e-05,,5506000,1012,36,36,27,124,-0.9199174599412708,0.0,0.009691759132833372,0.17913077127562668,0.3677363318264633,-0.014792904296364373,0.07903770020351064
160,mountains_20081106_00069_LD.png,1400,1.333,13.702,0.1366,6.524,60.187,0.0,250.119,250.119,250.119,98.086,-0.002408,0.004564,0.0,0.0,0.9809,34.939,34.939,34.939,13.702,0.0003364,0.0006376,-0.0,0.0,0.137,0.05094,5.069,-0.0225,-0.01167,15.636,0.4059,0.3211,0.2964,-1.057,-0.4532,-0.4778,0.009465,1.27,2.237,0.5729,0.6913,0.00124,97.16,3.949,4.215,0.0006398,4.414e-05,,4650018,814,28,31,34,96,-0.6386096176206588,-0.06377103455763064,0.02762252345520302,0.2815299704323544,0.36486681674536986,0.17834339931619436,-0.13520332114045697
161,highways_00302_LD.png,1400,1.333,23.435,0.3208,19.414,129.94,0.0,240.128,240.128,240.128,94.168,-0.002312,0.004382,0.0,0.0,0.9417,59.76,59.76,59.76,23.435,0.0005753,0.001091,-0.0,0.0,0.2344,0.4252,8.535,0.01875,-0.03833,11.415,0.5418,0.5488,0.5526,-1.005,-0.4375,-0.3927,0.00746,1.595,2.706,0.7111,0.8679,0.001047,98.688,4.136,4.486,0.0002209,1.442e-05,,5648376,1015,52,26,31,122,-0.8323192669878771,0.43072729929545744,0.03472320167478576,0.38618129313232114,0.5720069368965467,0.30503504638309403,0.3805497758012162
162,beaches_00154_LD.png,1400,1.333,11.147,0.09747,4.005,30.966,0.0,251.791,251.791,251.791,98.742,-0.002424,0.004595,0.0,0.0,0.9874,28.424,28.424,28.424,11.147,0.0002736,0.0005187,-0.0,0.0,0.1115,0.03047,27.497,0.08875,-0.105,31.943,0.4537,0.266,0.2602,-1.109,-0.4697,-0.417,0.004824,1.379,2.448,0.1491,0.0899,0.002022,79.827,3.574,3.876,0.001239,2.905e-05,,5971581,1095,24,52,29,138,-0.9398287888755193,-0.47950565333095013,0.010053992636062747,0.14711542874435055,0.3368512847963499,-0.3074184621666778,-0.3013468624135295
163,forests_00265_LD.png,1400,1.333,22.204,0.2949,16.502,115.68,0.0,241.739,241.739,241.739,94.8,-0.002327,0.004411,0.0,0.0,0.948,56.619,56.619,56.619,22.204,0.0005451,0.001033,-0.0,0.0,0.222,0.2954,33.468,0.015,0.1667,23.419,0.5467,0.4014,0.3787,-0.9429,-0.4288,-0.3812,0.009819,1.529,2.616,0.4538,0.8568,0.001098,95.151,3.687,4.207,0.00034,2.354e-05,,5545041,983,22,50,13,140,-1.3724138514300743,-0.5084880591093566,0.022489152608359306,0.2845225619392544,0.495150724532938,-0.6776376763536804,-0.0757198479919608
164,highways_00422_LD.png,1400,1.333,16.617,0.1864,8.318,51.132,0.0,247.753,247.753,247.753,97.158,-0.002385,0.004521,0.0,0.0,0.9716,42.374,42.374,42.374,16.617,0.0004079,0.0007733,-0.0,0.0,0.1662,0.1834,39.003,-0.0025,-0.195,22.071,0.5045,0.1782,0.1572,-1.278,-0.4842,-0.4958,0.003941,1.498,2.682,0.2689,0.6671,0.001403,84.864,4.166,4.347,0.0011,2.613e-05,,5641470,1006,42,31,27,128,-0.9377223852806132,0.1899924223226497,0.013178911986015632,0.12224507209345549,0.34619321597651975,0.08015502096423766,0.24456421588929067
165,highways_00373_LD.png,1400,1.333,15.806,0.172,9.003,66.363,0.0,248.461,248.461,248.461,97.436,-0.002392,0.004534,0.0,0.0,0.9744,40.306,40.306,40.306,15.806,0.000388,0.0007355,-0.0,0.0,0.1581,0.0996,14.072,0.0225,0.06667,17.259,0.505,0.3263,0.3359,-1.261,-0.4913,-0.4886,0.002337,1.329,2.382,0.5505,0.7474,0.001163,97.106,4.306,4.391,0.0006071,3.915e-05,,5514271,960,30,46,18,132,-1.1749867920660901,-0.26699412540495254,0.021172381729706997,0.22691059985638284,0.44208254576162875,-0.3771166745033583,0.007849830911430766
166,highways_00541_LD.png,1400,1.333,17.816,0.2083,10.068,80.874,0.0,246.632,246.632,246.632,96.718,-0.002374,0.004501,0.0,0.0,0.9672,45.43,45.43,45.43,17.816,0.0004374,0.000829,-0.0,0.0,0.1782,0.2253,8.879,-0.03875,0.02167,14.927,0.5914,0.373,0.3605,-1.085,-0.4812,-0.4489,0.008364,1.438,2.467,0.4761,0.6457,0.001541,94.294,3.453,3.98,0.0006477,5.088e-05,,5815712,1054,28,50,13,145,-1.3899075192093464,-0.3612016377113192,0.012543715694140922,0.21399401347282815,0.40951261150385604,-0.6070481528521294,0.054727219864836085
167,mountains_00342_LD.png,1400,1.333,14.129,0.1436,6.857,60.685,0.0,249.803,249.803,249.803,97.962,-0.002405,0.004559,0.0,0.0,0.9796,36.03,36.03,36.03,14.129,0.0003469,0.0006575,-0.0,0.0,0.1413,0.04918,18.868,0.01375,0.09333,20.139,0.4573,0.3056,0.3225,-1.1,-0.4851,-0.489,0.007208,1.301,2.292,0.5106,0.8111,0.001213,93.074,3.71,4.276,0.0007229,3.89e-05,,5146568,859,16,48,31,114,-0.7933289280569344,-0.6744897501960817,0.011100496205227125,0.24214306308065292,0.39987611527245526,-0.30007158022865976,-0.5451234621436197
168,forests_00306_LD.png,1400,1.333,19.463,0.2397,11.665,106.364,0.0,244.943,244.943,244.943,96.056,-0.002358,0.00447,0.0,0.0,0.9606,49.632,49.632,49.632,19.463,0.0004778,0.0009057,-0.0,0.0,0.1946,0.2759,21.856,0.02375,0.1067,19.871,0.5077,0.4453,0.4304,-1.039,-0.4673,-0.4437,0.01362,1.409,2.411,0.5934,0.8605,0.001204,97.059,3.119,3.764,0.0003672,2.234e-05,,5896584,1111,47,35,56,102,-0.3733865619914056,0.18445243709474293,0.028737848395009917,0.26299417710732115,0.36131397675350263,0.5381468643534589,-0.08520704464257589
169,city_00218_LD.png,1400,1.333,21.9,0.2886,14.499,94.301,0.0,242.119,242.119,242.119,94.949,-0.002331,0.004418,0.0,0.0,0.9495,55.845,55.845,55.845,21.9,0.0005376,0.001019,-0.0,0.0,0.219,0.4023,42.171,0.1125,-0.1783,22.775,0.4838,0.2508,0.2023,-1.076,-0.4612,-0.3792,0.004278,1.602,2.736,0.4965,0.8679,0.001289,90.221,3.964,4.381,0.000769,2.283e-05,,4945199,873,24,37,17,122,-1.163555198056958,-0.2703574833327526,0.016876415801896104,0.23208250389859897,0.40787624111699,-0.36971298946265674,-0.001487136795389865
170,mountains_20081106_00030_LD.png,1400,1.333,12.385,0.1159,5.176,45.316,0.0,251.027,251.027,251.027,98.442,-0.002417,0.004581,0.0,0.0,0.9844,31.581,31.581,31.581,12.385,0.000304,0.0005763,-0.0,0.0,0.1238,0.02864,11.026,-0.04625,0.03,18.836,0.3807,0.2789,0.2956,-1.106,-0.4711,-0.4926,0.006296,1.214,2.231,0.4589,0.7751,0.001369,91.695,3.466,4.0,0.0008868,3.481e-05,,5004427,918,15,48,30,109,-0.7863633025754456,-0.712443032389489,0.015124430736354253,0.18543282616057666,0.4336292590269469,-0.31625278455608763,-0.5801540230028865
171,beaches_00488_LD.png,1400,1.333,13.236,0.1291,5.463,42.546,0.0,250.451,250.451,250.451,98.216,-0.002411,0.00457,0.0,0.0,0.9822,33.752,33.752,33.752,13.236,0.0003249,0.0006159,-0.0,0.0,0.1324,0.07269,26.715,-0.0225,-0.1317,27.324,0.466,0.2314,0.2465,-1.055,-0.4655,-0.3918,0.007039,1.331,2.5,0.3111,0.7675,0.001614,83.726,3.253,3.888,0.001057,2.937e-05,,5308926,914,14,57,35,110,-0.70187259542196,-0.8517259806982667,0.009691759132833372,0.1540880283309994,0.3532477298996661,-0.3274785582984112,-0.7426729489431223
172,highways_00414_LD.png,1400,1.333,17.585,0.204,9.617,70.723,0.0,246.854,246.854,246.854,96.806,-0.002377,0.004505,0.0,0.0,0.9681,44.842,44.842,44.842,17.585,0.0004317,0.0008183,-0.0,0.0,0.1759,0.2031,15.59,0.02125,0.075,21.491,0.4578,0.3768,0.3725,-1.183,-0.4765,-0.4439,0.006248,1.414,2.496,0.5578,0.7832,0.001251,93.169,3.887,4.272,0.0007826,3.583e-05,,5573795,989,41,32,44,110,-0.5659488219328631,0.1551382491226637,0.01124095007462093,0.17367638176866187,0.45299606295477224,0.3638870962849493,0.001816393596401289
173,forests_00253_LD.png,1400,1.333,21.881,0.2882,16.988,123.746,0.0,242.143,242.143,242.143,94.958,-0.002331,0.004419,0.0,0.0,0.9496,55.796,55.796,55.796,21.881,0.0005372,0.001018,-0.0,0.0,0.2188,0.2967,12.677,-0.0025,0.06333,14.85,0.5539,0.5574,0.5327,-1.023,-0.4406,-0.4161,0.007036,1.535,2.587,0.7111,0.8688,0.0009636,98.976,4.097,4.415,0.0002082,1.289e-05,,5848660,1039,39,41,52,106,-0.4423612042717188,-0.03133798202142662,0.022323804370811284,0.24613381344566385,0.40276696417655256,0.35741305027573367,-0.2218024131912478
174,highways_20081106_00093_LD.png,1400,1.333,18.409,0.2195,12.533,88.977,0.0,246.044,246.044,246.044,96.488,-0.002369,0.00449,0.0,0.0,0.9649,46.943,46.943,46.943,18.409,0.0004519,0.0008567,-0.0,0.0,0.1841,0.1611,27.328,-0.05125,-0.1267,13.815,0.4723,0.4189,0.4084,-1.067,-0.4522,-0.418,0.006463,1.452,2.543,0.5414,0.8465,0.001007,96.783,4.301,4.506,0.0005083,3.649e-05,,5620438,1038,47,31,21,130,-1.0844942944539173,0.2599896012310702,0.01751105810070409,0.22791813052174947,0.41980961435889746,0.0005520559334828423,0.3863561985111106
175,highways_00577_LD.png,1400,1.333,18.844,0.2277,12.586,90.6,0.0,245.598,245.598,245.598,96.313,-0.002364,0.004482,0.0,0.0,0.9631,48.052,48.052,48.052,18.844,0.0004626,0.0008769,-0.0,0.0,0.1884,0.1277,23.939,-0.1188,-0.015,19.356,0.365,0.4287,0.4007,-0.9495,-0.4382,-0.3526,0.01121,1.451,2.567,0.5018,0.8069,0.001131,96.637,3.992,4.339,0.0004702,3.689e-05,,5549999,1014,23,54,8,142,-1.613358394652303,-0.5281393839081986,0.024951622274624104,0.2865063265565218,0.4577007298573878,-0.8858672564431069,0.047084424941431446
176,offices_00508_LD.png,1400,1.333,23.25,0.3168,17.766,125.965,0.0,240.377,240.377,240.377,94.265,-0.002314,0.004387,0.0,0.0,0.9427,59.288,59.288,59.288,23.25,0.0005708,0.001082,-0.0,0.0,0.2325,0.4397,2.667,0.0,0.01333,13.113,0.5681,0.4785,0.455,-1.101,-0.4469,-0.422,0.00435,1.576,2.623,0.7664,0.8486,0.001129,98.944,3.745,4.266,0.0003335,2.257e-05,,5608431,1005,47,28,70,83,-0.10669281894657574,0.32303773198182584,0.041981071053972266,0.22914365190791305,0.4570602497182698,0.8359643853893338,-0.12565652797979165
177,city_00199_LD.png,1400,1.333,28.385,0.4311,26.625,137.48,0.0,232.462,232.462,232.462,91.162,-0.002238,0.004242,0.0,0.0,0.9116,72.382,72.382,72.382,28.385,0.0006968,0.001321,-0.0,0.0,0.2839,0.9202,20.96,0.03625,-0.09833,12.073,0.5681,0.5038,0.4801,-1.11,-0.4194,-0.3594,0.002716,1.669,2.789,0.6407,0.8738,0.0009778,96.926,4.152,4.445,0.0003113,1.64e-05,,5135128,931,55,9,15,129,-1.2581615610630972,1.0775155670402803,0.028050995002753366,0.2387560596961966,0.4677796666574431,0.32979331936542644,1.154541862733975
178,forests_20081106_00085_LD.png,1400,1.333,22.649,0.3041,18.008,115.436,0.0,241.169,241.169,241.169,94.576,-0.002322,0.004401,0.0,0.0,0.9458,57.755,57.755,57.755,22.649,0.000556,0.001054,-0.0,0.0,0.2265,0.4481,9.68,-0.0025,0.04833,16.298,0.5535,0.5657,0.5536,-1.205,-0.4723,-0.5006,0.002324,1.543,2.618,0.6462,0.8605,0.0009327,97.416,4.297,4.514,0.0002897,1.624e-05,,5623281,1067,30,46,15,137,-1.2890853356658603,-0.26699412540495254,0.030354778723698458,0.22715726813891882,0.41170470109053864,-0.4703599190993373,0.07360829035812921
179,offices_00404_LD.png,1400,1.333,23.58,0.3238,18.094,126.388,0.0,239.931,239.931,239.931,94.09,-0.00231,0.004378,0.0,0.0,0.9409,60.13,60.13,60.13,23.58,0.0005789,0.001097,-0.0,0.0,0.2358,0.382,7.96,0.0375,-0.01333,10.436,0.5173,0.4638,0.4652,-1.131,-0.4286,-0.4478,0.003862,1.556,2.619,0.6852,0.8587,0.001135,99.066,3.915,4.297,0.0003346,1.899e-05,,5626783,1052,43,35,38,113,-0.6692888182099165,0.12890111114904187,0.025599634249308358,0.23284338389334908,0.43554157016143524,0.2643146568443851,0.0399329456892053
180,highways_00357_LD.png,1400,1.333,17.607,0.2044,9.328,71.947,0.0,246.834,246.834,246.834,96.798,-0.002376,0.004504,0.0,0.0,0.968,44.897,44.897,44.897,17.607,0.0004322,0.0008193,-0.0,0.0,0.1761,0.1807,22.75,-0.04375,-0.105,21.163,0.3462,0.4091,0.3152,-1.171,-0.5033,-0.4766,0.005323,1.443,2.511,0.4779,0.7968,0.001345,93.49,3.697,4.218,0.0007648,3.446e-05,,5785393,1021,48,31,12,144,-1.4260768722728472,0.27305605487126,0.022309659186105963,0.3158520131084721,0.5383365954680768,-0.2710643645196471,0.5938987479326333
181,mountains_00305_LD.png,1400,1.333,12.617,0.1194,6.08,50.028,0.0,250.874,250.874,250.874,98.382,-0.002415,0.004578,0.0,0.0,0.9838,32.174,32.174,32.174,12.617,0.0003097,0.0005871,-0.0,0.0,0.1262,0.04493,18.168,0.05125,-0.075,20.582,0.4399,0.3012,0.3052,-1.079,-0.47,-0.4855,0.008391,1.32,2.322,0.483,0.7175,0.001222,94.681,4.341,4.433,0.0008434,5.093e-05,,5029167,968,34,30,34,106,-0.6971414348463417,0.0784124127331122,0.012383131235845722,0.16937033217692576,0.3513745521767596,0.2124548592844392,0.014725043787781444
182,city_00222_LD.png,1400,1.333,20.1,0.2522,13.266,94.619,0.0,244.244,244.244,244.244,95.782,-0.002351,0.004457,0.0,0.0,0.9578,51.256,51.256,51.256,20.1,0.0004934,0.0009353,-0.0,0.0,0.201,0.2834,8.393,0.005,0.04167,16.894,0.481,0.4518,0.4475,-1.16,-0.476,-0.4619,0.003562,1.451,2.508,0.6272,0.8612,0.001021,96.426,4.154,4.481,0.0005225,2.882e-05,,4897752,910,27,35,18,118,-1.1153373577337864,-0.16242937264128568,0.01936684035149472,0.20270964016008602,0.43519378555417165,-0.2681063098027219,0.05892411920333773
183,city_00473_LD.png,1400,1.333,24.549,0.3447,20.208,131.788,0.0,238.574,238.574,238.574,93.558,-0.002297,0.004354,0.0,0.0,0.9356,62.601,62.601,62.601,24.549,0.0006027,0.001142,-0.0,0.0,0.2455,0.6136,2.926,-0.01375,-0.005,15.303,0.4843,0.4768,0.4767,-1.195,-0.4744,-0.5019,0.002854,1.617,2.686,0.6931,0.857,0.001075,97.416,4.237,4.483,0.0003906,2.167e-05,,5114883,898,41,30,16,123,-1.1998030809716616,0.19541200066782957,0.025300432914004554,0.2093267132394349,0.4288847782552945,-0.13089825394735866,0.40003825884319844
184,forests_00241_LD.png,1400,1.333,19.948,0.2492,13.679,97.55,0.0,244.413,244.413,244.413,95.848,-0.002353,0.00446,0.0,0.0,0.9585,50.868,50.868,50.868,19.948,0.0004897,0.0009283,-0.0,0.0,0.1995,0.1675,9.093,-0.01375,0.04333,21.974,0.4644,0.4545,0.496,-1.126,-0.4592,-0.4504,0.004536,1.485,2.488,0.5848,0.8596,0.001049,98.508,4.05,4.405,0.000435,2.321e-05,,5574393,907,23,47,20,135,-1.1309776082451581,-0.44386131192624767,0.015325294108138184,0.2104221039618371,0.3987100984664775,-0.44308556756154127,-0.16205283262631726
185,forests_00195_LD.png,1400,1.333,24.302,0.3394,19.591,142.123,0.0,238.927,238.927,238.927,93.697,-0.0023,0.00436,0.0,0.0,0.937,61.97,61.97,61.97,24.302,0.0005966,0.001131,-0.0,0.0,0.243,0.4973,3.745,0.0175,-0.006667,10.403,0.5857,0.5911,0.5906,-1.013,-0.4467,-0.3862,0.008924,1.608,2.636,0.7615,0.8724,0.001159,99.641,3.492,4.127,0.0001958,7.984e-06,,5227843,991,39,30,57,88,-0.2712394195205231,0.16421077707933085,0.032759262208785174,0.2219922768711744,0.4083562689849721,0.6099573393379265,-0.1606193725316647
186,city_00410_LD.png,1400,1.333,20.758,0.2653,13.887,93.856,0.0,243.493,243.493,243.493,95.488,-0.002344,0.004443,0.0,0.0,0.9549,52.932,52.932,52.932,20.758,0.0005096,0.0009659,-0.0,0.0,0.2076,0.4683,14.64,-0.02625,0.06833,24.282,0.4888,0.4261,0.4001,-1.154,-0.4881,-0.4994,0.00398,1.523,2.629,0.5605,0.8615,0.001191,93.206,4.193,4.485,0.000639,2.585e-05,,4715938,842,38,24,22,109,-0.9623419509665684,0.2868939169230392,0.017824111002625265,0.19106464762486242,0.37266557662458194,0.11588277601956254,0.33794274762470133
187,city_20081106_00061_LD.png,1400,1.333,21.803,0.2866,14.998,105.508,0.0,242.24,242.24,242.24,94.996,-0.002332,0.004421,0.0,0.0,0.95,55.597,55.597,55.597,21.803,0.0005352,0.001015,-0.0,0.0,0.218,0.2702,35.44,-0.01375,0.1767,24.3,0.4798,0.298,0.3421,-1.075,-0.4637,-0.4387,0.004946,1.51,2.629,0.517,0.8724,0.001185,94.491,3.949,4.363,0.0005758,3.272e-05,,4976484,886,36,33,9,126,-1.5010859460440247,0.05451891484810106,0.014829911997057058,0.21408161706606532,0.487643500951763,-0.4583126360428702,0.4585365392882814
188,beaches_00162_LD.png,1400,1.333,10.668,0.09066,3.658,29.331,0.0,252.064,252.064,252.064,98.849,-0.002427,0.0046,0.0,0.0,0.9885,27.203,27.203,27.203,10.668,0.0002619,0.0004964,-0.0,0.0,0.1067,0.02513,29.728,-0.075,0.1283,31.886,0.3592,0.2543,0.1837,-1.226,-0.4922,-0.4944,0.004389,1.287,2.355,0.24,0.5289,0.001486,83.399,3.94,4.134,0.001224,3.938e-05,,5759518,1052,44,35,43,110,-0.5797377186539939,0.14327126439911445,0.014625531271216076,0.17783508567248427,0.4534954471830178,0.34577927441280965,6.54549162001361e-05
189,beaches_20081106_00053_LD.png,1400,1.333,14.451,0.1489,6.999,55.476,0.0,249.558,249.558,249.558,97.866,-0.002403,0.004554,0.0,0.0,0.9787,36.851,36.851,36.851,14.451,0.0003548,0.0006725,-0.0,0.0,0.1445,0.06827,22.027,-0.09125,0.06167,29.728,0.3925,0.3515,0.3333,-1.207,-0.4824,-0.4971,0.002872,1.269,2.298,0.5117,0.7791,0.001149,93.175,3.888,4.341,0.0007652,3.755e-05,,5723300,1012,23,51,30,129,-0.8827738155173179,-0.4935533950895455,0.013751958606401318,0.24218699695619267,0.3936370936947363,-0.26888832110785343,-0.3457094284282267
190,city_00536_LD.png,1400,1.333,26.352,0.3846,21.889,143.933,0.0,235.855,235.855,235.855,92.492,-0.002271,0.004304,0.0,0.0,0.9249,67.196,67.196,67.196,26.352,0.0006469,0.001226,-0.0,0.0,0.2635,0.6325,19.359,-0.005,0.09667,19.088,0.5511,0.4762,0.4753,-1.113,-0.4304,-0.3851,0.005202,1.625,2.73,0.615,0.8844,0.001127,97.611,3.728,4.222,0.0002976,1.727e-05,,5231060,878,34,27,34,117,-0.7548631040416534,0.1443223863146038,0.027638400466914393,0.1963282578554165,0.5166127295525974,0.2032696640899121,0.10185453306348158
191,beaches_00390_LD.png,1400,1.333,16.521,0.1847,9.103,67.637,0.0,247.839,247.839,247.839,97.192,-0.002386,0.004523,0.0,0.0,0.9719,42.127,42.127,42.127,16.521,0.0004056,0.0007688,-0.0,0.0,0.1652,0.1573,14.181,0.065,0.02833,28.993,0.4668,0.4476,0.3687,-1.139,-0.468,-0.4417,0.003606,1.366,2.445,0.4358,0.7639,0.001167,91.882,4.036,4.433,0.0006344,3.134e-05,,5631199,989,41,33,27,128,-0.9377223852806132,0.1359106806464805,0.010539440451677953,0.2533048391333113,0.3793299567567717,0.04898606906863823,0.2003677090085687
192,mountains_00223_LD.png,1400,1.333,12.015,0.1102,5.393,45.449,0.0,251.264,251.264,251.264,98.535,-0.002419,0.004585,0.0,0.0,0.9854,30.638,30.638,30.638,12.015,0.000295,0.0005591,-0.0,0.0,0.1201,0.03882,16.364,-0.005,-0.08167,15.021,0.3766,0.3372,0.3349,-1.088,-0.4733,-0.4729,0.007366,1.274,2.293,0.5736,0.6914,0.001223,94.504,4.312,4.443,0.0008692,4.952e-05,,4838446,837,37,22,51,86,-0.3258662556175039,0.32423158413730263,0.01277719340911341,0.1529321488087771,0.3033609140823643,0.6575402281335841,0.0016354227975061142
193,mountains_00323_LD.png,1400,1.333,13.97,0.1409,7.201,61.423,0.0,249.922,249.922,249.922,98.009,-0.002406,0.004561,0.0,0.0,0.9801,35.623,35.623,35.623,13.97,0.000343,0.0006501,-0.0,0.0,0.1397,0.06118,33.7,-0.0075,-0.1683,13.026,0.4398,0.2837,0.3053,-1.059,-0.4628,-0.484,0.009245,1.355,2.327,0.5128,0.7756,0.001115,93.838,4.329,4.482,0.0006728,4.598e-05,,5215839,890,29,40,36,105,-0.6578441244318577,-0.20115201610437317,0.020169582151047836,0.206949635657513,0.291693674298164,0.08344780130533125,-0.23638793371162378
194,highways_00371_LD.png,1400,1.333,21.098,0.2722,13.01,89.847,0.0,243.094,243.094,243.094,95.331,-0.00234,0.004436,0.0,0.0,0.9533,53.799,53.799,53.799,21.098,0.0005179,0.0009818,-0.0,0.0,0.211,0.467,13.132,0.06,-0.02667,21.309,0.4981,0.4609,0.4158,-1.137,-0.4943,-0.4446,0.004377,1.527,2.644,0.5287,0.8399,0.001302,90.62,3.887,4.307,0.0007421,2.889e-05,,5814701,1030,43,35,37,121,-0.7251591010430893,0.12890111114904187,0.010993067260750862,0.1616593925831641,0.4390732759406527,0.21865652411541858,0.07213268822797125
195,forests_00267_LD.png,1400,1.333,21.266,0.2756,14.558,98.032,0.0,242.893,242.893,242.893,95.252,-0.002338,0.004432,0.0,0.0,0.9525,54.229,54.229,54.229,21.266,0.0005221,0.0009896,-0.0,0.0,0.2127,0.3128,14.56,0.07,0.02,19.27,0.4545,0.4349,0.4021,-1.164,-0.4615,-0.4183,0.007898,1.483,2.54,0.586,0.841,0.00121,97.606,3.482,4.073,0.000431,2.24e-05,,5649851,1038,27,51,42,110,-0.5938213929935198,-0.3957252958144873,0.022272170966044235,0.2184344831783393,0.40826202907397213,0.023629755424202425,-0.4322947296757736
196,city_20081106_00028_LD.png,1400,1.333,27.926,0.4204,25.699,149.386,0.0,233.26,233.26,233.26,91.474,-0.002246,0.004257,0.0,0.0,0.9147,71.212,71.212,71.212,27.926,0.0006856,0.0013,-0.0,0.0,0.2793,0.8278,15.605,-0.06125,-0.04833,15.791,0.5424,0.5171,0.5174,-0.9583,-0.4272,-0.3514,0.005214,1.711,2.866,0.6935,0.8854,0.001103,98.519,3.883,4.355,0.0003295,1.605e-05,,5020192,878,38,27,51,89,-0.34702647570686246,0.21371510579760294,0.031998273073209044,0.27509299492415,0.4090534149806085,0.5765537348352727,-0.07648521981430273
197,highways_00300_LD.png,1400,1.333,16.716,0.1882,9.585,74.713,0.0,247.663,247.663,247.663,97.123,-0.002384,0.00452,0.0,0.0,0.9712,42.626,42.626,42.626,16.716,0.0004104,0.0007779,-0.0,0.0,0.1672,0.1194,14.595,-0.01375,0.07167,21.637,0.4312,0.3585,0.36,-1.066,-0.4617,-0.4484,0.007838,1.395,2.431,0.4965,0.8329,0.001238,94.647,4.172,4.452,0.0006228,4.082e-05,,5620412,1000,32,47,24,127,-0.9988222723706843,-0.2402627348027283,0.022532612293799388,0.2758696876680293,0.4899940850233034,-0.21774595959093124,-0.07183379646172278
198,city_00424_LD.png,1400,1.333,24.544,0.3446,19.619,129.439,0.0,238.582,238.582,238.582,93.561,-0.002297,0.004354,0.0,0.0,0.9356,62.587,62.587,62.587,24.544,0.0006025,0.001142,-0.0,0.0,0.2454,0.563,16.125,0.08,-0.01,19.497,0.5209,0.5221,0.5253,-1.078,-0.4757,-0.4406,0.004049,1.617,2.731,0.6226,0.8776,0.00108,97.609,3.926,4.407,0.0003329,2.122e-05,,4907605,924,28,35,42,94,-0.49918784205087663,-0.13971029888186212,0.022323804370811284,0.2239708332994523,0.4749470299106946,0.2485151073448842,-0.2776151702312981
199,mountains_00198_LD.png,1400,1.333,10.384,0.08672,4.076,35.272,0.0,252.22,252.22,252.22,98.91,-0.002428,0.004603,0.0,0.0,0.9891,26.48,26.48,26.48,10.384,0.0002549,0.0004832,-0.0,0.0,0.1038,0.02079,36.105,-0.01375,-0.18,13.795,0.4254,0.2299,0.2349,-1.125,-0.4914,-0.4895,0.007923,1.227,2.23,0.4104,0.6773,0.001384,89.692,4.39,4.348,0.001006,4.91e-05,,5341684,861,50,24,61,85,-0.20750378326308666,0.4556403137378794,0.014722792135925228,0.19943457604272416,0.3033609140823643,0.8300028727588662,0.04080895066954415
200,mountains_20081106_00075_LD.png,1400,1.333,15.268,0.1627,8.39,70.013,0.0,248.91,248.91,248.91,97.612,-0.002396,0.004542,0.0,0.0,0.9761,38.933,38.933,38.933,15.268,0.0003748,0.0007105,-0.0,0.0,0.1527,0.06734,20.673,-0.0025,-0.1033,11.564,0.4822,0.3401,0.3539,-1.122,-0.4834,-0.4876,0.006514,1.373,2.368,0.6294,0.8225,0.001095,96.173,4.375,4.521,0.0005935,3.504e-05,,5000431,939,26,39,39,101,-0.5870906048048712,-0.2533471031357997,0.01991766375604591,0.27776120414108585,0.42287157938980324,0.11118714944140085,-0.3198200391316028
201,beaches_00382_LD.png,1400,1.333,11.035,0.09587,3.655,34.626,0.0,251.856,251.856,251.856,98.767,-0.002425,0.004596,0.0,0.0,0.9877,28.139,28.139,28.139,11.035,0.0002709,0.0005135,-0.0,0.0,0.1104,0.03299,38.67,-0.0025,-0.1933,20.74,0.4657,0.1292,0.1297,-1.066,-0.4663,-0.4433,0.009674,1.314,2.415,0.1278,0.08898,0.002061,82.157,2.871,3.581,0.001257,2.64e-05,,5612245,1041,42,36,40,108,-0.6119957936995944,0.09655861528963908,0.008435183268616345,0.1345934106476321,0.3131185829213028,0.292495514322835,-0.019517596509626978
202,city_00343_LD.png,1400,1.333,22.607,0.3033,16.015,107.708,0.0,241.223,241.223,241.223,94.597,-0.002322,0.004402,0.0,0.0,0.946,57.648,57.648,57.648,22.607,0.000555,0.001052,-0.0,0.0,0.2261,0.3915,27.415,-0.02375,-0.135,12.281,0.4804,0.3057,0.3107,-1.155,-0.4986,-0.4969,0.003123,1.598,2.749,0.5524,0.8603,0.001188,95.097,4.06,4.43,0.0006311,2.71e-05,,5132324,850,16,44,26,123,-0.9365437682452578,-0.6229257232100878,0.020759171967702536,0.23699753521440914,0.4454808559308865,-0.3873912346401558,-0.42044540760860455
203,forests_00197_LD.png,1400,1.333,18.456,0.2204,10.577,88.18,0.0,245.996,245.996,245.996,96.469,-0.002368,0.004489,0.0,0.0,0.9647,47.064,47.064,47.064,18.456,0.0004531,0.0008589,-0.0,0.0,0.1846,0.2558,20.117,-0.0375,0.09333,25.464,0.4684,0.3926,0.3925,-1.127,-0.4605,-0.424,0.008584,1.415,2.507,0.5887,0.8294,0.001329,95.727,3.163,3.919,0.000532,3.35e-05,,5341235,975,14,57,36,111,-0.6906334541127064,-0.8517259806982667,0.013870622260729628,0.2646989071054055,0.435899243227105,-0.31829374340871763,-0.7491504077667226
204,city_00189_LD.png,1400,1.333,25.162,0.3581,21.022,139.989,0.0,237.679,237.679,237.679,93.207,-0.002288,0.004337,0.0,0.0,0.9321,64.163,64.163,64.163,25.162,0.0006177,0.001171,-0.0,0.0,0.2516,0.5189,5.333,0.0,0.02667,12.5,0.5574,0.5537,0.5421,-1.034,-0.4467,-0.3824,0.006888,1.618,2.741,0.7171,0.8827,0.001076,99.003,4.048,4.443,0.0002541,1.632e-05,,5062539,915,24,44,11,128,-1.4109024444974947,-0.37739194382855384,0.03132962956808474,0.2538762783217037,0.4889831389013197,-0.6335365237533248,0.05359624372653782
205,forests_00189_LD.png,1400,1.333,22.722,0.3057,18.005,129.509,0.0,241.074,241.074,241.074,94.539,-0.002321,0.004399,0.0,0.0,0.9454,57.942,57.942,57.942,22.722,0.0005578,0.001057,-0.0,0.0,0.2272,0.3543,4.693,0.0225,0.006667,11.839,0.563,0.5328,0.5498,-1.007,-0.4244,-0.3875,0.007668,1.565,2.655,0.7213,0.8804,0.001024,99.123,3.957,4.408,0.0002117,9.619e-06,,5233174,993,31,38,38,107,-0.6369799079909213,-0.12749235373106182,0.030354778723698458,0.22962208008255075,0.3978395053990372,0.14295069190973198,-0.1882167037256126
206,highways_00328_LD.png,1400,1.333,14.75,0.1539,7.68,59.347,0.0,249.326,249.326,249.326,97.775,-0.0024,0.00455,0.0,0.0,0.9777,37.613,37.613,37.613,14.75,0.0003621,0.0006864,-0.0,0.0,0.1475,0.1089,28.88,-0.0175,-0.1433,19.986,0.4376,0.3082,0.2805,-1.122,-0.4775,-0.4488,0.004842,1.41,2.503,0.4187,0.6685,0.001355,89.149,4.071,4.269,0.0008708,2.984e-05,,5690490,1022,36,41,20,134,-1.1270052536677486,-0.08147408306069102,0.016271409114397554,0.17544014281717038,0.32834267608891554,-0.23098451561709543,0.13180670356368884
207,mountains_00307_LD.png,1400,1.333,16.282,0.1804,9.541,76.622,0.0,248.051,248.051,248.051,97.275,-0.002388,0.004527,0.0,0.0,0.9727,41.518,41.518,41.518,16.282,0.0003997,0.0007577,-0.0,0.0,0.1628,0.09429,15.722,0.04875,-0.06167,9.309,0.4808,0.4038,0.3797,-1.121,-0.4796,-0.4751,0.005296,1.368,2.379,0.6485,0.809,0.001013,96.286,4.413,4.528,0.0005393,2.996e-05,,4927601,927,15,46,14,125,-1.277462960853346,-0.6874435234498772,0.01991766375604591,0.22560131896913932,0.37980453142543746,-0.7031796897572169,-0.27668834151753496
208,highways_20081106_00091_LD.png,1400,1.333,19.332,0.2372,12.979,94.437,0.0,245.084,245.084,245.084,96.111,-0.002359,0.004472,0.0,0.0,0.9611,49.297,49.297,49.297,19.332,0.0004746,0.0008996,-0.0,0.0,0.1933,0.2035,18.802,-0.01125,-0.09333,11.357,0.514,0.4368,0.4263,-1.028,-0.4512,-0.3931,0.006823,1.494,2.558,0.5625,0.8557,0.00111,96.096,3.96,4.388,0.0004562,2.483e-05,,5747814,1094,34,46,38,116,-0.6847423917820559,-0.18911842627279252,0.028820448704124427,0.21841573711810003,0.4593678289692719,0.06840140948786522,-0.21105159293493012
209,highways_00324_LD.png,1400,1.333,15.426,0.1654,7.385,49.741,0.0,248.781,248.781,248.781,97.561,-0.002395,0.00454,0.0,0.0,0.9756,39.335,39.335,39.335,15.426,0.0003787,0.0007178,-0.0,0.0,0.1543,0.1311,22.534,0.055,-0.09833,29.526,0.4992,0.347,0.343,-1.126,-0.4693,-0.4427,0.004651,1.445,2.521,0.2367,0.5521,0.001693,83.395,3.552,3.875,0.001092,3.534e-05,,5759268,1039,58,24,30,122,-0.8510585268385689,0.5455637418225953,0.015666262262662087,0.18573795686117062,0.3121115352121588,0.3559047417884782,0.48519604893793056
210,highways_00408_LD.png,1400,1.333,15.616,0.1687,7.241,52.899,0.0,248.622,248.622,248.622,97.499,-0.002394,0.004537,0.0,0.0,0.975,39.82,39.82,39.82,15.616,0.0003834,0.0007267,-0.0,0.0,0.1562,0.1759,41.231,-0.05,-0.2,22.328,0.5013,0.1595,0.128,-1.234,-0.5039,-0.4789,0.00397,1.427,2.56,0.2881,0.7309,0.0016,84.414,3.841,4.272,0.001066,3.179e-05,,5554056,957,41,31,37,116,-0.7004278789153471,0.17495994016573252,0.013178911986015632,0.12246999066226077,0.4029161593824932,0.26541239729101435,0.09551938106616642
211,mountains_00439_LD.png,1400,1.333,12.633,0.1197,5.719,44.793,0.0,250.863,250.863,250.863,98.378,-0.002415,0.004578,0.0,0.0,0.9838,32.215,32.215,32.215,12.633,0.0003101,0.0005879,-0.0,0.0,0.1263,0.03565,10.833,-0.0325,-0.04333,19.648,0.4022,0.331,0.3404,-1.162,-0.454,-0.448,0.004269,1.27,2.409,0.5752,0.7917,0.001138,92.212,4.303,4.491,0.0009353,4.429e-05,,4821235,814,22,35,32,107,-0.7381362545340356,-0.289851529166503,0.007843988193239514,0.1897236151837266,0.408430603994957,-0.03328850083020585,-0.26259986873223284
212,city_00332_LD.png,1400,1.333,21.896,0.2885,15.581,94.433,0.0,242.124,242.124,242.124,94.951,-0.002331,0.004418,0.0,0.0,0.9495,55.835,55.835,55.835,21.896,0.0005375,0.001019,-0.0,0.0,0.219,0.5048,8.413,0.035,0.02333,23.015,0.5259,0.5302,0.4742,-1.194,-0.468,-0.4758,0.002575,1.583,2.693,0.5603,0.8511,0.001222,91.386,4.022,4.405,0.0007173,3.174e-05,,5001319,778,35,32,20,118,-1.0584396026633438,0.05614803157684658,0.022326171915793672,0.2174206017187844,0.601698365031502,-0.09563570638059649,0.204757336002532
213,mountains_00215_LD.png,1400,1.333,12.479,0.1173,5.795,49.477,0.0,250.965,250.965,250.965,98.418,-0.002416,0.00458,0.0,0.0,0.9842,31.821,31.821,31.821,12.479,0.0003064,0.0005807,-0.0,0.0,0.1248,0.03062,25.859,0.04375,-0.1217,18.39,0.5194,0.2908,0.2736,-1.075,-0.4717,-0.4767,0.008974,1.315,2.293,0.4276,0.6887,0.001298,92.907,4.285,4.327,0.0008366,4.813e-05,,5201601,917,31,35,25,119,-0.9399909121894657,-0.0760316231203884,0.016588243682890507,0.19823031148559092,0.3000992026716818,-0.07501660222187145,0.028472322644763848
214,highways_00516_LD.png,1400,1.333,19.486,0.2401,12.549,89.299,0.0,244.92,244.92,244.92,96.047,-0.002358,0.004469,0.0,0.0,0.9605,49.688,49.688,49.688,19.486,0.0004784,0.0009067,-0.0,0.0,0.1949,0.3353,7.353,0.01125,-0.035,17.024,0.4564,0.4564,0.4287,-1.136,-0.4668,-0.4204,0.003761,1.456,2.536,0.5744,0.8381,0.001121,94.656,4.077,4.409,0.0005114,3.405e-05,,5726125,982,49,27,46,110,-0.5392076393250993,0.37114932320228394,0.023403724501904546,0.21841573711810003,0.41375458579476765,0.5102341885331765,0.16293251185519575
215,city_00232_LD.png,1400,1.333,24.649,0.3469,18.637,114.185,0.0,238.431,238.431,238.431,93.502,-0.002295,0.004351,0.0,0.0,0.935,62.854,62.854,62.854,24.649,0.0006051,0.001147,-0.0,0.0,0.2465,0.6212,17.479,0.01125,-0.08667,20.164,0.5406,0.4391,0.4391,-1.009,-0.4411,-0.3975,0.004658,1.648,2.81,0.5805,0.8904,0.001211,93.585,3.909,4.32,0.0006504,2.181e-05,,4821554,894,36,29,4,128,-1.8763585618945948,0.13538473551751684,0.017248054229012325,0.33976709764730323,0.4863042132485642,-0.7183862845278417,0.7409024623802564
216,highways_00416_LD.png,1400,1.333,20.155,0.2533,12.12,89.455,0.0,244.183,244.183,244.183,95.758,-0.002351,0.004456,0.0,0.0,0.9576,51.395,51.395,51.395,20.155,0.0004948,0.0009379,-0.0,0.0,0.2015,0.2707,8.31,-0.03875,0.015,20.395,0.482,0.4629,0.416,-1.237,-0.4965,-0.5134,0.004152,1.474,2.532,0.6018,0.853,0.001185,93.627,3.64,4.16,0.000689,2.448e-05,,5479129,1047,55,18,38,112,-0.664036943094355,0.6853062559566708,0.012612632107559496,0.21663817281670056,0.4566986847890859,0.5892797778437853,0.49160975214983504
217,highways_00390_LD.png,1400,1.333,15.847,0.1728,8.825,65.166,0.0,248.427,248.427,248.427,97.422,-0.002392,0.004533,0.0,0.0,0.9742,40.41,40.41,40.41,15.847,0.000389,0.0007374,-0.0,0.0,0.1585,0.1083,8.842,0.00875,-0.04333,18.393,0.4085,0.359,0.3581,-1.161,-0.4854,-0.4895,0.002595,1.4,2.424,0.4835,0.7786,0.001328,93.522,4.226,4.383,0.0007491,3.646e-05,,5678970,995,35,40,35,121,-0.757554130793716,-0.08365173390712909,0.018960419798538176,0.20343267724242156,0.43364280176994086,0.06968209562260363,-0.08289882324390901
218,mountains_00108_LD.png,1400,1.333,12.15,0.1123,5.561,45.889,0.0,251.178,251.178,251.178,98.501,-0.002418,0.004584,0.0,0.0,0.985,30.983,30.983,30.983,12.15,0.0002983,0.0005654,-0.0,0.0,0.1215,0.03465,9.347,0.0025,-0.04667,16.721,0.4012,0.3449,0.3391,-1.144,-0.4855,-0.4963,0.006008,1.296,2.283,0.5544,0.7463,0.001269,92.653,4.454,4.465,0.0008198,4.32e-05,,5143820,879,35,30,55,89,-0.30037793955496395,0.09655861528963908,0.010977360832734309,0.19418149263882167,0.291693674298164,0.5471548542036679,-0.19911243951232194
219,forests_00298_LD.png,1400,1.333,17.513,0.2027,10.094,75.944,0.0,246.923,246.923,246.923,96.833,-0.002377,0.004506,0.0,0.0,0.9683,44.658,44.658,44.658,17.513,0.0004299,0.0008149,-0.0,0.0,0.1751,0.1237,40.716,0.01,0.2033,28.305,0.5032,0.1995,0.1884,-1.103,-0.4655,-0.4427,0.008215,1.444,2.524,0.337,0.8134,0.001266,89.109,4.054,4.438,0.0007872,3.193e-05,,5658167,1014,13,65,17,135,-1.216789777201825,-0.9674215661017012,0.01661506834794525,0.21343924355136526,0.45504566240512956,-0.8149564036194619,-0.5404588967728847
220,city_00660_LD.png,1400,1.333,26.156,0.3802,21.054,136.771,0.0,236.163,236.163,236.163,92.613,-0.002274,0.00431,0.0,0.0,0.9261,66.698,66.698,66.698,26.156,0.0006421,0.001217,-0.0,0.0,0.2616,0.8491,10.74,0.00625,0.05333,18.506,0.5606,0.539,0.5397,-1.068,-0.457,-0.3686,0.01065,1.634,2.785,0.6324,0.8612,0.001215,97.918,3.553,4.205,0.0003222,1.851e-05,,5067670,923,31,35,15,124,-1.2376999488559481,-0.0760316231203884,0.03142249641007288,0.23782337625353356,0.4520877139846671,-0.31830942304611565,0.20005109128548793
221,forests_00294_LD.png,1400,1.333,23.664,0.3256,18.953,131.52,0.0,239.816,239.816,239.816,94.045,-0.002309,0.004376,0.0,0.0,0.9405,60.344,60.344,60.344,23.664,0.0005809,0.001101,-0.0,0.0,0.2366,0.4243,2.539,-0.005,0.01167,10.913,0.568,0.5732,0.5681,-1.119,-0.4486,-0.4588,0.004164,1.563,2.59,0.7841,0.8718,0.00106,99.325,3.949,4.417,0.0002475,1.274e-05,,5591616,1063,46,29,58,95,-0.30788487564409184,0.2880175125636401,0.025596943866963626,0.2388227634608589,0.4316752382251177,0.6513636431947397,-0.03832254016588599
222,city_00140_LD.png,1400,1.333,19.954,0.2493,13.418,91.015,0.0,244.407,244.407,244.407,95.846,-0.002353,0.00446,0.0,0.0,0.9585,50.883,50.883,50.883,19.954,0.0004899,0.0009285,-0.0,0.0,0.1995,0.3634,25.446,0.03125,0.1233,24.152,0.5729,0.3482,0.3368,-1.076,-0.4602,-0.4357,0.004332,1.517,2.573,0.5903,0.8676,0.001041,93.396,4.353,4.534,0.00058,2.817e-05,,5128565,917,29,37,10,133,-1.4763120533416432,-0.15250597424624437,0.018933864679820403,0.19106464762486242,0.3943260981030145,-0.5573817326369113,0.2750743781645346
223,offices_00280_LD.png,1400,1.333,22.116,0.293,15.419,102.957,0.0,241.849,241.849,241.849,94.843,-0.002328,0.004413,0.0,0.0,0.9484,56.397,56.397,56.397,22.116,0.0005429,0.001029,-0.0,0.0,0.2212,0.3603,15.734,0.05625,0.055,17.983,0.4462,0.4515,0.407,-1.192,-0.4496,-0.4655,0.005177,1.496,2.588,0.6706,0.8577,0.001181,97.349,3.642,4.136,0.0004616,3.271e-05,,5682294,982,47,26,43,115,-0.6063177147648997,0.3687302925950995,0.016783774422574678,0.19838127286930435,0.4299266996829402,0.45399654778222387,0.19963321617242913
224,forests_20081106_00033_LD.png,1400,1.333,20.558,0.2613,14.888,106.156,0.0,243.724,243.724,243.724,95.578,-0.002346,0.004448,0.0,0.0,0.9558,52.423,52.423,52.423,20.558,0.0005047,0.0009567,-0.0,0.0,0.2056,0.2075,2.007,0.0075,0.006667,11.143,0.5051,0.4816,0.4995,-1.142,-0.4673,-0.493,0.003346,1.495,2.53,0.7114,0.8742,0.0009366,98.152,4.281,4.498,0.0003237,2e-05,,5780222,1048,27,53,35,121,-0.757554130793716,-0.419295753041396,0.016916709100155403,0.23073379443674252,0.384371291094181,-0.12375975669576389,-0.3571927483538958
225,mountains_20081106_00094_LD.png,1400,1.333,14.264,0.1458,7.493,65.911,0.0,249.702,249.702,249.702,97.922,-0.002404,0.004557,0.0,0.0,0.9792,36.373,36.373,36.373,14.264,0.0003502,0.0006638,-0.0,0.0,0.1426,0.04561,22.08,0.02125,-0.1083,11.269,0.4694,0.3119,0.3391,-1.047,-0.4942,-0.4875,0.01011,1.327,2.248,0.6159,0.7746,0.001177,96.483,4.318,4.49,0.0005681,4.726e-05,,4797246,830,25,31,38,101,-0.6026183804661934,-0.13468979400891956,0.018169776161738947,0.2048581850052604,0.33849517464488926,0.1668834052020831,-0.2139021656613474
226,city_00294_LD.png,1400,1.333,18.405,0.2194,10.308,83.662,0.0,246.047,246.047,246.047,96.489,-0.002369,0.00449,0.0,0.0,0.9649,46.934,46.934,46.934,18.405,0.0004518,0.0008565,-0.0,0.0,0.1841,0.2401,17.945,-0.04375,0.07833,24.059,0.4285,0.3778,0.355,-1.182,-0.5205,-0.4846,0.005767,1.431,2.49,0.5469,0.8514,0.001236,93.806,3.752,4.266,0.0006994,3.288e-05,,5026209,881,19,40,23,122,-1.0001428550721199,-0.4620188586491208,0.022309659186105963,0.20835691690389646,0.4164402173050335,-0.3466299578339975,-0.2522955303526758
227,mountains_00104_LD.png,1400,1.333,13.843,0.1389,7.192,57.215,0.0,250.016,250.016,250.016,98.045,-0.002407,0.004562,0.0,0.0,0.9805,35.301,35.301,35.301,13.843,0.0003398,0.0006442,-0.0,0.0,0.1384,0.05131,2.678,-0.00125,0.01333,17.323,0.443,0.4245,0.3787,-1.167,-0.4901,-0.4984,0.005251,1.326,2.255,0.6823,0.8359,0.0009815,98.428,4.502,4.548,0.0006302,3.189e-05,,5310811,967,25,45,22,125,-1.0378933112648447,-0.36610635680056963,0.01559283419711615,0.23639201465523332,0.5214778176924341,-0.32220297344909854,-0.15215748869283974
228,offices_00678_LD.png,1400,1.333,20.247,0.2551,11.921,94.167,0.0,244.079,244.079,244.079,95.717,-0.00235,0.004454,0.0,0.0,0.9572,51.63,51.63,51.63,20.247,0.0004971,0.0009422,-0.0,0.0,0.2025,0.2832,14.368,0.005,0.07167,17.465,0.4842,0.3447,0.3124,-1.244,-0.5126,-0.4642,0.004266,1.438,2.524,0.548,0.8054,0.001438,96.519,3.098,3.801,0.0006135,3.11e-05,,5470492,980,35,34,23,131,-1.0392224351527357,0.018164971926272474,0.02309567790197731,0.18418942391443388,0.47248406526963976,-0.1018219066141085,0.16264150436856395
229,offices_20081106_00003_LD.png,1400,1.333,24.266,0.3386,17.656,123.735,0.0,238.978,238.978,238.978,93.717,-0.002301,0.004361,0.0,0.0,0.9372,61.879,61.879,61.879,24.266,0.0005957,0.001129,-0.0,0.0,0.2427,0.7989,2.917,0.00875,-0.01167,17.647,0.4876,0.4867,0.4837,-1.226,-0.4759,-0.4655,0.005537,1.549,2.676,0.6258,0.8562,0.001237,97.381,3.511,4.112,0.0004023,2.832e-05,,5938556,1023,36,46,18,142,-1.213339622488518,-0.15344319882333432,0.02251677193745784,0.1872244317218095,0.48734519191009174,-0.34301640003908695,0.12274945584735864
230,beaches_00355_LD.png,1400,1.333,13.758,0.1375,5.858,43.779,0.0,250.078,250.078,250.078,98.07,-0.002408,0.004564,0.0,0.0,0.9807,35.082,35.082,35.082,13.758,0.0003377,0.0006402,-0.0,0.0,0.1376,0.07824,7.12,0.0125,-0.03333,17.712,0.3976,0.3271,0.3014,-1.226,-0.4613,-0.4346,0.007529,1.282,2.403,0.4689,0.7407,0.001518,89.342,3.063,3.781,0.001024,3.109e-05,,5769917,957,33,49,47,104,-0.49228687636440494,-0.24703899073897723,0.015794707931211873,0.17637105050972854,0.32026504091127483,0.19229790424016313,-0.3693032146986548
231,offices_00484_LD.png,1400,1.333,22.476,0.3005,17.262,107.756,0.0,241.392,241.392,241.392,94.664,-0.002324,0.004405,0.0,0.0,0.9466,57.314,57.314,57.314,22.476,0.0005518,0.001046,-0.0,0.0,0.2248,0.3745,9.304,0.02375,-0.04,13.821,0.4827,0.4807,0.4584,-1.172,-0.4385,-0.4326,0.002613,1.56,2.656,0.6262,0.8667,0.001124,97.487,4.043,4.41,0.0004785,2.397e-05,,5900134,1064,47,31,54,109,-0.4363584404063606,0.2599896012310702,0.017530872196252458,0.23638484838460078,0.5022103929941693,0.5302195526753242,0.012815801502718382
232,beaches_00181_LD.png,1400,1.333,17.244,0.1978,10.568,76.514,0.0,247.178,247.178,247.178,96.932,-0.00238,0.004511,0.0,0.0,0.9693,43.971,43.971,43.971,17.244,0.0004233,0.0008024,-0.0,0.0,0.1724,0.1203,14.252,0.07,-0.01333,20.572,0.433,0.4376,0.4124,-1.15,-0.4604,-0.4528,0.003352,1.395,2.447,0.6025,0.8336,0.000998,96.826,4.373,4.525,0.0004695,2.134e-05,,5594047,982,41,37,31,117,-0.8082982339973791,0.06431683512387441,0.016408219671299278,0.2139933883165433,0.4569110758445748,0.11349194771609306,0.06726894390528126
233,forests_20081106_00005_LD.png,1400,1.333,15.322,0.1636,8.082,59.547,0.0,248.866,248.866,248.866,97.595,-0.002396,0.004541,0.0,0.0,0.9759,39.07,39.07,39.07,15.322,0.0003761,0.000713,-0.0,0.0,0.1532,0.09543,7.616,-0.015,-0.035,13.298,0.4696,0.4612,0.4508,-1.284,-0.473,-0.4972,0.003075,1.293,2.268,0.704,0.8284,0.001047,97.196,4.063,4.404,0.0005101,2.251e-05,,5541484,936,22,56,29,119,-0.8561914485324548,-0.5767585645077979,0.014352647114471309,0.26360762264124055,0.4260864757315263,-0.2951184334109014,-0.42902631543804925
234,city_00115_LD.png,1400,1.333,26.263,0.3826,23.495,141.26,0.0,235.995,235.995,235.995,92.547,-0.002272,0.004307,0.0,0.0,0.9255,66.972,66.972,66.972,26.263,0.0006447,0.001222,-0.0,0.0,0.2626,0.6951,6.378,0.00375,0.03167,12.915,0.5877,0.5151,0.5065,-1.033,-0.4373,-0.4255,0.003901,1.642,2.765,0.715,0.8689,0.001009,97.337,4.191,4.479,0.0003117,1.71e-05,,5476095,955,29,38,24,131,-1.0158991380912257,-0.16915891919847478,0.021684729954033404,0.25255143086898824,0.46315953636163265,-0.1907221702389793,-0.003884648230251808
235,mountains_00285_LD.png,1400,1.333,10.108,0.08293,3.728,34.251,0.0,252.368,252.368,252.368,98.968,-0.00243,0.004605,0.0,0.0,0.9897,25.774,25.774,25.774,10.108,0.0002481,0.0004703,-0.0,0.0,0.1011,0.01748,24.543,-0.0325,-0.1183,12.906,0.3799,0.2491,0.2784,-1.163,-0.4887,-0.5171,0.006099,1.126,2.094,0.5371,0.7101,0.001177,96.851,4.467,4.405,0.0008918,5.192e-05,,5151077,907,26,40,16,127,-1.216548036528596,-0.2690661378543142,0.019538341952535627,0.21199478525647877,0.4048796018621628,-0.4122753847129006,0.030109556275054017
236,forests_20081106_00009_LD.png,1400,1.333,21.733,0.2851,17.328,122.699,0.0,242.326,242.326,242.326,95.03,-0.002333,0.004422,0.0,0.0,0.9503,55.419,55.419,55.419,21.733,0.0005335,0.001011,-0.0,0.0,0.2173,0.2656,9.006,0.035,0.02833,12.714,0.5581,0.5647,0.5606,-1.04,-0.4486,-0.4401,0.006395,1.528,2.578,0.7589,0.8872,0.0008875,99.49,4.374,4.535,0.0001955,8.192e-06,,5730428,1034,26,55,24,128,-1.003147967662534,-0.46493876548308033,0.01619669358284279,0.23015820780585494,0.401946173339484,-0.35076861735179055,-0.2529497894724829
237,offices_20081106_00011_LD.png,1400,1.333,22.601,0.3031,16.413,108.264,0.0,241.231,241.231,241.231,94.6,-0.002322,0.004402,0.0,0.0,0.946,57.633,57.633,57.633,22.601,0.0005548,0.001052,-0.0,0.0,0.226,0.3551,15.202,0.02,0.07333,18.602,0.4668,0.4341,0.4048,-1.197,-0.4805,-0.4518,0.004195,1.549,2.614,0.6031,0.8597,0.001129,96.418,4.126,4.448,0.0004708,3.437e-05,,5159682,943,40,32,37,101,-0.6185211142097206,0.13971029888186212,0.016714523174855018,0.17861934942445604,0.448817278630873,0.3120325400274085,0.019507424069765855
238,forests_00119_LD.png,1400,1.333,23.594,0.3241,17.652,141.299,0.0,239.912,239.912,239.912,94.083,-0.00231,0.004378,0.0,0.0,0.9408,60.164,60.164,60.164,23.594,0.0005792,0.001098,-0.0,0.0,0.2359,0.4701,4.601,-0.01875,0.01333,11.266,0.6022,0.5762,0.5696,-0.9375,-0.4488,-0.382,0.0144,1.545,2.625,0.7746,0.8716,0.001283,99.33,3.189,3.846,0.0002193,9.724e-06,,5923037,971,51,31,76,84,-0.06270677794321385,0.31060942538225567,0.02637574902143727,0.2219922768711744,0.4083562689849721,0.8647477053244788,-0.16116364137406014
239,beaches_00193_LD.png,1400,1.333,10.246,0.08481,3.37,31.404,0.0,252.294,252.294,252.294,98.939,-0.002429,0.004604,0.0,0.0,0.9894,26.127,26.127,26.127,10.246,0.0002515,0.0004768,-0.0,0.0,0.1025,0.08499,11.634,-0.04375,0.03833,19.024,0.3926,0.3307,0.3154,-1.245,-0.4722,-0.4931,0.00409,1.073,2.145,0.5442,0.7637,0.001446,87.088,3.376,4.0,0.001086,2.719e-05,,5942659,1108,22,55,22,142,-1.107002880537908,-0.5659488219328631,0.015593631921879424,0.1970992436661495,0.4558655043949235,-0.4938557614065131,-0.27564215908437933
240,offices_00621_LD.png,1400,1.333,19.527,0.241,12.362,95.795,0.0,244.874,244.874,244.874,96.029,-0.002357,0.004469,0.0,0.0,0.9603,49.795,49.795,49.795,19.527,0.0004794,0.0009087,-0.0,0.0,0.1953,0.1862,8.078,0.0375,0.015,13.021,0.4354,0.3895,0.3978,-1.197,-0.482,-0.5044,0.003292,1.424,2.399,0.6657,0.8614,0.001127,98.401,3.906,4.289,0.000501,3.101e-05,,5589191,936,43,33,32,119,-0.799775190677156,0.16566441386855307,0.0239197750025798,0.1576967722996517,0.5173193819180543,0.17886681250032443,0.1451797970599651
241,beaches_00575_LD.png,1400,1.333,17.181,0.1966,9.527,77.365,0.0,247.236,247.236,247.236,96.955,-0.00238,0.004512,0.0,0.0,0.9696,43.812,43.812,43.812,17.181,0.0004218,0.0007995,-0.0,0.0,0.1718,0.1519,36.087,0.0125,-0.18,11.527,0.6224,0.3059,0.304,-1.056,-0.4707,-0.4375,0.008749,1.432,2.305,0.4393,0.7695,0.001529,92.291,2.97,3.646,0.0006461,2.189e-05,,5677352,1046,27,49,23,131,-1.0392224351527357,-0.37114932320228394,0.02410218456272959,0.2922078885852388,0.465057852396139,-0.32619557064642235,-0.15551267096182364
242,beaches_00224_LD.png,1400,1.333,13.322,0.1305,6.12,51.428,0.0,250.391,250.391,250.391,98.192,-0.002411,0.004569,0.0,0.0,0.9819,33.972,33.972,33.972,13.322,0.0003271,0.0006199,-0.0,0.0,0.1332,0.03968,24.734,0.075,0.09833,22.352,0.3388,0.2968,0.3063,-1.188,-0.4876,-0.4922,0.004501,1.257,2.278,0.5838,0.808,0.001134,96.179,3.947,4.322,0.0008157,4.368e-05,,5570549,1023,29,44,22,132,-1.0675705238781417,-0.26044498356070356,0.012750125568871751,0.19728563991862183,0.504478314703726,-0.28555982796502155,-0.04870536144326648
243,offices_20081106_00072_LD.png,1400,1.333,23.488,0.3219,18.014,111.611,0.0,240.056,240.056,240.056,94.14,-0.002311,0.004381,0.0,0.0,0.9414,59.895,59.895,59.895,23.488,0.0005766,0.001093,-0.0,0.0,0.2349,0.4585,17.236,0.07875,-0.035,16.552,0.4401,0.4413,0.3861,-1.156,-0.4454,-0.4018,0.004517,1.57,2.697,0.6154,0.8588,0.001159,96.773,3.987,4.343,0.0004708,2.833e-05,,5470325,948,37,35,37,112,-0.6797791739897172,0.03482131726034756,0.01769823539789815,0.16259244579798668,0.37910720004861304,0.20152071666763516,-0.03090472973570374
244,beaches_00408_LD.png,1400,1.333,15.32,0.1636,7.502,60.266,0.0,248.867,248.867,248.867,97.595,-0.002396,0.004542,0.0,0.0,0.976,39.067,39.067,39.067,15.32,0.0003761,0.0007129,-0.0,0.0,0.1532,0.1138,12.504,-0.0625,0.001667,21.212,0.4162,0.4152,0.4193,-1.171,-0.4962,-0.4587,0.005189,1.386,2.435,0.5435,0.828,0.001312,92.419,3.298,3.922,0.0008306,3.123e-05,,5701206,1061,25,51,38,117,-0.689795847123397,-0.44282165759651115,0.012515639199472219,0.1797016756412203,0.4997235318022847,-0.08194524420052762,-0.41546967119535627
245,offices_00600_LD.png,1400,1.333,26.223,0.3817,21.213,138.771,0.0,236.057,236.057,236.057,92.571,-0.002273,0.004308,0.0,0.0,0.9257,66.87,66.87,66.87,26.223,0.0006438,0.00122,-0.0,0.0,0.2622,0.8498,6.727,0.0225,-0.025,13.319,0.5776,0.5088,0.5184,-1.156,-0.4662,-0.4079,0.007144,1.604,2.735,0.6821,0.8663,0.0012,98.429,3.572,4.174,0.000272,1.521e-05,,5910000,1036,39,43,23,135,-1.0556257308226422,-0.06117541103855111,0.056618607654179455,0.19751265863933645,0.4549607373880969,-0.16095322988211835,0.10725692992392866
246,forests_00126_LD.png,1400,1.333,16.645,0.1869,9.511,77.366,0.0,247.728,247.728,247.728,97.148,-0.002385,0.004521,0.0,0.0,0.9715,42.445,42.445,42.445,16.645,0.0004086,0.0007746,-0.0,0.0,0.1664,0.08469,16.873,-0.0775,0.03333,16.031,0.41,0.416,0.3929,-1.203,-0.4771,-0.4814,0.003054,1.39,2.321,0.6738,0.8455,0.0009928,98.159,4.255,4.486,0.0005055,2.682e-05,,5426078,963,10,61,33,117,-0.7721932141886848,-1.0765303368163022,0.014556191505657767,0.23726643626554475,0.4225134001037705,-0.5145073328802305,-0.8858589309099427
247,forests_00391_LD.png,1400,1.333,17.547,0.2034,10.558,81.789,0.0,246.89,246.89,246.89,96.82,-0.002377,0.004505,0.0,0.0,0.9682,44.746,44.746,44.746,17.547,0.0004308,0.0008165,-0.0,0.0,0.1755,0.1032,21.127,0.0525,-0.09167,12.314,0.5476,0.5103,0.4998,-1.199,-0.4826,-0.4883,0.004261,1.394,2.344,0.7154,0.8554,0.001076,97.458,3.999,4.397,0.00035,1.887e-05,,5543263,993,19,58,26,123,-0.9365437682452578,-0.6847423917820559,0.017452508881754418,0.3308766553710536,0.45626229547187125,-0.42301806005940623,-0.47096302655370914
248,city_00614_LD.png,1400,1.333,27.216,0.4042,22.915,137.928,0.0,234.457,234.457,234.457,91.944,-0.002257,0.004279,0.0,0.0,0.9194,69.401,69.401,69.401,27.216,0.0006681,0.001266,-0.0,0.0,0.2722,0.9629,6.61,-0.0275,0.01833,14.985,0.554,0.5338,0.5104,-0.8774,-0.4535,-0.3116,0.01195,1.654,2.781,0.6991,0.8672,0.001231,97.956,3.642,4.262,0.0003251,1.941e-05,,4992312,931,24,40,19,118,-1.0862412702562498,-0.31863936396437514,0.05010628894344832,0.2250952350288828,0.4665374949129252,-0.3343570658566297,-0.08550226695219049
249,forests_20081106_00028_LD.png,1400,1.333,22.411,0.2992,17.804,121.337,0.0,241.475,241.475,241.475,94.696,-0.002325,0.004407,0.0,0.0,0.947,57.148,57.148,57.148,22.411,0.0005502,0.001043,-0.0,0.0,0.2241,0.3378,2.451,-0.00375,-0.01167,9.333,0.5756,0.5799,0.5594,-1.111,-0.4483,-0.4503,0.00428,1.543,2.582,0.7437,0.8872,0.000912,99.315,4.332,4.527,0.0002135,9.698e-06,,5117278,924,32,38,31,107,-0.756623660006236,-0.10763439238310216,0.029669104681027285,0.23881627834538485,0.42668593073558403,0.056620556775819675,-0.10303411282254354
250,beaches_00437_LD.png,1400,1.333,16.046,0.1762,8.383,68.448,0.0,248.256,248.256,248.256,97.355,-0.00239,0.00453,0.0,0.0,0.9736,40.917,40.917,40.917,16.046,0.0003939,0.0007467,-0.0,0.0,0.1605,0.1124,5.803,0.02375,0.01667,18.718,0.3705,0.3959,0.3046,-1.163,-0.4764,-0.4353,0.004863,1.355,2.396,0.6007,0.8288,0.001209,96.148,4.027,4.415,0.0006843,3.253e-05,,5714317,933,37,37,6,152,-1.7746883070113357,0.0,0.013999181744452978,0.19197103827983106,0.4341630232164707,-0.7133259850203395,0.5716681257104504
251,city_00138_LD.png,1400,1.333,27.192,0.4036,23.169,136.284,0.0,234.497,234.497,234.497,91.96,-0.002258,0.004279,0.0,0.0,0.9196,69.339,69.339,69.339,27.192,0.0006675,0.001265,-0.0,0.0,0.2719,0.9115,12.5,0.0175,-0.06,13.566,0.5886,0.4739,0.4786,-0.9489,-0.4583,-0.3883,0.006643,1.686,2.831,0.7157,0.8948,0.001085,96.412,3.965,4.406,0.0004181,1.754e-05,,4787401,845,23,35,12,123,-1.3476288775748861,-0.26228276539162176,0.03207253186088161,0.2157317500468523,0.46419694559956187,-0.5154873839986633,0.1111989158409431
252,beaches_00266_LD.png,1400,1.333,16.409,0.1827,9.274,66.969,0.0,247.938,247.938,247.938,97.231,-0.002387,0.004525,0.0,0.0,0.9723,41.844,41.844,41.844,16.409,0.0004028,0.0007636,-0.0,0.0,0.1641,0.1074,33.665,0.1675,-0.01667,28.29,0.3023,0.4557,0.255,-1.181,-0.4759,-0.4561,0.003233,1.414,2.453,0.3668,0.8148,0.001292,91.962,4.201,4.477,0.0007724,3.724e-05,,5158581,949,45,22,19,124,-1.112939845230138,0.44445117983404453,0.014849612642555672,0.17816421375947167,0.4451449542190423,0.08361669013765038,0.553495331822827
253,beaches_00317_LD.png,1400,1.333,12.4,0.1161,4.796,45.013,0.0,251.017,251.017,251.017,98.438,-0.002417,0.004581,0.0,0.0,0.9844,31.621,31.621,31.621,12.4,0.0003044,0.000577,-0.0,0.0,0.124,0.03699,8.876,0.025,-0.03667,22.404,0.4199,0.3149,0.3673,-0.9623,-0.4231,-0.4214,0.01398,1.214,2.351,0.4472,0.7404,0.001513,89.374,2.705,3.224,0.001028,2.927e-05,,5659756,978,42,37,47,103,-0.48642387462858805,0.0794070506315384,0.01184798732136468,0.22692444727500174,0.4273714666364491,0.38523002575027543,-0.10590505751937251
254,offices_00612_LD.png,1400,1.333,21.532,0.281,14.837,105.35,0.0,242.571,242.571,242.571,95.126,-0.002335,0.004427,0.0,0.0,0.9513,54.907,54.907,54.907,21.532,0.0005286,0.001002,-0.0,0.0,0.2153,0.3455,5.54,-0.0275,-0.003333,14.088,0.4916,0.4436,0.4362,-1.134,-0.4672,-0.4349,0.004906,1.5,2.6,0.6818,0.8713,0.001113,98.355,3.907,4.341,0.000462,2.562e-05,,5724055,1090,54,25,90,63,0.2230078309403668,0.477633065372608,0.018019038135560533,0.1660794042557839,0.4308026643888764,1.194499279978211,-0.18933513509569905
255,mountains_00588_LD.png,1400,1.333,14.869,0.1559,7.719,62.667,0.0,249.232,249.232,249.232,97.738,-0.002399,0.004548,0.0,0.0,0.9774,37.916,37.916,37.916,14.869,0.000365,0.0006919,-0.0,0.0,0.1487,0.06171,44.359,-0.0075,-0.2217,14.851,0.485,0.2696,0.2486,-1.085,-0.4792,-0.4853,0.006313,1.364,2.235,0.4889,0.7584,0.001171,91.325,4.117,4.432,0.0006931,3.651e-05,,4705860,762,36,25,50,81,-0.30107306638154513,0.2279666965660319,0.015656235436563738,0.19588095048920826,0.3584441112630064,0.6223212571417267,-0.09132292752065602
256,mountains_00742_LD.png,1400,1.333,9.184,0.07072,3.126,27.47,0.0,252.831,252.831,252.831,99.149,-0.002434,0.004614,0.0,0.0,0.9915,23.418,23.418,23.418,9.184,0.0002255,0.0004274,-0.0,0.0,0.09184,0.0162,6.533,-0.01625,-0.02833,28.016,0.3432,0.2883,0.3114,-1.148,-0.4781,-0.4975,0.005275,1.165,2.17,0.4268,0.7014,0.001366,93.123,3.973,4.248,0.001084,4.076e-05,,5354935,998,31,43,26,120,-0.9226984313380577,-0.20465991857047608,0.015056503382851043,0.18597229546413324,0.35333708307839184,-0.13501729383777394,-0.0866110614295878
257,city_00606_LD.png,1400,1.333,27.793,0.4174,25.639,152.819,0.0,233.487,233.487,233.487,91.564,-0.002248,0.004261,0.0,0.0,0.9156,70.873,70.873,70.873,27.793,0.0006823,0.001293,-0.0,0.0,0.2779,0.8499,15.019,0.00375,0.075,17.241,0.6334,0.5464,0.5434,-0.924,-0.4405,-0.3557,0.00581,1.674,2.781,0.6382,0.8749,0.001112,98.166,4.01,4.39,0.0002284,1.047e-05,,5086801,921,42,23,12,128,-1.3676279233156885,0.37495718657255744,0.031998273073209044,0.23329306201723424,0.5935873964767536,-0.16457018241014665,0.6434881566105989
258,offices_00671_LD.png,1400,1.333,23.061,0.3128,18.667,116.47,0.0,240.629,240.629,240.629,94.364,-0.002317,0.004391,0.0,0.0,0.9436,58.805,58.805,58.805,23.061,0.0005661,0.001073,-0.0,0.0,0.2306,0.4262,8.559,-0.0425,-0.005,15.267,0.5193,0.4612,0.4469,-1.112,-0.4568,-0.4636,0.003621,1.569,2.658,0.6566,0.8706,0.001013,97.102,4.263,4.482,0.0004237,2.891e-05,,5469133,932,52,24,62,85,-0.1973707532446197,0.47950565333095013,0.027825166341368373,0.21587946069000014,0.42375105557817017,0.8520380756896073,0.05447213342645718
259,offices_00120_LD.png,1400,1.333,23.407,0.3202,17.076,117.839,0.0,240.165,240.165,240.165,94.182,-0.002312,0.004383,0.0,0.0,0.9418,59.689,59.689,59.689,23.407,0.0005746,0.001089,-0.0,0.0,0.2341,0.4554,12.891,-0.01875,0.06167,21.432,0.4383,0.4359,0.441,-1.01,-0.4485,-0.3496,0.01276,1.536,2.708,0.5477,0.861,0.001263,97.47,3.463,4.019,0.0003972,2.652e-05,,5421742,879,42,32,28,118,-0.8713526265862394,0.1701847241123691,0.03630710887361574,0.2521038600058292,0.46102961175131246,0.12297772290302267,0.19012612282752972
260,city_00599_LD.png,1400,1.333,23.659,0.3255,16.863,127.155,0.0,239.824,239.824,239.824,94.049,-0.002309,0.004376,0.0,0.0,0.9405,60.329,60.329,60.329,23.659,0.0005808,0.001101,-0.0,0.0,0.2366,0.4883,6.2,-0.025,-0.01833,13.222,0.5283,0.5687,0.5248,-1.11,-0.4891,-0.4283,0.004865,1.529,2.618,0.6919,0.8906,0.001174,98.523,3.605,4.143,0.0003236,1.567e-05,,5430637,946,34,35,19,132,-1.1463372658569875,-0.018164971926272335,0.02447223882274815,0.2538762783217037,0.5837967663084822,-0.21029599496142692,0.19468559796391693
261,forests_20081106_00012_LD.png,1400,1.333,20.424,0.2586,14.114,106.374,0.0,243.878,243.878,243.878,95.638,-0.002348,0.00445,0.0,0.0,0.9564,52.081,52.081,52.081,20.424,0.0005014,0.0009504,-0.0,0.0,0.2042,0.3437,10.985,-0.03375,0.04333,15.943,0.5437,0.5782,0.5447,-1.152,-0.4802,-0.4748,0.00579,1.491,2.492,0.6847,0.8607,0.0009838,98.391,4.108,4.444,0.0002104,1.236e-05,,5732168,1043,28,52,49,104,-0.4669678560410434,-0.38532046640756773,0.019527265645283325,0.21487891407252288,0.3770842337587884,0.13329321414826945,-0.4969012783609901
262,beaches_00321_LD.png,1400,1.333,11.961,0.1094,4.792,37.499,0.0,251.298,251.298,251.298,98.548,-0.002419,0.004586,0.0,0.0,0.9855,30.5,30.5,30.5,11.961,0.0002936,0.0005566,-0.0,0.0,0.1196,0.04993,24.079,0.045,-0.1117,29.628,0.3791,0.2527,0.1864,-1.135,-0.4658,-0.4017,0.005627,1.337,2.502,0.3225,0.7329,0.001566,85.087,3.655,4.001,0.001081,2.758e-05,,5594684,979,35,40,44,111,-0.5713802181255702,-0.08365173390712909,0.012168100269615479,0.19361451751174363,0.399587942218761,0.22182654136767044,-0.19019650908611552
263,mountains_00709_LD.png,1400,1.333,13.849,0.139,6.159,52.708,0.0,250.012,250.012,250.012,98.044,-0.002407,0.004562,0.0,0.0,0.9804,35.315,35.315,35.315,13.849,0.00034,0.0006445,-0.0,0.0,0.1385,0.0501,42.722,0.02875,-0.2117,18.767,0.4745,0.2497,0.2482,-1.206,-0.4529,-0.4734,0.004252,1.281,2.263,0.3836,0.7704,0.001302,90.937,3.163,3.848,0.0008587,3.603e-05,,5102389,871,17,47,26,118,-0.9132499266836088,-0.6260990123464212,0.006021005767142795,0.17135732092644057,0.4215404119859253,-0.3701839794080868,-0.43646362180433845
264,forests_00587_LD.png,1400,1.333,23.625,0.3248,18.657,131.649,0.0,239.87,239.87,239.87,94.067,-0.002309,0.004377,0.0,0.0,0.9407,60.243,60.243,60.243,23.625,0.00058,0.001099,-0.0,0.0,0.2362,0.3261,5.056,-0.00375,0.025,9.352,0.5682,0.4755,0.4585,-1.164,-0.4626,-0.5015,0.004394,1.555,2.576,0.6507,0.8484,0.001101,99.437,4.072,4.369,0.0002197,1.733e-05,,5356244,944,39,35,29,115,-0.8366705492413723,0.06779861544123557,0.025194366944149584,0.28005740122008677,0.4008950186079862,0.09231227141167742,0.0864661410476526
265,mountains_00125_LD.png,1400,1.333,13.909,0.14,6.883,60.608,0.0,249.967,249.967,249.967,98.026,-0.002406,0.004562,0.0,0.0,0.9803,35.468,35.468,35.468,13.909,0.0003415,0.0006472,-0.0,0.0,0.1391,0.03702,6.741,0.005,0.03333,16.171,0.3974,0.3875,0.3618,-1.109,-0.482,-0.4822,0.006707,1.254,2.249,0.6218,0.7848,0.001096,98.198,4.008,4.356,0.0006307,4.534e-05,,4967194,811,31,28,48,95,-0.42432518923055007,0.06377103455763078,0.009424188376227388,0.2583256167459379,0.39179701131876526,0.4269666021561781,-0.1544724325435824
266,offices_00659_LD.png,1400,1.333,24.332,0.34,19.439,133.788,0.0,238.884,238.884,238.884,93.68,-0.0023,0.004359,0.0,0.0,0.9368,62.047,62.047,62.047,24.332,0.0005973,0.001132,-0.0,0.0,0.2433,0.5243,6.378,-0.00375,-0.03167,10.774,0.5403,0.5153,0.4963,-1.077,-0.4385,-0.4063,0.005136,1.605,2.708,0.732,0.8781,0.001111,98.942,3.861,4.311,0.0003218,2.056e-05,,5591721,1013,46,32,26,124,-0.9410745303529762,0.22688544453587914,0.02094749103195911,0.16443941539309503,0.4353720140872313,0.09867816206220614,0.27664575588469553
267,forests_00653_LD.png,1400,1.333,21.167,0.2736,13.902,106.85,0.0,243.012,243.012,243.012,95.299,-0.00234,0.004435,0.0,0.0,0.953,53.975,53.975,53.975,21.167,0.0005196,0.000985,-0.0,0.0,0.2117,0.3657,18.895,0.0475,0.08167,20.821,0.5622,0.4911,0.4803,-1.085,-0.4534,-0.4111,0.0122,1.473,2.568,0.6718,0.8268,0.001294,96.41,2.731,3.527,0.0003974,1.964e-05,,5659541,1029,57,23,57,93,-0.3054807880993974,0.5607030318750833,0.026550264678916795,0.19751607262528675,0.33070135435740844,0.8104852587167463,0.18313509359899638
268,forests_00599_LD.png,1400,1.333,23.511,0.3224,18.231,133.205,0.0,240.025,240.025,240.025,94.127,-0.002311,0.00438,0.0,0.0,0.9413,59.954,59.954,59.954,23.511,0.0005772,0.001094,-0.0,0.0,0.2351,0.3826,5.099,0.025,-0.005,9.208,0.5878,0.5832,0.5691,-1.144,-0.4573,-0.4644,0.003469,1.545,2.57,0.7446,0.8724,0.001129,99.324,3.71,4.231,0.0001765,9.792e-06,,6108634,1107,33,46,63,105,-0.31863936396437514,-0.20772584303184521,0.02127290765645757,0.17241274987137872,0.42762674984762805,0.3568629276753843,-0.43725419119735104
269,offices_00581_LD.png,1400,1.333,18.834,0.2276,11.209,84.993,0.0,245.609,245.609,245.609,96.317,-0.002365,0.004482,0.0,0.0,0.9632,48.027,48.027,48.027,18.834,0.0004624,0.0008764,-0.0,0.0,0.1883,0.2794,31.25,-0.04375,-0.15,18.65,0.4419,0.3077,0.2411,-1.133,-0.4722,-0.4434,0.004606,1.556,2.644,0.4894,0.8308,0.001363,94.209,3.977,4.37,0.0007832,3.327e-05,,5689954,1041,28,49,21,134,-1.1008366859350758,-0.3487556955170447,0.01560739172653733,0.17794311516932332,0.47386293920558814,-0.3636416419414119,-0.10170205672127841
270,forests_20081106_00100_LD.png,1400,1.333,20.231,0.2548,14.857,109.062,0.0,244.097,244.097,244.097,95.724,-0.00235,0.004454,0.0,0.0,0.9572,51.588,51.588,51.588,20.231,0.0004967,0.0009414,-0.0,0.0,0.2023,0.2001,5.687,0.01625,-0.02333,8.493,0.5648,0.557,0.5542,-1.12,-0.4593,-0.4587,0.005073,1.515,2.477,0.7961,0.8802,0.0008882,99.524,4.36,4.521,0.0002141,1.016e-05,,5624293,1103,37,40,49,103,-0.4610860885253348,-0.04884984243636246,0.02951345993007529,0.20910862257964413,0.4501316942445785,0.3320181430840441,-0.22532167934045907
271,offices_00628_LD.png,1400,1.333,23.662,0.3256,18.666,126.612,0.0,239.818,239.818,239.818,94.046,-0.002309,0.004376,0.0,0.0,0.9405,60.339,60.339,60.339,23.662,0.0005809,0.001101,-0.0,0.0,0.2366,0.4454,6.685,0.0025,0.03333,12.346,0.4945,0.4995,0.4836,-1.103,-0.4426,-0.4001,0.005052,1.568,2.688,0.7527,0.8697,0.00111,99.335,4.0,4.382,0.0003384,1.951e-05,,5737758,1009,65,16,71,82,-0.09022983619946202,0.8504737863574688,0.022202975633595766,0.1573677412798465,0.3903575333957119,1.1533956441659692,0.29588494946668553
272,forests_20081106_00063_LD.png,1400,1.333,18.792,0.2267,12.214,92.21,0.0,245.653,245.653,245.653,96.334,-0.002365,0.004483,0.0,0.0,0.9633,47.919,47.919,47.919,18.792,0.0004613,0.0008745,-0.0,0.0,0.1879,0.1624,10.895,0.0475,0.02667,15.323,0.5312,0.5206,0.5022,-1.181,-0.4562,-0.4576,0.004508,1.426,2.384,0.7133,0.836,0.001089,99.113,3.816,4.152,0.0002962,1.256e-05,,5520978,994,36,40,61,88,-0.22909903135811382,-0.06601181237584074,0.020861573870511123,0.2575740884314297,0.38240254783754507,0.5117108943094437,-0.3730479229884908
273,beaches_00250_LD.png,1400,1.333,13.38,0.1314,5.889,48.777,0.0,250.35,250.35,250.35,98.176,-0.00241,0.004569,0.0,0.0,0.9818,34.119,34.119,34.119,13.38,0.0003285,0.0006226,-0.0,0.0,0.1338,0.05139,22.935,0.0175,-0.1133,15.195,0.4594,0.3121,0.3116,-1.166,-0.4687,-0.4588,0.004087,1.345,2.416,0.5191,0.7206,0.001484,89.254,3.628,4.142,0.0009907,3.936e-05,,5922950,1087,29,55,26,129,-0.9631268458285059,-0.39820892113366047,0.009860138308714532,0.1540880283309994,0.4345408435025307,-0.27960424697916175,-0.22148243004689347
274,city_00313_LD.png,1400,1.333,20.805,0.2663,12.986,110.227,0.0,243.438,243.438,243.438,95.466,-0.002344,0.004442,0.0,0.0,0.9547,53.053,53.053,53.053,20.805,0.0005108,0.0009682,-0.0,0.0,0.2081,0.3428,5.478,0.00625,0.02667,11.743,0.5292,0.4535,0.426,-1.153,-0.5055,-0.4694,0.005358,1.442,2.475,0.6692,0.8807,0.001209,98.032,3.513,4.074,0.0004251,2.325e-05,,5077180,917,35,33,26,114,-0.893800631179489,0.036870532662080145,0.024194089206411345,0.21079880711745794,0.46932962653398635,0.02779981534597009,0.09411699583783151
275,mountains_00334_LD.png,1400,1.333,12.109,0.1117,5.397,43.984,0.0,251.205,251.205,251.205,98.512,-0.002418,0.004584,0.0,0.0,0.9851,30.877,30.877,30.877,12.109,0.0002973,0.0005635,-0.0,0.0,0.1211,0.0303,30.768,-0.0125,-0.1533,15.777,0.3999,0.2892,0.2633,-1.174,-0.4845,-0.5059,0.005177,1.345,2.221,0.5005,0.7529,0.001146,92.288,4.516,4.51,0.0009046,3.999e-05,,5349514,945,22,48,28,119,-0.8761428492468408,-0.48373855304610314,0.010179793313759905,0.18624833379197675,0.28229865219043726,-0.2578127923369694,-0.3415102022538887
276,highways_00554_LD.png,1400,1.333,19.331,0.2371,12.134,80.45,0.0,245.085,245.085,245.085,96.112,-0.002359,0.004472,0.0,0.0,0.9611,49.295,49.295,49.295,19.331,0.0004746,0.0008996,-0.0,0.0,0.1933,0.3069,21.108,0.03375,-0.1,19.683,0.5612,0.352,0.3304,-1.373,-0.5027,-0.5873,0.001498,1.488,2.54,0.3764,0.804,0.001231,93.187,4.196,4.333,0.0006936,3.589e-05,,5352698,998,45,27,14,132,-1.3053290627311234,0.31863936396437514,0.017422856768477636,0.22276384636446211,0.3913027150736241,-0.14611618137734872,0.5615595595315369
277,mountains_00257_LD.png,1400,1.333,14.807,0.1549,7.899,64.482,0.0,249.281,249.281,249.281,97.757,-0.0024,0.004549,0.0,0.0,0.9776,37.759,37.759,37.759,14.807,0.0003635,0.0006891,-0.0,0.0,0.1481,0.08597,19.724,0.0075,-0.09833,16.37,0.5323,0.3669,0.355,-1.137,-0.4768,-0.4667,0.005919,1.351,2.362,0.577,0.7835,0.001067,95.188,4.459,4.521,0.0006077,3.029e-05,,5131605,988,30,34,33,110,-0.7363159173761296,-0.0784124127331122,0.009993296851333676,0.2241712960087564,0.3912848801106854,0.09005790011650194,-0.09085739012255556
278,highways_00205_LD.png,1400,1.333,18.854,0.2279,12.005,84.413,0.0,245.588,245.588,245.588,96.309,-0.002364,0.004482,0.0,0.0,0.9631,48.078,48.078,48.078,18.854,0.0004629,0.0008774,-0.0,0.0,0.1885,0.1789,15.538,0.045,-0.06333,12.476,0.5,0.3989,0.3805,-1.178,-0.4593,-0.4314,0.003294,1.496,2.55,0.5781,0.8521,0.001124,93.476,4.201,4.483,0.0006363,2.912e-05,,5636992,1029,34,39,17,139,-1.2320009802486798,-0.08594913826421022,0.02542489199215256,0.19550302110679235,0.41980961435889746,-0.3193678957469448,0.1886618426115778
279,highways_00305_LD.png,1400,1.333,24.381,0.3411,19.451,127.653,0.0,238.815,238.815,238.815,93.653,-0.002299,0.004358,0.0,0.0,0.9365,62.171,62.171,62.171,24.381,0.0005985,0.001135,-0.0,0.0,0.2438,0.5325,7.071,0.025,0.025,16.233,0.5135,0.4626,0.474,-1.042,-0.4174,-0.3779,0.005267,1.597,2.698,0.6701,0.8546,0.001078,96.53,3.674,4.224,0.0003931,2.316e-05,,5421334,997,18,52,13,137,-1.3615709340755844,-0.6521789863427861,0.051007001803826175,0.28508717293121644,0.461134223235339,-0.7515901121176043,-0.19939558801619417
280,mountains_20081106_00070_LD.png,1400,1.333,12.924,0.1242,6.209,53.272,0.0,250.667,250.667,250.667,98.301,-0.002413,0.004574,0.0,0.0,0.983,32.956,32.956,32.956,12.924,0.0003173,0.0006014,-0.0,0.0,0.1292,0.04308,23.436,-0.0225,-0.115,15.777,0.4687,0.3039,0.3076,-1.051,-0.4707,-0.4519,0.009521,1.299,2.358,0.4103,0.7267,0.001221,92.427,4.401,4.505,0.0008042,4.29e-05,,4986180,897,22,43,30,106,-0.7702080818754757,-0.41666552128011664,0.01147316179599066,0.16678627366869575,0.43327316216955525,-0.13258489534735474,-0.34775042211097207
281,offices_00307_LD.png,1400,1.333,17.12,0.1955,10.366,74.808,0.0,247.293,247.293,247.293,96.978,-0.002381,0.004513,0.0,0.0,0.9698,43.656,43.656,43.656,17.12,0.0004203,0.0007967,-0.0,0.0,0.1712,0.1154,8.724,0.005,-0.04333,14.505,0.3231,0.3752,0.3463,-1.117,-0.4757,-0.4792,0.004279,1.441,2.506,0.5663,0.8095,0.001112,97.408,4.213,4.42,0.0007175,4.026e-05,,5819982,1031,32,49,24,132,-1.0200762327862014,-0.2661503012068743,0.016089861585547913,0.22494144995976365,0.31375637535428125,-0.25003484426014344,-0.08074024662392237
282,highways_00429_LD.png,1400,1.333,13.848,0.139,6.072,49.06,0.0,250.013,250.013,250.013,98.044,-0.002407,0.004562,0.0,0.0,0.9804,35.312,35.312,35.312,13.848,0.00034,0.0006444,-0.0,0.0,0.1385,0.1162,29.728,0.045,-0.1417,23.382,0.4853,0.2791,0.2398,-1.131,-0.4807,-0.4439,0.005036,1.362,2.438,0.3635,0.6484,0.001562,87.087,3.457,3.951,0.001043,2.997e-05,,5742600,1096,28,52,12,142,-1.4191881978619003,-0.38532046640756773,0.014651690709310614,0.1944621876475426,0.3736287764731953,-0.6448772290531439,0.05189225358444538
283,beaches_00395_LD.png,1400,1.333,11.884,0.1083,4.213,43.529,0.0,251.346,251.346,251.346,98.567,-0.00242,0.004587,0.0,0.0,0.9857,30.305,30.305,30.305,11.884,0.0002918,0.000553,-0.0,0.0,0.1188,0.05151,27.374,-0.0075,-0.1367,20.0,0.6083,0.2175,0.2146,-0.898,-0.4424,-0.4228,0.01891,1.291,2.261,0.3909,0.6922,0.00188,84.032,2.204,2.905,0.001122,1.74e-05,,5590148,971,17,55,38,117,-0.689795847123397,-0.7188680528227157,0.009892967254859511,0.13494423613317374,0.36588432354084993,-0.24103917400180352,-0.6410594178988992
284,beaches_20081106_00048_LD.png,1400,1.333,16.798,0.1897,9.163,66.238,0.0,247.589,247.589,247.589,97.094,-0.002384,0.004518,0.0,0.0,0.9709,42.835,42.835,42.835,16.798,0.0004124,0.0007817,-0.0,0.0,0.168,0.1641,23.118,-0.105,-0.04833,32.113,0.3686,0.389,0.2931,-1.163,-0.489,-0.4991,0.003331,1.426,2.587,0.3737,0.7671,0.001368,87.964,4.233,4.453,0.0008703,3.875e-05,,5636943,1043,21,56,20,134,-1.1270052536677486,-0.6045853465832371,0.00721603336260026,0.1718096826897753,0.43356106026937336,-0.5324694401672438,-0.29568859967734806
285,highways_00425_LD.png,1400,1.333,17.175,0.1965,8.954,65.803,0.0,247.242,247.242,247.242,96.958,-0.00238,0.004512,0.0,0.0,0.9696,43.797,43.797,43.797,17.175,0.0004216,0.0007992,-0.0,0.0,0.1718,0.2868,25.841,0.015,-0.1283,20.819,0.4353,0.353,0.3516,-1.127,-0.4749,-0.4245,0.004877,1.422,2.532,0.4784,0.7922,0.001249,92.032,3.544,4.136,0.0008486,3.789e-05,,5841764,999,49,33,44,113,-0.5820848131208566,0.24703899073897723,0.011219438685093055,0.16266345963345324,0.3856370658910269,0.4036656848134567,0.08621888417533574
286,city_00201_LD.png,1400,1.333,21.929,0.2892,15.978,98.85,0.0,242.084,242.084,242.084,94.935,-0.002331,0.004418,0.0,0.0,0.9493,55.918,55.918,55.918,21.929,0.0005383,0.00102,-0.0,0.0,0.2193,0.3721,18.824,-0.09375,0.008333,20.891,0.4626,0.4664,0.4061,-1.215,-0.4692,-0.4657,0.00298,1.527,2.622,0.5885,0.8662,0.001025,94.376,4.296,4.516,0.0005184,2.813e-05,,4907479,880,38,17,36,108,-0.6744897501960817,0.498428833458718,0.016916709100155403,0.19009556580327752,0.41240608016109437,0.4730344285196002,0.3449146568798075
287,mountains_00577_LD.png,1400,1.333,9.344,0.07279,3.303,27.776,0.0,252.754,252.754,252.754,99.119,-0.002433,0.004612,0.0,0.0,0.9912,23.827,23.827,23.827,9.344,0.0002294,0.0004348,-0.0,0.0,0.09344,0.009449,34.757,0.0125,-0.1733,28.917,0.5139,0.1728,0.1633,-1.102,-0.4706,-0.4788,0.007111,1.267,2.267,0.1724,0.09166,0.001397,82.288,4.264,4.336,0.001169,3.062e-05,,5420281,954,46,27,65,85,-0.16789400478810546,0.3322161795592806,0.010127930295220635,0.10576695909282581,0.28229865219043726,0.791239567638108,-0.08288364257956204
288,city_00301_LD.png,1400,1.333,18.548,0.2221,10.529,88.492,0.0,245.903,245.903,245.903,96.432,-0.002367,0.004487,0.0,0.0,0.9643,47.297,47.297,47.297,18.548,0.0004553,0.0008631,-0.0,0.0,0.1855,0.2078,1.414,-0.005,-0.005,14.128,0.4767,0.434,0.4214,-1.13,-0.4951,-0.4523,0.009204,1.397,2.482,0.6548,0.8136,0.001358,97.054,3.114,3.888,0.0005458,3.525e-05,,4707373,879,29,36,9,119,-1.473467577947101,-0.1353847355175167,0.021460725661662496,0.3041729826634516,0.5376152036426164,-0.545189689218194,0.28742678413067524
289,mountains_00345_LD.png,1400,1.333,11.776,0.1067,4.93,43.949,0.0,251.414,251.414,251.414,98.594,-0.00242,0.004588,0.0,0.0,0.9859,30.028,30.028,30.028,11.776,0.0002891,0.000548,-0.0,0.0,0.1178,0.03132,19.607,0.03,-0.09333,20.264,0.3525,0.2931,0.2649,-1.106,-0.4738,-0.4805,0.006922,1.267,2.266,0.4873,0.7105,0.001343,92.591,4.184,4.431,0.0009444,5.195e-05,,5238047,952,31,39,43,102,-0.5343441550710668,-0.14372923370582416,0.008648756388735633,0.18295139437745292,0.36971506266182436,0.21746854404166982,-0.2606378592147575
290,mountains_00238_LD.png,1400,1.333,12.6,0.1192,5.511,46.404,0.0,250.885,250.885,250.885,98.386,-0.002415,0.004578,0.0,0.0,0.9839,32.129,32.129,32.129,12.6,0.0003093,0.0005863,-0.0,0.0,0.126,0.04557,45.532,-0.02125,-0.2267,13.89,0.5144,0.1842,0.1891,-1.183,-0.4802,-0.4845,0.004501,1.299,2.261,0.4115,0.7249,0.001271,89.117,4.344,4.492,0.0008827,3.972e-05,,5192904,874,37,28,52,93,-0.3621480755244548,0.17441610093770257,0.009727167715291495,0.16880780396944423,0.36311571287418054,0.5415468984477688,-0.0998859883948518
291,city_20081106_00017_LD.png,1400,1.333,24.696,0.3479,20.488,136.142,0.0,238.362,238.362,238.362,93.475,-0.002295,0.00435,0.0,0.0,0.9348,62.975,62.975,62.975,24.696,0.0006063,0.001149,-0.0,0.0,0.247,0.57,8.073,0.02875,0.02833,15.611,0.6134,0.5892,0.5845,-1.071,-0.4531,-0.3933,0.00461,1.595,2.737,0.6731,0.8673,0.001064,98.373,4.17,4.444,0.0002677,1.337e-05,,4751646,813,32,22,23,115,-0.9674215661017012,0.2342191939146195,0.025991937724863426,0.23329306201723424,0.4520877139846671,0.08137358502475478,0.2978236166418561
292,forests_20081106_00090_LD.png,1400,1.333,22.676,0.3047,17.069,120.992,0.0,241.133,241.133,241.133,94.562,-0.002321,0.0044,0.0,0.0,0.9456,57.825,57.825,57.825,22.676,0.0005567,0.001055,-0.0,0.0,0.2268,0.4399,5.51,-0.0275,0.001667,11.881,0.5456,0.5645,0.5283,-1.243,-0.4705,-0.4913,0.00285,1.523,2.563,0.7283,0.8684,0.001036,98.294,3.929,4.349,0.0002572,1.204e-05,,5456458,942,19,55,37,112,-0.6797791739897172,-0.6533766109715354,0.026148414753778566,0.17241274987137872,0.39538212065234657,-0.19510867164148338,-0.5933116258102367
293,highways_00413_LD.png,1400,1.333,17.396,0.2006,8.813,59.677,0.0,247.034,247.034,247.034,96.876,-0.002378,0.004508,0.0,0.0,0.9688,44.36,44.36,44.36,17.396,0.0004271,0.0008095,-0.0,0.0,0.174,0.2493,21.803,-0.0225,-0.1067,27.745,0.4957,0.2422,0.2215,-1.163,-0.4996,-0.3856,0.004686,1.524,2.723,0.3171,0.7046,0.001635,85.935,3.694,4.099,0.001007,3.525e-05,,6008902,1126,49,32,61,102,-0.3206623821814592,0.2661503012068743,0.018359898364702434,0.12246999066226077,0.37146135003325637,0.6283189117227069,-0.04882872678215322
294,highways_20081106_00094_LD.png,1400,1.333,21.368,0.2777,16.87,120.587,0.0,242.77,242.77,242.77,95.204,-0.002337,0.00443,0.0,0.0,0.952,54.489,54.489,54.489,21.368,0.0005246,0.0009944,-0.0,0.0,0.2137,0.2569,3.092,-0.00375,0.015,11.675,0.5052,0.525,0.4717,-1.001,-0.4337,-0.3899,0.009423,1.573,2.613,0.6566,0.8337,0.001012,99.468,4.262,4.408,0.0002814,2.273e-05,,5550729,1000,61,12,25,127,-0.9762363202907715,0.9766001934836118,0.01619669358284279,0.29368307832674906,0.5073978815214202,0.5020267595438797,0.909590038717678
295,beaches_00491_LD.png,1400,1.333,13.344,0.1308,5.762,54.011,0.0,250.375,250.375,250.375,98.186,-0.00241,0.004569,0.0,0.0,0.9819,34.027,34.027,34.027,13.344,0.0003276,0.000621,-0.0,0.0,0.1334,0.05214,21.357,-0.005,-0.1067,12.405,0.4122,0.3454,0.3315,-1.155,-0.4657,-0.4584,0.00657,1.211,2.28,0.5636,0.7644,0.001231,96.448,3.238,3.757,0.0007541,3.346e-05,,5483759,1008,21,54,23,126,-1.0179013664064092,-0.5828415072712162,0.009575210963818316,0.24228400708413522,0.48239213298863787,-0.4307762769083252,-0.34079905644689334
296,highways_20081106_00098_LD.png,1400,1.333,17.238,0.1977,10.243,73.712,0.0,247.183,247.183,247.183,96.934,-0.00238,0.004511,0.0,0.0,0.9693,43.958,43.958,43.958,17.238,0.0004232,0.0008022,-0.0,0.0,0.1724,0.1964,20.212,-0.08875,-0.04833,22.387,0.4185,0.4196,0.3823,-1.18,-0.4775,-0.4717,0.002293,1.425,2.471,0.4523,0.8066,0.001165,94.515,4.336,4.457,0.0005841,2.806e-05,,5520572,966,40,35,34,115,-0.7448277796802558,0.08365173390712909,0.016089861585547913,0.22529559439259778,0.49755647878292675,0.17650435810472653,0.04648979524141228
297,city_00509_LD.png,1400,1.333,25.923,0.375,22.16,146.036,0.0,236.525,236.525,236.525,92.755,-0.002277,0.004316,0.0,0.0,0.9276,66.104,66.104,66.104,25.923,0.0006364,0.001206,-0.0,0.0,0.2592,0.7201,9.387,0.005,0.04667,16.038,0.566,0.5563,0.5752,-1.109,-0.463,-0.4593,0.002961,1.621,2.761,0.7073,0.8887,0.00103,98.338,4.126,4.456,0.0002575,1.501e-05,,5019624,866,45,20,27,112,-0.8623604294153052,0.5024022233733555,0.03112231773693779,0.16510230349317512,0.46932962653398635,0.32179334207931787,0.45643736178813166
298,highways_00501_LD.png,1400,1.333,18.11,0.2138,10.295,85.636,0.0,246.343,246.343,246.343,96.605,-0.002372,0.004495,0.0,0.0,0.966,46.181,46.181,46.181,18.11,0.0004446,0.0008427,-0.0,0.0,0.1811,0.2304,14.048,-0.01625,0.06833,14.268,0.4578,0.3242,0.2892,-1.134,-0.4732,-0.4451,0.005768,1.42,2.461,0.5638,0.7909,0.00141,95.206,3.345,3.958,0.0006374,3.847e-05,,5617822,1023,29,51,18,131,-1.1709702432965772,-0.35178434493515626,0.012543715694140922,0.21399401347282815,0.47046497584949293,-0.4227014647119922,-0.06375701857681904
299,city_00417_LD.png,1400,1.333,22.368,0.2983,16.384,100.833,0.0,241.53,241.53,241.53,94.718,-0.002325,0.004408,0.0,0.0,0.9472,57.038,57.038,57.038,22.368,0.0005491,0.001041,-0.0,0.0,0.2237,0.5599,20.691,-0.005,0.1033,25.339,0.5689,0.3441,0.3319,-0.9765,-0.4502,-0.3797,0.005329,1.565,2.712,0.556,0.8399,0.001156,92.384,3.789,4.295,0.0006215,2.825e-05,,5276639,939,21,43,17,134,-1.2129065191275463,-0.4450965249855164,0.029400362033272683,0.25751442552997683,0.4391865157028555,-0.510751139278534,-0.11584414736165477
300,highways_00184_LD.png,1400,1.333,16.445,0.1833,8.753,65.203,0.0,247.907,247.907,247.907,97.218,-0.002387,0.004524,0.0,0.0,0.9722,41.934,41.934,41.934,16.445,0.0004037,0.0007652,-0.0,0.0,0.1644,0.1836,2.136,-0.00375,-0.01,21.257,0.4662,0.467,0.453,-1.217,-0.4926,-0.4751,0.002794,1.388,2.455,0.61,0.8409,0.001099,91.695,4.256,4.492,0.0007633,3.681e-05,,6057333,1046,54,29,21,142,-1.1319184726286595,0.38694735723199314,0.011222113416855743,0.17999002892579588,0.4298656351032485,0.034965836164483566,0.5174402029302311
301,mountains_00687_LD.png,1400,1.333,13.089,0.1268,6.477,45.592,0.0,250.554,250.554,250.554,98.256,-0.002412,0.004572,0.0,0.0,0.9826,33.376,33.376,33.376,13.089,0.0003213,0.0006091,-0.0,0.0,0.1309,0.02058,39.392,0.1125,-0.1617,30.958,0.3348,0.2453,0.3106,-1.17,-0.4725,-0.4856,0.003452,1.327,2.252,0.3957,0.7255,0.001147,91.824,4.416,4.451,0.0008595,3.95e-05,,4762071,845,23,37,26,106,-0.8524950342746941,-0.29673783825989797,0.00798208957442739,0.2123305764960814,0.34533276418151376,-0.13071320405256792,-0.20231903464098236
302,highways_00268_LD.png,1400,1.333,25.142,0.3577,22.843,150.573,0.0,237.708,237.708,237.708,93.219,-0.002288,0.004338,0.0,0.0,0.9322,64.112,64.112,64.112,25.142,0.0006172,0.00117,-0.0,0.0,0.2514,0.5312,1.828,-0.00625,-0.006667,9.256,0.6283,0.6101,0.6006,-1.023,-0.4499,-0.4224,0.005966,1.651,2.706,0.7916,0.8787,0.0009011,99.239,4.302,4.522,0.0001527,6.574e-06,,5841949,1085,44,38,27,129,-0.9420757749957761,0.09183483295422239,0.06746820061564252,0.34098950190534005,0.5522895389312026,0.020026154937977658,0.1668571774498484
303,forests_00698_LD.png,1400,1.333,21.514,0.2806,15.888,118.034,0.0,242.594,242.594,242.594,95.135,-0.002336,0.004427,0.0,0.0,0.9514,54.859,54.859,54.859,21.514,0.0005281,0.001001,-0.0,0.0,0.2151,0.2985,10.362,-0.0225,0.04667,14.928,0.5919,0.5952,0.5714,-1.062,-0.439,-0.4253,0.006727,1.498,2.582,0.7093,0.8691,0.001031,98.627,3.727,4.284,0.0002374,1.007e-05,,5817352,1072,36,41,53,105,-0.4249322337454058,-0.08147408306069102,0.02034297415546102,0.20553185322457038,0.40970870762237066,0.34276133823435145,-0.2728193219106404
304,mountains_00324_LD.png,1400,1.333,9.3,0.07222,3.136,27.688,0.0,252.775,252.775,252.775,99.128,-0.002434,0.004613,0.0,0.0,0.9913,23.715,23.715,23.715,9.3,0.0002283,0.0004328,-0.0,0.0,0.093,0.009127,34.222,0.03875,-0.1667,28.85,0.4485,0.2061,0.1843,-1.085,-0.4632,-0.4674,0.009293,1.215,2.248,0.2589,0.5967,0.001581,85.639,4.473,4.402,0.001162,4.466e-05,,5397986,938,34,35,42,107,-0.5772680560877566,-0.018164971926272335,0.019538341952535627,0.17001984691413746,0.3574346345955409,0.25475691320435084,-0.13328628820001887
305,city_00452_LD.png,1400,1.333,25.599,0.3678,20.628,135.698,0.0,237.022,237.022,237.022,92.95,-0.002282,0.004325,0.0,0.0,0.9295,65.278,65.278,65.278,25.599,0.0006284,0.001191,-0.0,0.0,0.256,0.5778,7.212,-0.01375,0.03333,16.141,0.5303,0.4677,0.4845,-1.096,-0.4714,-0.44,0.00538,1.621,2.778,0.6206,0.8624,0.001246,98.754,3.699,4.294,0.0003499,1.713e-05,,5365982,996,36,29,26,127,-0.9544235681784119,0.13538473551751684,0.0318940638432951,0.27509299492415,0.49266775142991703,0.03503446396314602,0.20956329726842515
306,mountains_00355_LD.png,1400,1.333,11.158,0.09763,4.603,38.494,0.0,251.785,251.785,251.785,98.739,-0.002424,0.004595,0.0,0.0,0.9874,28.452,28.452,28.452,11.158,0.0002739,0.0005192,-0.0,0.0,0.1116,0.02837,32.334,-0.00125,-0.1617,16.992,0.4057,0.2386,0.2181,-1.156,-0.4923,-0.4894,0.005814,1.281,2.256,0.5041,0.738,0.001241,90.783,4.49,4.492,0.0009786,4.635e-05,,5035676,883,31,33,37,102,-0.6243860249081372,-0.039176085503097625,0.0108340255873159,0.18624833379197675,0.4266843243324423,0.20414197484095054,-0.12330140492750113
307,city_00272_LD.png,1400,1.333,19.199,0.2346,11.131,80.074,0.0,245.226,245.226,245.226,96.167,-0.002361,0.004475,0.0,0.0,0.9617,48.957,48.957,48.957,19.199,0.0004713,0.0008934,-0.0,0.0,0.192,0.3223,6.82,-0.02875,0.01833,21.532,0.5049,0.4037,0.386,-1.223,-0.4918,-0.5243,0.002623,1.493,2.664,0.5289,0.8116,0.001362,92.538,3.843,4.322,0.0008189,3.339e-05,,5487322,1028,30,39,29,125,-0.8841349348750261,-0.164210777079331,0.009409814898776762,0.1616593925831641,0.4684189983348487,-0.08019048741050538,-0.07578065959901142
308,mountains_00228_LD.png,1400,1.333,14.312,0.1466,7.075,57.989,0.0,249.665,249.665,249.665,97.908,-0.002404,0.004556,0.0,0.0,0.9791,36.495,36.495,36.495,14.312,0.0003513,0.000666,-0.0,0.0,0.1431,0.0731,13.724,-0.00625,-0.06833,17.965,0.4277,0.3466,0.4073,-1.157,-0.4763,-0.5157,0.004202,1.363,2.388,0.6221,0.8035,0.00118,93.062,3.94,4.343,0.0008463,3.996e-05,,5172871,1014,26,36,35,114,-0.72280668820074,-0.2035442315324862,0.009424188376227388,0.16299446308136936,0.41021285707530597,0.028980597533646568,-0.20090299184363714
309,beaches_00385_LD.png,1400,1.333,11.466,0.1021,3.898,30.903,0.0,251.602,251.602,251.602,98.668,-0.002422,0.004591,0.0,0.0,0.9867,29.239,29.239,29.239,11.466,0.0002815,0.0005336,-0.0,0.0,0.1147,0.05705,26.357,-0.1275,-0.03333,36.069,0.3332,0.3702,0.2907,-1.219,-0.506,-0.4562,0.005683,1.319,2.468,0.3034,0.2855,0.0018,81.734,3.725,4.134,0.001267,3.424e-05,,5601295,1063,37,41,18,130,-1.1669186011353172,-0.06431683512387441,0.012888517349724496,0.13439507448458657,0.3918060459480322,-0.25371412938841376,0.16883117007758963
310,beaches_00285_LD.png,1400,1.333,11.717,0.1058,4.148,39.082,0.0,251.45,251.45,251.45,98.608,-0.002421,0.004589,0.0,0.0,0.9861,29.879,29.879,29.879,11.717,0.0002876,0.0005452,-0.0,0.0,0.1172,0.02685,31.954,0.03875,0.155,30.295,0.4272,0.269,0.2536,-1.19,-0.4619,-0.4883,0.005945,1.15,2.165,0.3743,0.7661,0.001535,91.732,2.668,3.457,0.0009531,3.035e-05,,5926892,1062,25,58,18,138,-1.1983797023069245,-0.5209384652264952,0.01124827421309018,0.18616641698965047,0.475793262708242,-0.5425895966600041,-0.1861956998535821
311,city_00344_LD.png,1400,1.333,19.766,0.2456,12.132,97.097,0.0,244.615,244.615,244.615,95.927,-0.002355,0.004464,0.0,0.0,0.9593,50.403,50.403,50.403,19.766,0.0004852,0.0009198,-0.0,0.0,0.1977,0.3106,21.272,0.03125,0.1017,20.798,0.4689,0.3668,0.3379,-1.114,-0.4797,-0.4268,0.009734,1.466,2.561,0.5799,0.8573,0.001343,94.397,3.52,4.1,0.0005872,2.944e-05,,5791423,1046,40,32,21,142,-1.1319184726286595,0.13971029888186212,0.020645371532413016,0.2275916431669252,0.4273668645755004,-0.10752439694722848,0.31539392979114034
312,mountains_00685_LD.png,1400,1.333,11.44,0.1017,5.032,39.362,0.0,251.618,251.618,251.618,98.674,-0.002422,0.004592,0.0,0.0,0.9867,29.171,29.171,29.171,11.44,0.0002808,0.0005323,-0.0,0.0,0.1144,0.02576,9.347,-0.0175,-0.04333,14.723,0.3146,0.3512,0.3198,-1.133,-0.4655,-0.4896,0.005683,1.275,2.286,0.5461,0.7267,0.001205,95.227,3.915,4.254,0.0009686,3.249e-05,,5097771,907,29,35,34,109,-0.7135192986004638,-0.1177698745790953,0.016722822906324118,0.20431253668982444,0.4349751671408842,0.08600477775689008,-0.1361593528802449
313,highways_00331_LD.png,1400,1.333,16.382,0.1822,9.12,69.529,0.0,247.963,247.963,247.963,97.24,-0.002387,0.004525,0.0,0.0,0.9724,41.774,41.774,41.774,16.382,0.0004022,0.0007623,-0.0,0.0,0.1638,0.1262,20.68,0.05375,-0.08833,17.338,0.4963,0.2912,0.2779,-1.133,-0.4827,-0.4923,0.004872,1.436,2.489,0.4818,0.7853,0.001313,90.756,4.348,4.451,0.0007345,3.671e-05,,5504368,948,34,38,22,129,-1.0550756478933867,-0.06968492031845568,0.014556191505657767,0.1937079038761362,0.45868494719397157,-0.16540798178111016,0.09998578662096247
314,mountains_00363_LD.png,1400,1.333,9.905,0.08018,3.716,32.428,0.0,252.473,252.473,252.473,99.009,-0.002431,0.004607,0.0,0.0,0.9901,25.257,25.257,25.257,9.905,0.0002432,0.0004609,-0.0,0.0,0.09905,0.01122,10.76,0.015,-0.05167,15.638,0.3719,0.3389,0.3256,-1.144,-0.468,-0.4898,0.006091,1.148,2.114,0.5603,0.7293,0.001137,95.378,4.073,4.356,0.0009449,5.321e-05,,5100168,930,34,37,31,108,-0.7620282135812143,-0.05298171210299662,0.012476958401749394,0.2194994735145844,0.2886297493407897,0.0837018660672657,-0.055256216801420066
315,offices_00184_LD.png,1400,1.333,23.122,0.3141,15.631,119.019,0.0,240.548,240.548,240.548,94.333,-0.002316,0.00439,0.0,0.0,0.9433,58.96,58.96,58.96,23.122,0.0005676,0.001076,-0.0,0.0,0.2312,0.8422,7.036,-0.01125,0.03333,13.005,0.4874,0.4386,0.4276,-1.245,-0.5039,-0.483,0.01091,1.497,2.53,0.6603,0.843,0.00134,98.688,3.417,3.896,0.0004157,2.823e-05,,5643708,956,40,37,8,143,-1.6166203108543593,0.04884984243636232,0.022211678930077344,0.19307167244202544,0.5010096518004787,-0.55599651660698,0.5204896450383063
316,beaches_00581_LD.png,1400,1.333,15.771,0.1714,7.85,55.66,0.0,248.492,248.492,248.492,97.448,-0.002392,0.004535,0.0,0.0,0.9745,40.215,40.215,40.215,15.771,0.0003872,0.0007339,-0.0,0.0,0.1577,0.1024,37.684,0.05,-0.1817,30.805,0.4893,0.2115,0.1906,-1.101,-0.4688,-0.4066,0.00395,1.469,2.41,0.3185,0.7815,0.001531,86.937,3.446,4.028,0.000906,3.412e-05,,5609458,993,47,31,8,143,-1.6166203108543593,0.2599896012310702,0.010782869841883978,0.2414411523142561,0.37844492711546196,-0.4343102546421478,0.693036599207059
317,beaches_00179_LD.png,1400,1.333,12.992,0.1253,5.677,46.279,0.0,250.62,250.62,250.62,98.282,-0.002413,0.004573,0.0,0.0,0.9828,33.13,33.13,33.13,12.992,0.000319,0.0006046,-0.0,0.0,0.1299,0.0703,8.814,-0.0425,0.01167,17.311,0.3605,0.3486,0.3689,-1.259,-0.4915,-0.5028,0.002423,1.29,2.36,0.5526,0.7744,0.001215,93.31,4.118,4.426,0.0009389,3.513e-05,,5428409,941,32,44,39,106,-0.6159446754412703,-0.199201324789267,0.01165917538231181,0.1932189030474867,0.38150087373411096,0.1188129768728452,-0.25894172229360213
318,offices_20081106_00094_LD.png,1400,1.333,19.555,0.2415,11.768,82.627,0.0,244.844,244.844,244.844,96.017,-0.002357,0.004468,0.0,0.0,0.9602,49.866,49.866,49.866,19.555,0.0004801,0.00091,-0.0,0.0,0.1956,0.1757,15.734,0.02375,-0.075,12.7,0.3542,0.2983,0.3085,-1.257,-0.4542,-0.4571,0.005803,1.451,2.628,0.5817,0.8488,0.001302,96.435,3.756,4.241,0.0006846,3.009e-05,,5524349,969,37,38,43,106,-0.5575068092664821,-0.01671163299874855,0.018978543704861472,0.18860858419602078,0.45977463659353207,0.2717437391414471,-0.14348760255417825
319,highways_00323_LD.png,1400,1.333,14.155,0.144,6.135,43.53,0.0,249.784,249.784,249.784,97.955,-0.002405,0.004558,0.0,0.0,0.9795,36.095,36.095,36.095,14.155,0.0003475,0.0006587,-0.0,0.0,0.1415,0.1505,19.783,0.0625,-0.07667,27.049,0.4969,0.3826,0.3353,-1.194,-0.4899,-0.4603,0.002688,1.457,2.488,0.2808,0.4808,0.001656,81.526,3.927,4.127,0.001136,2.527e-05,,5364575,977,37,37,35,109,-0.6965074215790178,0.0,0.013978261504365418,0.1622032313842898,0.3121115352121588,0.1677815282509989,-0.04972029691135477
320,highways_20081106_00096_LD.png,1400,1.333,23.542,0.323,18.087,124.745,0.0,239.983,239.983,239.983,94.111,-0.00231,0.004379,0.0,0.0,0.9411,60.033,60.033,60.033,23.542,0.0005779,0.001096,-0.0,0.0,0.2354,0.5205,16.839,0.06375,0.055,22.541,0.5105,0.4884,0.5133,-1.115,-0.4666,-0.4542,0.005135,1.561,2.625,0.5858,0.8745,0.001087,96.79,3.95,4.311,0.0003093,2.202e-05,,5515289,943,30,45,17,132,-1.2050398472747825,-0.2533471031357997,0.02252403520695348,0.2724290516531238,0.485013661346422,-0.3938113417368685,0.0363228959054534
321,highways_20081106_00088_LD.png,1400,1.333,20.46,0.2594,15.2,113.402,0.0,243.836,243.836,243.836,95.622,-0.002347,0.00445,0.0,0.0,0.9562,52.174,52.174,52.174,20.46,0.0005023,0.0009521,-0.0,0.0,0.2046,0.2041,9.443,-0.01875,0.04333,14.072,0.5623,0.5641,0.5441,-1.047,-0.4593,-0.4471,0.006713,1.504,2.545,0.7284,0.8595,0.0009309,98.899,4.357,4.52,0.0002337,1.441e-05,,5569852,995,26,48,30,122,-0.8510585268385689,-0.3816746537655626,0.01776568121367409,0.23992385855580373,0.46681301899212624,-0.17849093505369662,-0.2725587285628748
322,highways_00411_LD.png,1400,1.333,19.355,0.2376,11.239,78.294,0.0,245.06,245.06,245.06,96.102,-0.002359,0.004472,0.0,0.0,0.961,49.355,49.355,49.355,19.355,0.0004752,0.0009007,-0.0,0.0,0.1936,0.3377,7.521,-0.01375,-0.035,21.258,0.5124,0.352,0.3492,-1.11,-0.4834,-0.4296,0.003723,1.46,2.589,0.459,0.741,0.001348,89.823,3.816,4.324,0.0007619,3.376e-05,,5611602,1032,52,24,54,98,-0.37114932320228394,0.47950565333095013,0.009409814898776762,0.18762262183581202,0.3394601891940242,0.7100233120223296,0.15462600642724555
323,city_00604_LD.png,1400,1.333,23.014,0.3118,17.24,123.092,0.0,240.691,240.691,240.691,94.389,-0.002317,0.004392,0.0,0.0,0.9439,58.686,58.686,58.686,23.014,0.000565,0.001071,-0.0,0.0,0.2301,0.4432,3.318,-0.01625,-0.003333,13.545,0.5247,0.5268,0.514,-1.062,-0.4608,-0.4124,0.005163,1.523,2.652,0.7065,0.8896,0.001086,98.31,3.969,4.38,0.0003143,2.001e-05,,5129839,929,29,31,8,140,-1.606755068969243,-0.0417892978164538,0.02410877572822192,0.22634055658562385,0.4509694059489783,-0.600172567479168,0.44073217972903644
324,forests_00136_LD.png,1400,1.333,18.902,0.2289,12.457,88.408,0.0,245.538,245.538,245.538,96.289,-0.002364,0.004481,0.0,0.0,0.9629,48.201,48.201,48.201,18.902,0.000464,0.0008796,-0.0,0.0,0.189,0.1761,10.817,0.045,0.03,13.904,0.4811,0.4602,0.4453,-1.283,-0.4758,-0.4714,0.002643,1.423,2.495,0.7363,0.8692,0.00092,98.138,4.384,4.548,0.0004189,1.849e-05,,5559702,907,26,52,27,120,-0.9014540796736765,-0.43072729929545756,0.018834813618595993,0.25038266334822357,0.5412898610531498,-0.24794555744731994,-0.2836008844754154
325,offices_00122_LD.png,1400,1.333,24.403,0.3416,20.096,110.144,0.0,238.783,238.783,238.783,93.64,-0.002299,0.004357,0.0,0.0,0.9364,62.228,62.228,62.228,24.403,0.0005991,0.001136,-0.0,0.0,0.244,0.4926,18.649,-0.045,-0.08167,14.922,0.4737,0.3875,0.3844,-1.165,-0.433,-0.4004,0.005307,1.595,2.745,0.6306,0.8612,0.001165,96.696,4.132,4.458,0.0005168,2.72e-05,,5464993,989,43,27,54,99,-0.37739194382855384,0.29050677112339396,0.01769823539789815,0.16259244579798668,0.429251806946536,0.5959959360136642,0.0037707602189427925
326,offices_00395_LD.png,1400,1.333,21.493,0.2802,15.485,90.957,0.0,242.62,242.62,242.62,95.145,-0.002336,0.004427,0.0,0.0,0.9514,54.806,54.806,54.806,21.493,0.0005276,0.001,-0.0,0.0,0.2149,0.367,13.757,-0.0225,-0.065,16.17,0.4108,0.4218,0.359,-1.183,-0.4318,-0.4262,0.004506,1.554,2.696,0.5474,0.8411,0.001147,94.761,4.128,4.444,0.0006084,3.75e-05,,5501207,956,41,33,42,108,-0.5828415072712162,0.1359106806464805,0.017639951068432542,0.1753199195514245,0.4299266996829402,0.33900067807835965,-0.004160929909453992
327,forests_20081106_00026_LD.png,1400,1.333,22.256,0.2959,14.513,105.225,0.0,241.673,241.673,241.673,94.774,-0.002327,0.00441,0.0,0.0,0.9477,56.752,56.752,56.752,22.256,0.0005464,0.001036,-0.0,0.0,0.2226,0.5592,23.436,0.0225,0.115,27.793,0.5011,0.4487,0.4025,-1.005,-0.457,-0.3377,0.01526,1.512,2.701,0.5419,0.8244,0.001398,94.226,2.749,3.423,0.0005284,3.133e-05,,5537378,1035,31,40,35,118,-0.7429427536058105,-0.15954508992311356,0.026550264678916795,0.2569378232309889,0.33070135435740844,0.03788310991808952,-0.15334112828044455
328,offices_00141_LD.png,1400,1.333,24.192,0.337,18.637,118.213,0.0,239.083,239.083,239.083,93.758,-0.002302,0.004363,0.0,0.0,0.9376,61.689,61.689,61.689,24.192,0.0005939,0.001126,-0.0,0.0,0.2419,0.4522,20.553,-0.015,-0.1017,10.14,0.5362,0.4486,0.426,-1.194,-0.4547,-0.4557,0.003067,1.592,2.678,0.5647,0.857,0.001132,96.075,3.982,4.372,0.0004259,2.896e-05,,5572234,936,37,38,10,141,-1.504509103507508,-0.01671163299874855,0.017471578560497886,0.23044561244563752,0.47386293920558814,-0.5021624280100778,0.40229860993437705
329,forests_00155_LD.png,1400,1.333,15.351,0.1641,8.807,71.299,0.0,248.842,248.842,248.842,97.585,-0.002396,0.004541,0.0,0.0,0.9759,39.145,39.145,39.145,15.351,0.0003769,0.0007143,-0.0,0.0,0.1535,0.05811,5.803,0.02375,-0.01667,10.799,0.4899,0.4788,0.4595,-1.17,-0.4916,-0.5131,0.005035,1.34,2.292,0.7826,0.8534,0.0008543,99.323,4.486,4.555,0.0004389,1.983e-05,,5512719,928,23,51,15,136,-1.2853342781142731,-0.4935533950895455,0.030992534000700112,0.3716695829228812,0.5256154998661167,-0.5978674867864764,-0.11370159538013369
330,beaches_00268_LD.png,1400,1.333,18.151,0.2146,10.696,84.277,0.0,246.302,246.302,246.302,96.589,-0.002371,0.004495,0.0,0.0,0.9659,46.284,46.284,46.284,18.151,0.0004456,0.0008446,-0.0,0.0,0.1815,0.1434,32.079,0.01125,-0.16,12.042,0.5013,0.3669,0.3508,-1.144,-0.4769,-0.4951,0.003967,1.39,2.447,0.4652,0.8331,0.001224,93.899,3.579,4.236,0.0005652,3.737e-05,,5654047,1029,18,61,22,128,-1.0508372738832275,-0.7459523457113463,0.018661339967188998,0.20545901977430975,0.42629404016578976,-0.551697788230417,-0.45511400611466435
331,city_00281_LD.png,1400,1.333,19.764,0.2456,11.351,66.718,0.0,244.616,244.616,244.616,95.928,-0.002355,0.004464,0.0,0.0,0.9593,50.399,50.399,50.399,19.764,0.0004852,0.0009197,-0.0,0.0,0.1976,0.5113,17.517,0.07875,0.03833,27.165,0.5271,0.5135,0.4749,-1.147,-0.4848,-0.4821,0.003778,1.574,2.726,0.4005,0.7173,0.001604,82.433,3.958,4.349,0.00107,2.569e-05,,5275461,920,33,41,13,129,-1.331274846680918,-0.1359106806464805,0.018932019822725955,0.14743395758526237,0.3195353776431786,-0.42929052116066657,0.20504697903993307
332,city_00136_LD.png,1400,1.333,26.615,0.3905,20.93,132.856,0.0,235.435,235.435,235.435,92.328,-0.002267,0.004296,0.0,0.0,0.9233,67.869,67.869,67.869,26.615,0.0006534,0.001239,-0.0,0.0,0.2662,0.8513,20.939,0.025,-0.1017,11.533,0.5611,0.4816,0.4683,-1.057,-0.4492,-0.4038,0.006292,1.601,2.745,0.6414,0.8694,0.001151,95.065,3.5,4.071,0.0004129,2.204e-05,,5141789,943,30,37,14,128,-1.2896186457164065,-0.13131972570488326,0.020449195447228702,0.22579434026819956,0.46298884632086035,-0.39260246776617724,0.18479104943414515
333,beaches_00319_LD.png,1400,1.333,16.849,0.1906,9.27,69.319,0.0,247.543,247.543,247.543,97.076,-0.002383,0.004517,0.0,0.0,0.9708,42.965,42.965,42.965,16.849,0.0004136,0.0007841,-0.0,0.0,0.1685,0.1483,23.75,-0.1188,0.0,23.908,0.3852,0.4141,0.3456,-1.036,-0.4745,-0.4038,0.006781,1.355,2.261,0.4761,0.7627,0.001349,92.321,3.667,4.171,0.0006679,3.215e-05,,5943366,1038,35,50,24,131,-1.0158991380912257,-0.2230078309403668,0.008398538950988549,0.16574009181382815,0.439007465496026,-0.22175693516506878,-0.047890882581403005
334,city_00147_LD.png,1400,1.333,27.022,0.3997,23.687,152.046,0.0,234.776,234.776,234.776,92.069,-0.00226,0.004284,0.0,0.0,0.9207,68.906,68.906,68.906,27.022,0.0006634,0.001257,-0.0,0.0,0.2702,0.7139,6.809,0.0125,0.03167,10.276,0.5803,0.5414,0.5172,-0.9371,-0.4133,-0.3576,0.009043,1.656,2.77,0.7318,0.8819,0.001129,99.413,3.753,4.25,0.000231,1.691e-05,,5269812,922,29,43,10,134,-1.4799413890351922,-0.24616364666135945,0.03359724883844382,0.2798513453141122,0.45258719038513145,-0.6143254506213109,0.20062745303053953
335,forests_00393_LD.png,1400,1.333,19.183,0.2343,12.836,97.128,0.0,245.243,245.243,245.243,96.174,-0.002361,0.004475,0.0,0.0,0.9617,48.918,48.918,48.918,19.183,0.0004709,0.0008927,-0.0,0.0,0.1918,0.1886,11.482,-0.02125,-0.05333,12.305,0.4843,0.5102,0.4471,-1.136,-0.4606,-0.4481,0.004174,1.443,2.476,0.6413,0.8495,0.0009971,98.054,4.158,4.459,0.0003592,2.108e-05,,5276351,997,31,38,21,125,-1.0632441776973731,-0.12749235373106182,0.020793329338662552,0.20553185322457038,0.4301960110533781,-0.20539962272868495,0.057452353991655936
336,offices_00661_LD.png,1400,1.333,25.966,0.376,21.499,140.67,0.0,236.459,236.459,236.459,92.729,-0.002276,0.004315,0.0,0.0,0.9273,66.213,66.213,66.213,25.966,0.0006374,0.001208,-0.0,0.0,0.2597,0.6274,19.12,0.04375,0.085,18.795,0.5546,0.5332,0.5081,-1.159,-0.4854,-0.4779,0.004127,1.597,2.675,0.7089,0.8784,0.001047,97.943,3.969,4.358,0.0002481,1.4e-05,,5611494,1057,45,32,51,100,-0.41861614449338724,0.2132027400269713,0.02431663644013571,0.16510230349317512,0.4761202106157345,0.5177541641370669,-0.035644631163379514
337,offices_00602_LD.png,1400,1.333,24.716,0.3484,20.181,118.057,0.0,238.334,238.334,238.334,93.464,-0.002294,0.004349,0.0,0.0,0.9346,63.025,63.025,63.025,24.716,0.0006068,0.00115,-0.0,0.0,0.2472,0.4548,24.083,0.01,0.12,20.57,0.4819,0.4187,0.4014,-1.104,-0.4274,-0.3998,0.005077,1.577,2.672,0.646,0.8604,0.001049,97.347,3.774,4.234,0.0004051,2.774e-05,,5972588,1016,30,54,21,137,-1.112733775973208,-0.36610635680056963,0.025843035260657853,0.28508717293121644,0.5192744191562367,-0.38336385715815857,-0.10902465361687219
338,forests_00147_LD.png,1400,1.333,20.448,0.2591,14.111,116.393,0.0,243.851,243.851,243.851,95.628,-0.002348,0.00445,0.0,0.0,0.9563,52.142,52.142,52.142,20.448,0.000502,0.0009515,-0.0,0.0,0.2045,0.2536,4.204,0.01625,-0.01333,9.555,0.5282,0.5658,0.5225,-1.02,-0.4733,-0.4963,0.009718,1.457,2.434,0.7464,0.8553,0.001087,99.333,3.733,4.197,0.0002228,1.629e-05,,5843203,1036,31,51,43,113,-0.5958401014419759,-0.31060942538225567,0.024327118090554663,0.22905432950166835,0.40856721537308366,0.07103489678546226,-0.36157316891983954
339,offices_20081106_00051_LD.png,1400,1.333,20.342,0.257,13.991,86.208,0.0,243.971,243.971,243.971,95.675,-0.002349,0.004452,0.0,0.0,0.9567,51.873,51.873,51.873,20.342,0.0004994,0.0009466,-0.0,0.0,0.2034,0.3201,4.9,0.01625,-0.01833,15.164,0.4644,0.3892,0.369,-1.24,-0.446,-0.4328,0.006205,1.491,2.634,0.5862,0.8122,0.001208,96.671,4.091,4.352,0.000598,4.129e-05,,5902329,1117,45,38,63,94,-0.25005117849779424,0.10589879442185142,0.02131227349208541,0.17827639737476847,0.44608278957072295,0.5936657570972456,-0.2204843307892177
340,mountains_00752_LD.png,1400,1.333,11.254,0.09901,4.409,40.62,0.0,251.729,251.729,251.729,98.717,-0.002423,0.004594,0.0,0.0,0.9872,28.697,28.697,28.697,11.254,0.0002763,0.0005237,-0.0,0.0,0.1125,0.02925,21.759,0.01,0.1083,24.819,0.4265,0.3114,0.3084,-1.106,-0.4864,-0.492,0.007214,1.196,2.16,0.4725,0.7175,0.001447,90.97,4.056,4.393,0.0009113,4.372e-05,,5131663,893,32,36,34,109,-0.7135192986004638,-0.07379127380827269,0.007687892058298292,0.17526262449103483,0.3478123962467366,0.11135098239780983,-0.10021930229513831
341,highways_00600_LD.png,1400,1.333,15.525,0.1671,7.314,54.88,0.0,248.698,248.698,248.698,97.529,-0.002394,0.004538,0.0,0.0,0.9753,39.59,39.59,39.59,15.525,0.0003811,0.0007225,-0.0,0.0,0.1553,0.1607,37.18,0.0525,-0.1783,20.309,0.451,0.2755,0.2308,-1.212,-0.463,-0.4734,0.005761,1.439,2.561,0.4128,0.6804,0.001629,85.986,3.255,3.755,0.001029,3.45e-05,,5808551,1007,21,54,20,141,-1.1541291966340235,-0.5828415072712162,0.014568005522504774,0.18416441549500218,0.3793615489218878,-0.5421039459033794,-0.26228681635242523
342,offices_00657_LD.png,1400,1.333,19.848,0.2472,14.31,92.66,0.0,244.524,244.524,244.524,95.892,-0.002354,0.004462,0.0,0.0,0.9589,50.613,50.613,50.613,19.848,0.0004873,0.0009236,-0.0,0.0,0.1985,0.2032,19.318,0.09125,-0.03167,19.417,0.3814,0.4178,0.3743,-1.178,-0.453,-0.4374,0.003198,1.493,2.617,0.5989,0.8435,0.00104,97.021,4.186,4.476,0.0005385,4.108e-05,,5381910,957,40,28,38,113,-0.6692888182099165,0.2230078309403668,0.01751105810070409,0.19975766770443512,0.31375637535428125,0.3185512204482707,0.11683853637235797
343,beaches_00503_LD.png,1400,1.333,10.356,0.08632,3.326,30.816,0.0,252.235,252.235,252.235,98.916,-0.002428,0.004603,0.0,0.0,0.9892,26.407,26.407,26.407,10.356,0.0002542,0.0004819,-0.0,0.0,0.1036,0.02853,36.833,0.1425,-0.1167,31.428,0.3236,0.2612,0.2361,-1.157,-0.5009,-0.4757,0.00612,1.288,2.236,0.2491,0.09321,0.001898,81.548,3.179,3.642,0.001233,1.729e-05,,5923749,1057,33,45,36,126,-0.7647096737863871,-0.19402814242392633,0.009093527346723983,0.14396108385556963,0.3287375651013102,0.0002211859671129579,-0.16897631962024795
344,beaches_00252_LD.png,1400,1.333,16.701,0.1879,8.956,63.001,0.0,247.677,247.677,247.677,97.128,-0.002384,0.00452,0.0,0.0,0.9713,42.589,42.589,42.589,16.701,0.00041,0.0007772,-0.0,0.0,0.167,0.1331,37.042,-0.125,0.1367,31.918,0.4206,0.2817,0.2475,-1.146,-0.4648,-0.4192,0.004326,1.425,2.537,0.4291,0.8261,0.001156,89.104,3.88,4.331,0.0007996,3.944e-05,,5714519,992,26,55,21,128,-1.0761074713429177,-0.46493876548308033,0.015440249740650646,0.19728563991862183,0.5462722270429914,-0.4103923481430831,-0.21090100942103074
345,offices_00634_LD.png,1400,1.333,22.982,0.3111,16.165,116.499,0.0,240.733,240.733,240.733,94.405,-0.002318,0.004393,0.0,0.0,0.9441,58.604,58.604,58.604,22.982,0.0005642,0.001069,-0.0,0.0,0.2298,0.4599,15.675,0.0025,0.07833,21.433,0.5012,0.4536,0.4174,-0.9998,-0.4373,-0.3553,0.01042,1.523,2.715,0.6109,0.8648,0.001169,96.589,3.731,4.263,0.0005149,2.469e-05,,5547043,990,42,34,27,123,-0.915365087842814,0.13231285227617132,0.0303078236567159,0.19575289321253905,0.347910524060679,0.06518328985872313,0.18454231307729208
346,mountains_00282_LD.png,1400,1.333,11.156,0.0976,4.794,41.516,0.0,251.786,251.786,251.786,98.74,-0.002424,0.004595,0.0,0.0,0.9874,28.447,28.447,28.447,11.156,0.0002739,0.0005191,-0.0,0.0,0.1116,0.02813,18.335,-0.00125,-0.09167,14.64,0.428,0.3158,0.3263,-1.079,-0.494,-0.4975,0.009502,1.222,2.187,0.5599,0.6911,0.001243,94.124,4.098,4.254,0.0008576,5.244e-05,,4726028,819,45,13,40,93,-0.5222392522821702,0.7582925569911514,0.01277719340911341,0.1529321488087771,0.36486681674536986,0.7472234545615157,0.46953306210696777
347,mountains_00668_LD.png,1400,1.333,14.832,0.1553,7.413,60.871,0.0,249.261,249.261,249.261,97.749,-0.0024,0.004549,0.0,0.0,0.9775,37.822,37.822,37.822,14.832,0.0003641,0.0006902,-0.0,0.0,0.1483,0.09239,23.773,-0.01125,-0.1183,15.153,0.5951,0.3252,0.3334,-1.097,-0.4485,-0.4418,0.00685,1.359,2.381,0.5019,0.751,0.001389,90.988,4.089,4.387,0.0008006,3.971e-05,,4972672,826,32,30,37,103,-0.6301882460226785,0.04044050856564621,0.012879719268789058,0.16431742992081286,0.4551210904676104,0.24528576600306723,-0.05489339172891966
348,offices_00114_LD.png,1400,1.333,17.949,0.2108,9.757,70.273,0.0,246.501,246.501,246.501,96.667,-0.002373,0.004498,0.0,0.0,0.9667,45.771,45.771,45.771,17.949,0.0004406,0.0008353,-0.0,0.0,0.1795,0.2065,10.883,0.035,-0.04167,21.335,0.3301,0.4308,0.3689,-1.22,-0.481,-0.4373,0.004174,1.401,2.596,0.5216,0.8236,0.001479,93.042,3.64,4.163,0.0008216,3.428e-05,,5330635,955,23,45,13,136,-1.3578961339861513,-0.41728413938902165,0.015610765794082496,0.1855133218156284,0.41242464560061937,-0.6132099623532765,-0.009553476164445296
349,offices_00591_LD.png,1400,1.333,17.449,0.2015,10.102,73.341,0.0,246.984,246.984,246.984,96.856,-0.002378,0.004507,0.0,0.0,0.9686,44.495,44.495,44.495,17.449,0.0004284,0.000812,-0.0,0.0,0.1745,0.1446,7.846,-0.03375,-0.02,14.56,0.3462,0.332,0.3388,-1.202,-0.4681,-0.4433,0.004499,1.411,2.526,0.6109,0.8528,0.001126,97.8,4.167,4.437,0.000703,3.518e-05,,5685424,952,54,20,75,83,-0.0635015957225528,0.6119957936995944,0.013742928385853783,0.18104655101559014,0.37221349338034776,1.0377962935644347,0.0855924342370078
350,offices_00626_LD.png,1400,1.333,23.914,0.331,19.518,128.488,0.0,239.472,239.472,239.472,93.91,-0.002305,0.00437,0.0,0.0,0.9391,60.98,60.98,60.98,23.914,0.0005871,0.001113,-0.0,0.0,0.2391,0.4233,12.238,0.03,0.05333,16.4,0.5257,0.5222,0.4899,-1.062,-0.4382,-0.3932,0.004765,1.584,2.684,0.7365,0.8834,0.000989,98.949,4.098,4.429,0.0002851,1.735e-05,,5769904,1029,60,21,79,75,0.032559365805613305,0.645630749275982,0.014234350413203853,0.17531398974062684,0.3903575333957119,1.1356837708431509,0.057716631856624234
351,forests_20081106_00010_LD.png,1400,1.333,23.929,0.3313,17.765,128.77,0.0,239.45,239.45,239.45,93.902,-0.002305,0.00437,0.0,0.0,0.939,61.019,61.019,61.019,23.929,0.0005874,0.001114,-0.0,0.0,0.2393,0.6382,11.555,-0.01125,0.05667,18.131,0.5752,0.5917,0.5579,-0.9622,-0.3865,-0.2991,0.01228,1.554,2.718,0.7141,0.8338,0.001357,97.226,2.663,3.274,0.000296,1.348e-05,,5699630,976,36,43,31,123,-0.8369913991407895,-0.11128240809028023,0.04545700703821461,0.2104568069216762,0.4035021852009882,-0.011159770708623062,-0.05969696111294054
352,highways_00493_LD.png,1400,1.333,23.283,0.3175,17.255,116.621,0.0,240.333,240.333,240.333,94.248,-0.002314,0.004386,0.0,0.0,0.9425,59.372,59.372,59.372,23.283,0.0005716,0.001083,-0.0,0.0,0.2328,0.5318,10.369,-0.01875,-0.04833,12.316,0.5667,0.4938,0.4633,-0.9581,-0.432,-0.4085,0.009313,1.577,2.708,0.6267,0.8654,0.001231,94.742,3.943,4.337,0.0005475,2.676e-05,,5518329,1028,37,39,11,138,-1.447878595913279,-0.03298793293740276,0.01930602736855335,0.2599172016038538,0.475008326149007,-0.46526355332756775,0.3563594613001515
353,offices_20081106_00075_LD.png,1400,1.333,18.946,0.2297,12.198,86.134,0.0,245.493,245.493,245.493,96.272,-0.002363,0.00448,0.0,0.0,0.9627,48.311,48.311,48.311,18.946,0.0004651,0.0008816,-0.0,0.0,0.1895,0.2652,2.926,0.01375,0.005,16.425,0.5023,0.4358,0.4227,-1.173,-0.465,-0.4407,0.005646,1.443,2.521,0.6511,0.8362,0.001154,96.624,4.082,4.404,0.0005459,3.875e-05,,5749117,1002,49,31,32,123,-0.8187952774380934,0.2858408748811657,0.01560739172653733,0.1807116160456108,0.47748890674605604,0.2325846264398106,0.25435187200347953
354,mountains_00559_LD.png,1400,1.333,10.044,0.08206,3.938,33.324,0.0,252.401,252.401,252.401,98.981,-0.00243,0.004606,0.0,0.0,0.9898,25.612,25.612,25.612,10.044,0.0002466,0.0004674,-0.0,0.0,0.1004,0.01416,27.295,-0.02,-0.135,14.651,0.4696,0.2956,0.283,-1.134,-0.5066,-0.5107,0.006791,1.22,2.11,0.41,0.6974,0.001355,94.672,4.414,4.257,0.0009113,3.988e-05,,5354389,1016,32,35,16,134,-1.2444517867714135,-0.05614803157684672,0.018404623374820368,0.21199478525647877,0.4243706725504342,-0.31236761999975404,0.22019158543199202
355,beaches_20081106_00066_LD.png,1400,1.333,17.267,0.1982,10.316,79.3,0.0,247.156,247.156,247.156,96.924,-0.002379,0.00451,0.0,0.0,0.9692,44.032,44.032,44.032,17.267,0.0004239,0.0008035,-0.0,0.0,0.1727,0.1125,19.0,-0.095,0.0,19.161,0.3973,0.4399,0.3723,-1.171,-0.4752,-0.4707,0.003683,1.392,2.416,0.5487,0.8151,0.001179,98.135,3.998,4.365,0.0005499,3.32e-05,,5884141,1154,30,48,31,129,-0.8641600043183083,-0.29338123212119327,0.02015142824510905,0.22519300942201986,0.4308621402070342,-0.1383114991664126,-0.19285308290585662
356,forests_20081106_00088_LD.png,1400,1.333,20.48,0.2597,13.144,86.893,0.0,243.814,243.814,243.814,95.613,-0.002347,0.004449,0.0,0.0,0.9561,52.224,52.224,52.224,20.48,0.0005028,0.000953,-0.0,0.0,0.2048,0.3975,19.318,0.05875,0.07667,23.074,0.4947,0.4248,0.3774,-1.24,-0.4576,-0.4257,0.008083,1.48,2.598,0.6299,0.8463,0.001228,93.649,3.53,4.096,0.0006137,2.457e-05,,5728384,1024,21,51,34,126,-0.7977768461252381,-0.5485222826980979,0.0234626773878754,0.2639273769011921,0.47945458932996843,-0.23110761239498434,-0.4396172633511613
357,city_00231_LD.png,1400,1.333,23.572,0.3237,18.055,113.048,0.0,239.942,239.942,239.942,94.095,-0.00231,0.004379,0.0,0.0,0.941,60.108,60.108,60.108,23.572,0.0005787,0.001097,-0.0,0.0,0.2357,0.6288,10.693,-0.00375,0.05333,21.312,0.5055,0.4858,0.4546,-1.162,-0.4708,-0.4455,0.003187,1.554,2.684,0.6152,0.8537,0.001095,95.504,4.161,4.441,0.0004469,2.37e-05,,5089042,895,41,26,34,107,-0.7026570442351704,0.2843797145483292,0.016534183001142913,0.19741068259648878,0.48131897961553505,0.3266526284876007,0.1862237926840702
358,highways_00415_LD.png,1400,1.333,19.132,0.2333,10.875,79.966,0.0,245.297,245.297,245.297,96.195,-0.002362,0.004476,0.0,0.0,0.9619,48.787,48.787,48.787,19.132,0.0004697,0.0008903,-0.0,0.0,0.1913,0.2936,15.417,0.02375,-0.07333,19.99,0.4122,0.4101,0.375,-1.127,-0.4984,-0.4623,0.004946,1.445,2.564,0.4725,0.8272,0.001224,92.247,3.649,4.158,0.0007532,3.259e-05,,5851508,1058,42,38,52,107,-0.4480902694393069,0.06270677794321385,0.016966513966094672,0.17367638176866187,0.39288239657826496,0.40693201634948606,-0.14164562268983194
359,mountains_00216_LD.png,1400,1.333,13.814,0.1384,7.086,57.922,0.0,250.037,250.037,250.037,98.054,-0.002407,0.004563,0.0,0.0,0.9805,35.227,35.227,35.227,13.814,0.0003391,0.0006428,-0.0,0.0,0.1381,0.05529,19.283,-0.05125,-0.08167,19.05,0.4408,0.3509,0.386,-1.071,-0.4684,-0.4819,0.008705,1.323,2.336,0.5517,0.7875,0.00117,93.85,4.069,4.35,0.0008017,3.879e-05,,5112768,958,41,27,40,102,-0.5778279520282654,0.26096740040145283,0.019215237387705256,0.20466635376169398,0.3310135357145651,0.41517182906907135,0.09514805583100172
360,highways_00468_LD.png,1400,1.333,15.562,0.1678,6.97,52.956,0.0,248.668,248.668,248.668,97.517,-0.002394,0.004538,0.0,0.0,0.9752,39.682,39.682,39.682,15.562,0.000382,0.0007242,-0.0,0.0,0.1556,0.1205,45.25,-0.02375,-0.225,19.413,0.4567,0.1913,0.1864,-1.158,-0.4985,-0.4412,0.006562,1.387,2.513,0.3246,0.6833,0.001619,87.979,3.476,3.996,0.001059,3.767e-05,,5774986,1041,44,39,13,139,-1.3688293262216265,0.07557272568403028,0.018299115167656907,0.18998463769662444,0.5432718923891418,-0.33809635558179485,0.39951855601482866
361,beaches_20081106_00009_LD.png,1400,1.333,18.563,0.2224,11.798,90.08,0.0,245.887,245.887,245.887,96.426,-0.002367,0.004487,0.0,0.0,0.9643,47.336,47.336,47.336,18.563,0.0004557,0.0008638,-0.0,0.0,0.1856,0.1844,3.056,0.01375,-0.006667,12.775,0.4954,0.4976,0.4675,-1.166,-0.4746,-0.4535,0.004121,1.396,2.479,0.6884,0.8587,0.0009747,97.337,4.257,4.499,0.0004246,2.128e-05,,5772596,1080,29,53,10,141,-1.504509103507508,-0.3754617702355184,0.020031629803669574,0.25952092161637935,0.42930433573325044,-0.7089210386522311,0.10912197735134244
362,forests_00194_LD.png,1400,1.333,18.116,0.2139,11.725,92.979,0.0,246.337,246.337,246.337,96.603,-0.002372,0.004495,0.0,0.0,0.966,46.196,46.196,46.196,18.116,0.0004447,0.000843,-0.0,0.0,0.1812,0.1202,5.006,-0.00125,-0.025,9.264,0.5494,0.4991,0.5219,-1.139,-0.4732,-0.5131,0.00537,1.462,2.455,0.7574,0.8801,0.0009201,99.473,4.375,4.536,0.0003411,1.693e-05,,5773996,1155,19,60,20,136,-1.134916617993491,-0.7046747662449618,0.014548753649978721,0.298539917982406,0.44010071391619904,-0.5966193152827133,-0.3729237933159034
363,beaches_20081106_00074_LD.png,1400,1.333,16.287,0.1805,8.268,70.364,0.0,248.046,248.046,248.046,97.273,-0.002388,0.004527,0.0,0.0,0.9727,41.531,41.531,41.531,16.287,0.0003998,0.0007579,-0.0,0.0,0.1629,0.1514,26.635,0.02,-0.1317,14.135,0.531,0.3233,0.3416,-1.036,-0.4455,-0.4245,0.01072,1.36,2.424,0.5858,0.7903,0.001635,91.522,2.597,3.01,0.0007467,1.771e-05,,5640833,1007,31,48,27,124,-0.9199174599412708,-0.27305605487126,0.043515396993329916,0.2372015534070024,0.3660010020296462,-0.17216341004016755,-0.1441082901790104
364,mountains_00555_LD.png,1400,1.333,8.543,0.06268,2.784,24.319,0.0,253.125,253.125,253.125,99.265,-0.002437,0.004619,0.0,0.0,0.9926,21.784,21.784,21.784,8.543,0.0002097,0.0003975,-0.0,0.0,0.08543,0.005546,10.848,0.04625,-0.02833,17.647,0.3297,0.3236,0.3136,-1.173,-0.4993,-0.5052,0.004972,1.093,2.106,0.5224,0.6728,0.001271,93.082,4.474,4.433,0.001081,5.2e-05,,4874499,852,39,20,51,88,-0.3400578677495893,0.41524016082607135,0.010662435923685097,0.17023930949331886,0.2886297493407897,0.6983936140856221,0.0841882164636013
365,mountains_20081106_00023_LD.png,1400,1.333,12.917,0.1241,5.787,50.512,0.0,250.672,250.672,250.672,98.303,-0.002413,0.004574,0.0,0.0,0.983,32.938,32.938,32.938,12.917,0.0003171,0.0006011,-0.0,0.0,0.1292,0.05589,43.036,-0.00875,-0.215,16.126,0.4982,0.1943,0.1989,-1.109,-0.4776,-0.4678,0.006786,1.323,2.31,0.4633,0.7366,0.001276,90.709,4.222,4.474,0.0008408,4.691e-05,,4871825,853,19,43,45,90,-0.43072729929545756,-0.5059336541658118,0.009727167715291495,0.16431742992081286,0.3956055336377585,0.09339655836813754,-0.6163549341108128
366,offices_00254_LD.png,1400,1.333,24.111,0.3352,22.079,117.889,0.0,239.196,239.196,239.196,93.802,-0.002303,0.004365,0.0,0.0,0.938,61.484,61.484,61.484,24.111,0.0005919,0.001122,-0.0,0.0,0.2411,0.4038,16.0,-0.01625,0.07833,15.292,0.4957,0.4868,0.4561,-1.14,-0.4285,-0.4438,0.004067,1.615,2.721,0.6896,0.8415,0.0009191,98.615,4.27,4.474,0.0003267,2.021e-05,,5406218,886,41,30,28,122,-0.8902468872703804,0.19541200066782957,0.036076031643560616,0.2769169458292499,0.531584905742661,0.12207626242102532,0.22163161343163496
367,city_20081106_00003_LD.png,1400,1.333,27.395,0.4083,24.167,155.926,0.0,234.159,234.159,234.159,91.827,-0.002254,0.004273,0.0,0.0,0.9183,69.858,69.858,69.858,27.395,0.0006725,0.001275,-0.0,0.0,0.274,0.7412,8.353,0.02,-0.03667,9.702,0.5637,0.5657,0.5485,-1.149,-0.4678,-0.4832,0.003624,1.647,2.759,0.7493,0.8811,0.001034,98.906,4.208,4.463,0.0002393,1.219e-05,,5190268,910,32,33,21,122,-1.0500257070970749,-0.019282950895712157,0.04292824318693091,0.26091359089230315,0.40750264510404605,-0.13223289814058103,0.13826468745655762
368,mountains_00351_LD.png,1400,1.333,14.585,0.1511,7.816,61.287,0.0,249.455,249.455,249.455,97.826,-0.002402,0.004552,0.0,0.0,0.9783,37.191,37.191,37.191,14.585,0.000358,0.0006787,-0.0,0.0,0.1458,0.05532,11.299,-0.03625,-0.04333,9.507,0.4033,0.4212,0.3809,-1.207,-0.4918,-0.498,0.003994,1.322,2.242,0.6652,0.8415,0.0009439,97.606,4.511,4.545,0.0005462,3.295e-05,,4815417,818,16,43,30,106,-0.7702080818754757,-0.6092286670139982,0.01147316179599066,0.2577317400672382,0.36269718864641287,-0.2435648904477974,-0.5051162563394789
369,beaches_20081106_00021_LD.png,1400,1.333,14.143,0.1438,6.532,52.8,0.0,249.793,249.793,249.793,97.958,-0.002405,0.004558,0.0,0.0,0.9796,36.064,36.064,36.064,14.143,0.0003472,0.0006581,-0.0,0.0,0.1414,0.133,10.345,0.0025,-0.05167,16.385,0.4133,0.327,0.3257,-1.166,-0.4739,-0.4521,0.003603,1.281,2.322,0.5951,0.8279,0.001253,93.562,3.589,4.168,0.0008516,3.081e-05,,5504902,1027,32,44,46,104,-0.5053210885138513,-0.199201324789267,0.008510759876639311,0.1882997979446912,0.37087230174612695,0.20921642856053757,-0.3226974585660295
370,city_00444_LD.png,1400,1.333,23.134,0.3144,18.092,114.164,0.0,240.532,240.532,240.532,94.326,-0.002316,0.004389,0.0,0.0,0.9433,58.992,58.992,58.992,23.134,0.0005679,0.001077,-0.0,0.0,0.2313,0.3919,10.67,-0.00125,0.05333,14.12,0.5529,0.4704,0.4648,-1.09,-0.457,-0.4405,0.003037,1.545,2.603,0.6297,0.8747,0.0009817,96.183,4.314,4.51,0.0004067,1.91e-05,,4626729,819,32,31,23,103,-0.9057288940619035,0.019895187598079563,0.016534183001142913,0.19009556580327752,0.3943260981030145,0.008268431305241686,0.0871190795131348
371,beaches_00381_LD.png,1400,1.333,14.403,0.1481,6.681,53.87,0.0,249.596,249.596,249.596,97.881,-0.002403,0.004555,0.0,0.0,0.9788,36.728,36.728,36.728,14.403,0.0003536,0.0006702,-0.0,0.0,0.144,0.08311,6.001,0.02375,0.01833,24.458,0.394,0.3406,0.3261,-1.045,-0.4279,-0.3813,0.008241,1.28,2.436,0.563,0.7512,0.001294,92.484,3.393,4.029,0.0008253,3.915e-05,,5314276,860,51,21,3,142,-2.0397090766872177,0.5485222826980981,0.014089713622376007,0.1753609224429506,0.47622592354625914,-0.6137753380606941,1.1726692668623167
372,city_00219_LD.png,1400,1.333,23.372,0.3194,17.184,106.777,0.0,240.213,240.213,240.213,94.201,-0.002313,0.004384,0.0,0.0,0.942,59.6,59.6,59.6,23.372,0.0005738,0.001088,-0.0,0.0,0.2337,0.5511,21.011,-0.07,-0.07833,17.699,0.5397,0.4713,0.4466,-1.088,-0.4465,-0.4044,0.003909,1.57,2.697,0.5819,0.863,0.001099,94.045,3.98,4.41,0.000531,3.007e-05,,4811177,855,18,45,8,123,-1.5458640492277238,-0.5659488219328631,0.02412032878878957,0.2501862384189723,0.4188623566405507,-0.8525004732913732,-0.0227131255180118
373,mountains_00412_LD.png,1400,1.333,13.777,0.1378,6.959,54.94,0.0,250.065,250.065,250.065,98.065,-0.002407,0.004563,0.0,0.0,0.9806,35.13,35.13,35.13,13.777,0.0003382,0.0006411,-0.0,0.0,0.1378,0.05153,20.518,0.01375,-0.1017,13.348,0.4196,0.303,0.3553,-1.155,-0.4688,-0.4708,0.005023,1.34,2.347,0.5122,0.7597,0.001148,95.402,4.43,4.443,0.0007475,3.909e-05,,4601466,800,21,34,35,96,-0.6213776938780912,-0.3007090545749199,0.016271409114397554,0.20149035704119073,0.35789462764332536,0.05587103236541591,-0.33876432884835994
374,highways_00440_LD.png,1400,1.333,17.962,0.2111,10.547,75.265,0.0,246.489,246.489,246.489,96.662,-0.002373,0.004498,0.0,0.0,0.9666,45.803,45.803,45.803,17.962,0.000441,0.0008358,-0.0,0.0,0.1796,0.1761,36.127,-0.02875,-0.1783,13.634,0.4865,0.265,0.2221,-1.246,-0.4837,-0.4799,0.002802,1.489,2.533,0.4576,0.8354,0.001189,91.981,4.182,4.43,0.0007615,2.865e-05,,5582552,927,37,41,24,125,-0.9900541525562695,-0.06431683512387441,0.014022203440063675,0.1518946021967368,0.42351095065574645,-0.1091775339254869,0.06689881141187026
375,city_00207_LD.png,1400,1.333,22.874,0.3089,16.383,94.221,0.0,240.876,240.876,240.876,94.461,-0.002319,0.004396,0.0,0.0,0.9446,58.328,58.328,58.328,22.874,0.0005615,0.001064,-0.0,0.0,0.2287,0.4436,28.111,0.0125,0.14,24.437,0.5671,0.3297,0.3325,-1.075,-0.4612,-0.4404,0.004467,1.561,2.626,0.4546,0.859,0.001317,90.798,3.954,4.404,0.0006613,2.565e-05,,5054352,951,32,38,15,122,-1.2292499609031449,-0.10763439238310216,0.020064600213430765,0.18392544758694068,0.40015204606418187,-0.3296175877846166,0.16935479294640843
376,mountains_00220_LD.png,1400,1.333,12.515,0.1179,5.63,47.058,0.0,250.941,250.941,250.941,98.408,-0.002416,0.004579,0.0,0.0,0.9841,31.914,31.914,31.914,12.515,0.0003072,0.0005824,-0.0,0.0,0.1252,0.04063,31.493,-0.06875,-0.1417,22.574,0.37,0.252,0.2359,-1.119,-0.4737,-0.5024,0.006491,1.377,2.248,0.473,0.7739,0.001227,92.445,4.479,4.468,0.0009107,4.342e-05,,5215273,854,44,22,44,101,-0.5145084533898684,0.43072729929545744,0.014304503443653381,0.16880780396944423,0.37037475110955104,0.5647553766575457,0.19738574199010472
377,city_00307_LD.png,1400,1.333,20.499,0.2601,13.779,100.991,0.0,243.792,243.792,243.792,95.605,-0.002347,0.004449,0.0,0.0,0.956,52.272,52.272,52.272,20.499,0.0005032,0.0009539,-0.0,0.0,0.205,0.267,8.433,0.04,0.01333,13.478,0.4857,0.5024,0.4686,-1.181,-0.4785,-0.4782,0.004152,1.482,2.508,0.6843,0.8601,0.001137,98.22,3.695,4.247,0.0004124,2.688e-05,,4825985,882,22,39,19,114,-1.0675705238781417,-0.3567065848700119,0.022272170966044235,0.24791077817368085,0.43684386426935107,-0.3410383152994134,-0.12737195746546615
378,forests_00628_LD.png,1400,1.333,21.362,0.2775,14.911,104.586,0.0,242.778,242.778,242.778,95.207,-0.002337,0.00443,0.0,0.0,0.9521,54.473,54.473,54.473,21.362,0.0005244,0.0009941,-0.0,0.0,0.2136,0.2897,25.682,-0.06625,0.11,24.804,0.5219,0.4455,0.4331,-1.041,-0.427,-0.3391,0.008235,1.489,2.647,0.533,0.8262,0.001137,96.204,3.474,3.95,0.0003806,2.496e-05,,5946284,1048,33,50,32,127,-0.8371367180070833,-0.2595891288031469,0.03813142966691232,0.24523819418662468,0.3832007485880756,-0.09675219962270964,-0.18081195043616266
379,beaches_00244_LD.png,1400,1.333,12.324,0.1149,4.642,44.805,0.0,251.066,251.066,251.066,98.457,-0.002417,0.004582,0.0,0.0,0.9846,31.427,31.427,31.427,12.324,0.0003026,0.0005735,-0.0,0.0,0.1232,0.04685,12.669,-0.00125,0.06333,22.799,0.4286,0.3344,0.3662,-1.071,-0.4397,-0.4395,0.01049,1.212,2.256,0.4785,0.7562,0.001585,89.157,2.572,3.199,0.001021,2.039e-05,,5375116,1030,22,51,25,122,-0.9538964622452588,-0.5204646989474845,0.008929227714451485,0.2164191573565151,0.4558655043949235,-0.34252074413015565,-0.32671165401156
380,beaches_00568_LD.png,1400,1.333,13.083,0.1267,5.569,52.747,0.0,250.558,250.558,250.558,98.258,-0.002412,0.004572,0.0,0.0,0.9826,33.362,33.362,33.362,13.083,0.0003212,0.0006088,-0.0,0.0,0.1308,0.04097,5.888,-0.02625,0.01333,16.109,0.404,0.3831,0.3748,-1.098,-0.4972,-0.4843,0.006879,1.211,2.188,0.5832,0.7913,0.001357,94.98,3.485,4.114,0.0007381,3.802e-05,,5271047,954,23,47,24,121,-0.9720322943361202,-0.44386131192624767,0.010052217636783392,0.1665954019105072,0.41807170448521436,-0.3131927896642872,-0.2536578492126226
381,beaches_00339_LD.png,1400,1.333,12.673,0.1203,5.542,42.576,0.0,250.837,250.837,250.837,98.367,-0.002415,0.004577,0.0,0.0,0.9837,32.316,32.316,32.316,12.673,0.0003111,0.0005897,-0.0,0.0,0.1267,0.02898,29.442,0.1312,-0.06667,25.01,0.3076,0.3165,0.2538,-1.236,-0.4982,-0.5049,0.002754,1.332,2.328,0.4273,0.7999,0.001203,93.521,4.351,4.51,0.0009804,3.588e-05,,5035379,902,19,47,16,124,-1.2040469600267023,-0.5595922742274324,0.007843988193239514,0.16447787704237554,0.6115905942325995,-0.5694983400368865,-0.21451802832813374
382,offices_20081106_00071_LD.png,1400,1.333,23.869,0.33,17.791,117.509,0.0,239.534,239.534,239.534,93.935,-0.002306,0.004371,0.0,0.0,0.9393,60.866,60.866,60.866,23.869,0.000586,0.001111,-0.0,0.0,0.2387,0.482,10.062,-0.0225,-0.045,14.597,0.474,0.4404,0.4413,-1.102,-0.4593,-0.408,0.00542,1.546,2.727,0.6248,0.8635,0.001228,97.517,3.793,4.292,0.0004802,2.498e-05,,5654288,1012,42,33,64,91,-0.2200830804538834,0.1509692154967774,0.026459269066124627,0.16443941539309503,0.37910720004861304,0.6441316436092046,-0.2009235523077087
383,forests_20081106_00014_LD.png,1400,1.333,21.825,0.287,15.895,131.856,0.0,242.212,242.212,242.212,94.985,-0.002332,0.00442,0.0,0.0,0.9499,55.654,55.654,55.654,21.825,0.0005358,0.001016,-0.0,0.0,0.2183,0.3595,11.339,-0.01375,0.055,14.271,0.6412,0.635,0.6268,-0.9137,-0.4209,-0.3768,0.01468,1.516,2.551,0.7442,0.8197,0.001272,99.106,2.708,3.289,0.0002323,6.922e-06,,5669721,1034,41,38,35,117,-0.737980472204168,0.04761219047413135,0.06568220385097256,0.32877451101990973,0.47671738914859624,0.161329408145917,0.013091364076481204
384,offices_00622_LD.png,1400,1.333,20.391,0.258,13.002,94.623,0.0,243.915,243.915,243.915,95.653,-0.002348,0.004451,0.0,0.0,0.9565,51.998,51.998,51.998,20.391,0.0005006,0.0009489,-0.0,0.0,0.2039,0.2395,4.104,-0.01875,0.008333,15.529,0.4246,0.3692,0.363,-1.112,-0.4569,-0.4232,0.004383,1.436,2.585,0.6096,0.8306,0.001293,97.164,3.684,4.18,0.0005747,3.142e-05,,5558518,982,28,46,39,113,-0.653928463849197,-0.3097425315385302,0.014829911997057058,0.18146207186567365,0.37103257982456456,0.024063729482499685,-0.32738663949250446
385,beaches_00356_LD.png,1400,1.333,19.527,0.2409,13.253,86.987,0.0,244.875,244.875,244.875,96.029,-0.002357,0.004469,0.0,0.0,0.9603,49.793,49.793,49.793,19.527,0.0004794,0.0009087,-0.0,0.0,0.1953,0.1997,24.974,0.0725,0.1017,25.481,0.3937,0.3853,0.295,-1.254,-0.4978,-0.5321,0.003173,1.506,2.635,0.5153,0.8527,0.001065,94.898,4.473,4.554,0.000652,2.537e-05,,5701519,1005,46,30,15,141,-1.3037826721034864,0.26699412540495254,0.02259814310521496,0.20687012219868328,0.40947549899195473,-0.17461716608139655,0.5184629719551109
386,beaches_00256_LD.png,1400,1.333,13.859,0.1391,6.147,50.063,0.0,250.005,250.005,250.005,98.041,-0.002407,0.004562,0.0,0.0,0.9804,35.339,35.339,35.339,13.859,0.0003402,0.0006449,-0.0,0.0,0.1386,0.1112,23.559,-0.1175,-0.008333,21.288,0.4033,0.4321,0.3792,-1.224,-0.4931,-0.4668,0.002891,1.267,2.262,0.5113,0.7836,0.001258,91.266,3.74,4.211,0.0008652,3.573e-05,,5356860,971,28,44,36,111,-0.6906334541127064,-0.28221614706250814,0.01165917538231181,0.19396680851993964,0.32653669077740866,0.009932087685137092,-0.2837374143828059
387,forests_20081106_00018_LD.png,1400,1.333,21.702,0.2845,16.843,107.016,0.0,242.364,242.364,242.364,95.045,-0.002333,0.004423,0.0,0.0,0.9504,55.341,55.341,55.341,21.702,0.0005328,0.00101,-0.0,0.0,0.217,0.2537,26.903,0.075,0.1117,22.242,0.4732,0.4633,0.4329,-1.119,-0.4567,-0.4734,0.002859,1.53,2.593,0.5832,0.8632,0.0009926,96.659,4.38,4.518,0.0003766,1.989e-05,,5784658,1036,20,61,24,130,-1.0116857905044125,-0.6842344043516884,0.013760523493911382,0.24515368682890118,0.437516096717591,-0.48413261305990285,-0.42724125884042674
388,mountains_00703_LD.png,1400,1.333,12.619,0.1195,5.621,46.705,0.0,250.873,250.873,250.873,98.381,-0.002415,0.004578,0.0,0.0,0.9838,32.178,32.178,32.178,12.619,0.0003098,0.0005872,-0.0,0.0,0.1262,0.0404,20.551,-0.0525,-0.08833,11.046,0.3679,0.306,0.2581,-1.216,-0.491,-0.4987,0.003925,1.224,2.227,0.5787,0.7736,0.001126,96.904,4.437,4.51,0.0008048,4.267e-05,,4706525,840,13,42,19,117,-1.0816417067876594,-0.7180486785130097,0.014304503443653381,0.22042092959714474,0.40071510109598285,-0.5607899560297829,-0.41455712982484955
389,offices_00599_LD.png,1400,1.333,20.953,0.2692,15.053,106.811,0.0,243.265,243.265,243.265,95.398,-0.002342,0.004439,0.0,0.0,0.954,53.429,53.429,53.429,20.953,0.0005144,0.000975,-0.0,0.0,0.2095,0.2201,16.961,0.03625,0.07667,21.711,0.512,0.4183,0.4186,-1.097,-0.4707,-0.464,0.004029,1.516,2.552,0.6417,0.8655,0.001061,97.552,4.098,4.385,0.0004689,2.998e-05,,5883516,1046,55,28,72,85,-0.10396458635288545,0.4197079794617776,0.023367658488287854,0.18780736151123653,0.38542967351445123,0.8939079453952496,-0.0482283428353546
390,highways_00585_LD.png,1400,1.333,15.907,0.1738,8.631,64.542,0.0,248.375,248.375,248.375,97.402,-0.002391,0.004533,0.0,0.0,0.974,40.564,40.564,40.564,15.907,0.0003905,0.0007402,-0.0,0.0,0.1591,0.1284,6.52,0.01875,0.02667,24.728,0.4599,0.3668,0.3716,-1.093,-0.4478,-0.4325,0.006396,1.409,2.576,0.4835,0.6537,0.00135,89.99,3.994,4.298,0.0008748,4.167e-05,,5761443,1038,37,41,13,143,-1.3829941271006383,-0.06431683512387441,0.020239722079989128,0.23963805800370008,0.4296718008104657,-0.43029467531949983,0.29336206471771376
391,beaches_00248_LD.png,1400,1.333,12.588,0.119,4.98,43.131,0.0,250.893,250.893,250.893,98.389,-0.002415,0.004578,0.0,0.0,0.9839,32.1,32.1,32.1,12.588,0.000309,0.0005858,-0.0,0.0,0.1259,0.07287,42.392,0.02875,-0.21,14.615,0.4169,0.1972,0.1708,-1.211,-0.4907,-0.5124,0.004051,1.286,2.301,0.3546,0.7373,0.001532,90.404,3.503,4.113,0.00106,3.951e-05,,5565137,982,21,51,33,122,-0.7963881708337864,-0.5485222826980979,0.011507669780018161,0.17354641646714772,0.36610510397430013,-0.22997276364249353,-0.4404175991394767
392,beaches_00235_LD.png,1400,1.333,18.79,0.2267,12.101,93.315,0.0,245.654,245.654,245.654,96.335,-0.002365,0.004483,0.0,0.0,0.9634,47.915,47.915,47.915,18.79,0.0004613,0.0008744,-0.0,0.0,0.1879,0.2397,20.96,0.03625,0.09833,21.978,0.5415,0.3835,0.3635,-1.085,-0.4478,-0.4442,0.005729,1.46,2.457,0.4436,0.8267,0.001278,95.982,3.849,4.318,0.0005168,3.052e-05,,5352314,1028,16,56,13,133,-1.3466834901270384,-0.7647096737863871,0.022353004692324794,0.20545901977430975,0.5681252902646865,-0.8042786993650759,-0.2999376407986797
393,mountains_00735_LD.png,1400,1.333,10.76,0.09196,4.116,35.952,0.0,252.013,252.013,252.013,98.829,-0.002426,0.004599,0.0,0.0,0.9883,27.438,27.438,27.438,10.76,0.0002641,0.0005007,-0.0,0.0,0.1076,0.03165,21.543,0.015,-0.1067,20.665,0.4297,0.301,0.2894,-1.162,-0.4657,-0.4966,0.005625,1.223,2.222,0.43,0.7054,0.001346,90.227,3.986,4.303,0.001046,3.72e-05,,4960704,869,34,33,42,95,-0.5055982845039646,0.018707272235861827,0.010426640620801305,0.12981153304191093,0.3255160613311351,0.33457724856565396,-0.14445913972655627
394,offices_00618_LD.png,1400,1.333,19.505,0.2405,12.259,92.808,0.0,244.899,244.899,244.899,96.039,-0.002358,0.004469,0.0,0.0,0.9604,49.737,49.737,49.737,19.505,0.0004788,0.0009076,-0.0,0.0,0.195,0.1933,14.878,-0.06375,-0.03833,13.633,0.3882,0.3563,0.3052,-1.139,-0.4601,-0.4659,0.007361,1.478,2.501,0.6074,0.819,0.001248,97.695,3.792,4.235,0.0006126,3.548e-05,,5649575,1056,39,38,40,113,-0.6389187080019086,0.016277525759246764,0.01775712001759478,0.18829514857324384,0.4460029010341962,0.22422522437880088,-0.06960815611594529
395,offices_00149_LD.png,1400,1.333,24.743,0.3489,19.659,128.593,0.0,238.294,238.294,238.294,93.449,-0.002294,0.004349,0.0,0.0,0.9345,63.094,63.094,63.094,24.743,0.0006074,0.001151,-0.0,0.0,0.2474,0.5419,8.604,-0.0225,0.03667,16.995,0.5483,0.5201,0.5086,-1.267,-0.4712,-0.4768,0.002252,1.58,2.652,0.7169,0.885,0.0009772,98.068,4.051,4.414,0.0003296,1.862e-05,,5869286,1109,45,36,37,121,-0.7251591010430893,0.13971029888186212,0.022202975633595766,0.195819359846657,0.46953926336716034,0.22488618762167434,0.08096613783965634
396,forests_00397_LD.png,1400,1.333,15.105,0.1599,8.189,67.499,0.0,249.043,249.043,249.043,97.664,-0.002398,0.004545,0.0,0.0,0.9766,38.517,38.517,38.517,15.105,0.0003708,0.0007029,-0.0,0.0,0.151,0.07798,10.693,0.01375,-0.05167,13.72,0.5157,0.4545,0.4628,-1.154,-0.4841,-0.5221,0.004596,1.361,2.347,0.6559,0.8611,0.001042,94.978,4.403,4.519,0.0005843,2.674e-05,,5422835,990,13,58,18,132,-1.1749867920660901,-0.9036195275140625,0.010904504367476102,0.24868683799339894,0.45388572640570846,-0.7440232481242885,-0.51241113134149
397,offices_20081106_00036_LD.png,1400,1.333,24.807,0.3504,19.186,137.193,0.0,238.2,238.2,238.2,93.412,-0.002293,0.004347,0.0,0.0,0.9341,63.259,63.259,63.259,24.807,0.000609,0.001154,-0.0,0.0,0.2481,0.575,6.083,-0.03,0.005,13.093,0.5363,0.5437,0.4809,-1.096,-0.4754,-0.4678,0.004859,1.567,2.639,0.6585,0.8702,0.001149,97.941,3.762,4.256,0.0002983,2.148e-05,,5859251,1073,55,23,20,141,-1.1541291966340235,0.5392076393250994,0.024969940391926623,0.3133064950476514,0.5011294893026484,0.1045670892894397,0.6546705761256374
398,forests_00612_LD.png,1400,1.333,20.027,0.2508,13.576,93.663,0.0,244.325,244.325,244.325,95.814,-0.002352,0.004459,0.0,0.0,0.9581,51.07,51.07,51.07,20.027,0.0004917,0.000932,-0.0,0.0,0.2003,0.244,6.571,-0.00875,0.03167,17.081,0.5146,0.5124,0.5013,-1.207,-0.4692,-0.4463,0.004346,1.484,2.445,0.6608,0.8648,0.0009641,97.754,4.153,4.442,0.0003154,1.497e-05,,5688821,978,24,47,48,111,-0.518981582211196,-0.41785061995716233,0.015325294108138184,0.2305043571268414,0.42837709463465934,0.0720386077868278,-0.49350837406398174
399,mountains_00656_LD.png,1400,1.333,12.565,0.1186,5.682,45.734,0.0,250.908,250.908,250.908,98.395,-0.002416,0.004579,0.0,0.0,0.984,32.041,32.041,32.041,12.565,0.0003085,0.0005847,-0.0,0.0,0.1257,0.02838,30.067,-0.01,-0.15,13.122,0.4266,0.2668,0.2555,-1.201,-0.486,-0.5148,0.004427,1.275,2.275,0.4811,0.7624,0.001147,92.518,4.444,4.519,0.0008506,3.905e-05,,4890639,869,28,34,30,106,-0.7702080818754757,-0.12158738275048304,0.00977346537382879,0.1937079038761362,0.3427244119356136,0.03747760671377809,-0.1066076153950743
400,highways_00155_LD.png,1400,1.333,20.468,0.2595,12.688,88.204,0.0,243.828,243.828,243.828,95.619,-0.002347,0.00445,0.0,0.0,0.9562,52.193,52.193,52.193,20.468,0.0005025,0.0009525,-0.0,0.0,0.2047,0.419,3.041,-0.0025,0.015,18.866,0.516,0.505,0.4937,-1.199,-0.4949,-0.5047,0.003608,1.492,2.581,0.5646,0.8586,0.001182,91.04,3.936,4.38,0.0006967,3.285e-05,,5684466,1024,54,27,17,133,-1.2089900535709215,0.43072729929545744,0.012612632107559496,0.21663817281670056,0.4298656351032485,-0.002786641584475835,0.5976366014767632
401,mountains_00107_LD.png,1400,1.333,11.795,0.107,5.336,45.357,0.0,251.402,251.402,251.402,98.589,-0.00242,0.004588,0.0,0.0,0.9859,30.076,30.076,30.076,11.795,0.0002896,0.0005489,-0.0,0.0,0.1179,0.03131,18.442,0.01,-0.09167,15.567,0.4364,0.318,0.33,-1.138,-0.4875,-0.5136,0.006378,1.252,2.181,0.5398,0.7205,0.001213,95.22,4.412,4.449,0.0008153,5.727e-05,,4940720,902,48,18,39,98,-0.5690192656167279,0.6045853465832371,0.0186406517523433,0.18930413167684873,0.3601734860478709,0.6204079043246375,0.37088169416367955
402,beaches_00452_LD.png,1400,1.333,10.0,0.08147,2.946,24.808,0.0,252.424,252.424,252.424,98.99,-0.00243,0.004606,0.0,0.0,0.9899,25.5,25.5,25.5,10.0,0.0002455,0.0004653,-0.0,0.0,0.1,0.04811,13.317,-0.06625,0.006667,27.805,0.5575,0.5067,0.4897,-1.108,-0.4412,-0.3582,0.008784,1.311,2.458,0.28,0.09001,0.002129,70.054,2.816,3.07,0.001361,1.646e-05,,5969229,1110,35,44,21,143,-1.1356631679838567,-0.14327126439911458,0.016793288292900447,0.2339455401101577,0.3131185829213028,-0.2736755028247595,0.08629482914706932
403,beaches_00303_LD.png,1400,1.333,16.165,0.1784,7.887,58.437,0.0,248.153,248.153,248.153,97.315,-0.002389,0.004528,0.0,0.0,0.9731,41.221,41.221,41.221,16.165,0.0003968,0.0007522,-0.0,0.0,0.1617,0.1613,9.086,-0.00625,-0.045,24.836,0.394,0.4119,0.3705,-1.142,-0.4711,-0.4547,0.00373,1.36,2.484,0.3984,0.7761,0.001535,86.328,3.723,4.216,0.0008496,3.459e-05,,5514054,896,40,35,17,133,-1.2089900535709215,0.08365173390712909,0.014456143069405045,0.20087347474096423,0.35997012930137345,-0.2028168415455408,0.3140006249273062
404,offices_00291_LD.png,1400,1.333,20.959,0.2694,13.607,104.346,0.0,243.258,243.258,243.258,95.395,-0.002342,0.004439,0.0,0.0,0.954,53.445,53.445,53.445,20.959,0.0005145,0.0009753,-0.0,0.0,0.2096,0.2983,7.616,0.035,0.015,15.089,0.4253,0.4144,0.4252,-1.159,-0.4764,-0.4435,0.004999,1.475,2.551,0.6798,0.8563,0.001275,98.324,3.612,4.163,0.0004906,3.174e-05,,5639404,1006,47,27,42,113,-0.6098887823965217,0.34548507371979836,0.017066161045869336,0.15223910866052284,0.406668987638848,0.4376812850570914,0.18269494805552366
405,offices_00126_LD.png,1400,1.333,22.837,0.3081,16.194,100.092,0.0,240.923,240.923,240.923,94.48,-0.002319,0.004397,0.0,0.0,0.9448,58.235,58.235,58.235,22.837,0.0005606,0.001063,-0.0,0.0,0.2284,0.3604,13.429,0.05625,0.03667,18.169,0.4369,0.4228,0.4176,-1.223,-0.4771,-0.4538,0.005816,1.508,2.651,0.6412,0.8572,0.001239,97.372,3.808,4.278,0.0005527,2.848e-05,,5435765,970,42,30,71,78,-0.05891459360278288,0.21042839424792484,0.011997659830870071,0.1900510249156068,0.347910524060679,0.8101093681075255,-0.24521881234751117
406,offices_00677_LD.png,1400,1.333,24.611,0.3461,20.049,135.603,0.0,238.486,238.486,238.486,93.524,-0.002296,0.004352,0.0,0.0,0.9352,62.757,62.757,62.757,24.611,0.0006042,0.001145,-0.0,0.0,0.2461,0.5611,7.897,0.0275,0.02833,18.627,0.5347,0.5536,0.5303,-1.049,-0.4364,-0.4265,0.003581,1.588,2.713,0.6751,0.8711,0.001034,97.875,3.935,4.333,0.0003248,2.011e-05,,5380473,968,44,28,14,133,-1.3091717167857775,0.28221614706250825,0.026828171407250506,0.1948215622391329,0.4434131103219777,-0.17024826997905718,0.5340085337904963
407,beaches_00372_LD.png,1400,1.333,12.586,0.1189,5.087,38.362,0.0,250.894,250.894,250.894,98.39,-0.002415,0.004579,0.0,0.0,0.9839,32.094,32.094,32.094,12.586,0.000309,0.0005857,-0.0,0.0,0.1259,0.08443,6.642,0.01,-0.03167,20.704,0.3784,0.2448,0.3366,-1.253,-0.4812,-0.4871,0.003518,1.29,2.41,0.3823,0.7288,0.001496,88.068,3.833,4.291,0.001066,3.765e-05,,5362110,883,30,41,23,125,-1.0135221726984405,-0.19541200066782957,0.007061947302045755,0.19353545013605403,0.35997012930137345,-0.20391012321510138,-0.026709024397294556
408,offices_20081106_00024_LD.png,1400,1.333,21.677,0.284,13.795,100.067,0.0,242.394,242.394,242.394,95.057,-0.002334,0.004423,0.0,0.0,0.9506,55.277,55.277,55.277,21.677,0.0005322,0.001009,-0.0,0.0,0.2168,0.4174,9.075,-0.0325,0.03167,23.569,0.4408,0.4091,0.4217,-1.155,-0.4904,-0.4524,0.004896,1.508,2.66,0.5669,0.8445,0.001292,93.924,3.754,4.256,0.0006009,2.861e-05,,5727042,1057,42,39,23,130,-1.0350327973154994,0.046435724770526994,0.018753316234987612,0.2044935780704681,0.5130210379402401,-0.08210476992607207,0.1833302223668698
409,highways_00616_LD.png,1400,1.333,14.071,0.1426,6.893,55.593,0.0,249.847,249.847,249.847,97.979,-0.002405,0.004559,0.0,0.0,0.9798,35.882,35.882,35.882,14.071,0.0003454,0.0006548,-0.0,0.0,0.1407,0.06543,9.696,-0.00375,-0.04833,18.577,0.4418,0.4256,0.3932,-1.176,-0.4807,-0.4929,0.0035,1.331,2.347,0.4771,0.7609,0.001235,93.314,3.754,4.168,0.0007953,4.113e-05,,5586902,1027,34,42,18,133,-1.1789688093905633,-0.13231285227617118,0.012020208176917213,0.16299446308136936,0.44208254576162875,-0.30274993366518266,0.12020858513498656
410,city_00663_LD.png,1400,1.333,28.272,0.4284,26.156,133.867,0.0,232.66,232.66,232.66,91.239,-0.00224,0.004246,0.0,0.0,0.9124,72.095,72.095,72.095,28.272,0.0006941,0.001316,-0.0,0.0,0.2827,0.9605,12.387,0.025,-0.05667,15.257,0.6024,0.5291,0.5182,-0.9374,-0.4199,-0.3293,0.006257,1.716,2.836,0.6631,0.8829,0.001065,96.747,4.124,4.437,0.0003502,2.036e-05,,5294547,909,36,35,10,135,-1.4835398594012967,0.017653228648661298,0.04284776601820149,0.2529669661476525,0.5672943080577895,-0.46522049531542287,0.41829693869756635
411,mountains_00168_LD.png,1400,1.333,13.753,0.1374,6.958,56.936,0.0,250.082,250.082,250.082,98.071,-0.002408,0.004564,0.0,0.0,0.9807,35.071,35.071,35.071,13.753,0.0003376,0.00064,-0.0,0.0,0.1375,0.05464,25.891,0.0525,-0.1183,15.154,0.4379,0.3708,0.3391,-1.153,-0.4849,-0.4865,0.005315,1.34,2.292,0.5623,0.7979,0.00113,95.091,4.491,4.531,0.000701,3.172e-05,,4806263,901,30,31,53,80,-0.2572413290864988,-0.02054757918201544,0.009993296851333676,0.22042092959714474,0.38761207470039527,0.514914956102319,-0.31967452690614445
412,offices_20081106_00061_LD.png,1400,1.333,23.237,0.3165,19.426,115.231,0.0,240.394,240.394,240.394,94.272,-0.002314,0.004387,0.0,0.0,0.9427,59.255,59.255,59.255,23.237,0.0005705,0.001081,-0.0,0.0,0.2324,0.369,9.653,0.02125,0.04333,16.606,0.5057,0.4809,0.4638,-1.271,-0.468,-0.4964,0.003845,1.564,2.578,0.6946,0.8445,0.0009224,98.641,4.324,4.463,0.0002944,2.042e-05,,5834969,1012,49,29,66,92,-0.20772584303184521,0.3271033163475285,0.027825166341368373,0.2579875987478441,0.4331585921436667,0.755741622472021,-0.06410566087004316
413,forests_00591_LD.png,1400,1.333,21.124,0.2727,14.503,118.304,0.0,243.063,243.063,243.063,95.319,-0.00234,0.004436,0.0,0.0,0.9532,53.865,53.865,53.865,21.124,0.0005186,0.000983,-0.0,0.0,0.2112,0.3088,10.259,0.0375,0.035,15.512,0.5264,0.5451,0.4982,-1.041,-0.4546,-0.4182,0.009294,1.497,2.55,0.6878,0.8793,0.001189,98.817,3.157,3.843,0.0002716,1.143e-05,,5717413,1007,41,38,77,76,0.008191687283282928,0.04761219047413135,0.01840752108569552,0.1806412531044347,0.3770842337587884,0.771113818908005,-0.4169503362104781
414,highways_20081106_00063_LD.png,1400,1.333,13.987,0.1412,5.938,43.88,0.0,249.91,249.91,249.91,98.004,-0.002406,0.004561,0.0,0.0,0.98,35.667,35.667,35.667,13.987,0.0003434,0.0006509,-0.0,0.0,0.1399,0.07509,46.704,-0.0625,-0.225,21.959,0.5398,0.103,0.09712,-1.282,-0.4952,-0.4426,0.005833,1.41,2.485,0.1152,0.08456,0.001715,81.714,3.958,4.294,0.001143,2.518e-05,,5754977,1017,42,34,23,134,-1.051577074425166,0.13231285227617132,0.011907709929306178,0.12224507209345549,0.4094854562795749,-0.04613143144353937,0.2630454219973245
415,highways_00161_LD.png,1400,1.333,22.549,0.302,17.506,122.57,0.0,241.299,241.299,241.299,94.627,-0.002323,0.004403,0.0,0.0,0.9463,57.499,57.499,57.499,22.549,0.0005536,0.001049,-0.0,0.0,0.2255,0.3087,8.907,0.04375,-0.008333,14.584,0.5924,0.4968,0.486,-1.079,-0.4603,-0.4365,0.004815,1.555,2.609,0.6255,0.8402,0.001189,97.878,3.991,4.381,0.0003058,2.889e-05,,5753732,1048,34,40,19,140,-1.1775057328750025,-0.1017955990947049,0.03411557262979658,0.2702393064612978,0.43903066322303574,-0.28396626220414345,0.14430458109024513
416,city_00626_LD.png,1400,1.333,18.502,0.2212,10.563,76.015,0.0,245.949,245.949,245.949,96.451,-0.002368,0.004488,0.0,0.0,0.9645,47.181,47.181,47.181,18.502,0.0004542,0.000861,-0.0,0.0,0.185,0.3236,11.329,-0.05625,-0.006667,20.76,0.4832,0.4709,0.439,-1.133,-0.4968,-0.4508,0.007023,1.481,2.534,0.5132,0.8559,0.001263,92.82,3.935,4.38,0.0007572,3.109e-05,,4771302,871,27,34,25,109,-0.8906176476549811,-0.14432238631460395,0.02767781928249882,0.1639061653997178,0.3473757602306989,-0.07402598484995748,-0.05579134844582584
417,highways_20081106_00100_LD.png,1400,1.333,23.845,0.3295,20.834,122.568,0.0,239.568,239.568,239.568,93.948,-0.002306,0.004372,0.0,0.0,0.9395,60.804,60.804,60.804,23.845,0.0005854,0.00111,-0.0,0.0,0.2384,0.3581,4.341,0.00125,0.02167,11.024,0.5091,0.4772,0.4663,-1.131,-0.4309,-0.4282,0.002201,1.61,2.701,0.6977,0.8619,0.0009842,98.661,4.305,4.487,0.0003173,2.018e-05,,5603465,902,41,33,20,133,-1.1229990251034487,0.1359106806464805,0.033993545837398345,0.23794676286818375,0.5948743320142135,-0.1024251102494873,0.3071482692315567
418,forests_00114_LD.png,1400,1.333,20.724,0.2646,14.184,113.894,0.0,243.533,243.533,243.533,95.503,-0.002345,0.004444,0.0,0.0,0.955,52.845,52.845,52.845,20.724,0.0005088,0.0009644,-0.0,0.0,0.2072,0.2726,1.873,-0.00875,0.003333,10.657,0.5466,0.5458,0.5122,-1.161,-0.4773,-0.4635,0.004843,1.47,2.436,0.761,0.8766,0.001073,99.426,3.58,4.147,0.0002516,1.078e-05,,5446909,1028,34,37,53,99,-0.3888752642829681,-0.05298171210299662,0.017219956811617816,0.19830963859180728,0.40076800381756006,0.3886487183704482,-0.2703156059021068
419,forests_00583_LD.png,1400,1.333,19.888,0.248,12.964,100.623,0.0,244.48,244.48,244.48,95.875,-0.002354,0.004461,0.0,0.0,0.9587,50.714,50.714,50.714,19.888,0.0004882,0.0009255,-0.0,0.0,0.1989,0.2212,8.554,0.02875,-0.03167,12.197,0.5357,0.4972,0.4862,-1.136,-0.4899,-0.4765,0.005224,1.457,2.438,0.6622,0.8678,0.001089,97.915,3.872,4.312,0.0002878,1.511e-05,,5474321,976,21,48,27,125,-0.9244286998588876,-0.5119362138713294,0.018701436613740945,0.2481974642470688,0.3650400934679279,-0.313523968960824,-0.33672520021323427
420,mountains_00396_LD.png,1400,1.333,11.82,0.1073,5.108,41.659,0.0,251.386,251.386,251.386,98.583,-0.00242,0.004587,0.0,0.0,0.9858,30.142,30.142,30.142,11.82,0.0002902,0.0005501,-0.0,0.0,0.1182,0.02517,32.486,-0.03625,-0.1583,20.331,0.3753,0.2367,0.1981,-1.094,-0.4597,-0.4738,0.006929,1.313,2.305,0.415,0.8351,0.001182,92.272,4.437,4.514,0.0009501,3.328e-05,,4820391,854,13,45,27,110,-0.8520964107499618,-0.7582925569911514,0.010179793313759905,0.16447787704237554,0.3636441262479318,-0.3963954585924423,-0.5797390353118667
421,forests_20081106_00016_LD.png,1400,1.333,22.101,0.2927,17.125,124.364,0.0,241.868,241.868,241.868,94.85,-0.002329,0.004414,0.0,0.0,0.9485,56.358,56.358,56.358,22.101,0.0005426,0.001028,-0.0,0.0,0.221,0.2997,12.336,-0.00125,0.06167,16.466,0.6004,0.5966,0.5862,-1.002,-0.4454,-0.4161,0.008832,1.535,2.58,0.7192,0.8755,0.001019,98.4,3.654,4.174,0.0002082,7.583e-06,,5768712,1060,32,44,43,115,-0.6063177147648997,-0.199201324789267,0.02883816653852211,0.28104612793731115,0.3978395053990372,0.12668029069423303,-0.264490032405716
422,offices_00643_LD.png,1400,1.333,21.754,0.2856,15.63,108.494,0.0,242.3,242.3,242.3,95.02,-0.002333,0.004422,0.0,0.0,0.9502,55.472,55.472,55.472,21.754,0.000534,0.001012,-0.0,0.0,0.2175,0.2416,14.181,0.065,-0.02833,13.936,0.4478,0.4129,0.3923,-1.223,-0.4755,-0.4952,0.00236,1.517,2.527,0.6275,0.8675,0.001085,98.853,3.971,4.368,0.0004042,2.705e-05,,5722981,1103,43,35,58,96,-0.31436115805143106,0.12890111114904187,0.012201567217009705,0.1519858039547642,0.39705946186905483,0.5543674970114251,-0.16462265520358588
423,city_00387_LD.png,1400,1.333,17.642,0.2051,10.47,75.483,0.0,246.8,246.8,246.8,96.784,-0.002376,0.004504,0.0,0.0,0.9678,44.987,44.987,44.987,17.642,0.0004331,0.000821,-0.0,0.0,0.1764,0.1629,33.16,-0.01625,0.165,27.195,0.4818,0.3031,0.2947,-1.13,-0.4742,-0.4564,0.005245,1.451,2.484,0.4769,0.8463,0.001172,92.123,4.156,4.46,0.0007244,3.035e-05,,4804100,919,36,22,24,112,-0.9288994916472707,0.3072925712011558,0.017078820299291062,0.2325347218075935,0.3938474584645316,0.1549688796069889,0.33533896421704645
424,highways_20081106_00047_LD.png,1400,1.333,18.869,0.2282,12.4,82.772,0.0,245.572,245.572,245.572,96.303,-0.002364,0.004481,0.0,0.0,0.963,48.116,48.116,48.116,18.869,0.0004632,0.0008781,-0.0,0.0,0.1887,0.2316,8.876,0.025,0.03667,23.953,0.4897,0.4473,0.4465,-1.242,-0.4601,-0.4846,0.001999,1.447,2.548,0.5286,0.8265,0.001022,93.841,4.098,4.36,0.000561,3.049e-05,,5610237,999,29,48,22,129,-1.0550756478933867,-0.31436115805143106,0.024951622274624104,0.2815299704323544,0.47046497584949293,-0.30642233611829384,-0.09996774093489408
425,forests_20081106_00020_LD.png,1400,1.333,20.964,0.2695,15.674,107.534,0.0,243.252,243.252,243.252,95.393,-0.002342,0.004439,0.0,0.0,0.9539,53.458,53.458,53.458,20.964,0.0005146,0.0009755,-0.0,0.0,0.2096,0.2606,12.695,0.06125,-0.01667,13.963,0.4542,0.5855,0.4473,-1.133,-0.4561,-0.4513,0.00303,1.537,2.595,0.675,0.8799,0.001026,96.722,4.171,4.486,0.0003827,2.035e-05,,5786146,1034,19,63,12,141,-1.4157020938005065,-0.7332357831855119,0.013760523493911382,0.25551564783965036,0.5159605574312996,-0.842542500528086,-0.23443912964652627
426,offices_20081106_00038_LD.png,1400,1.333,25.157,0.358,19.358,127.311,0.0,237.686,237.686,237.686,93.21,-0.002288,0.004337,0.0,0.0,0.9321,64.151,64.151,64.151,25.157,0.0006176,0.001171,-0.0,0.0,0.2516,0.6196,22.346,-0.0425,-0.1033,14.171,0.4892,0.396,0.3739,-1.274,-0.4972,-0.5367,0.003292,1.574,2.694,0.6042,0.8658,0.001242,96.053,3.863,4.301,0.000468,2.397e-05,,5433803,953,42,32,37,110,-0.6691475495937987,0.1701847241123691,0.01318403163732552,0.18146207186567365,0.3792043706889609,0.28822310516391325,0.0735891896133295
427,forests_00299_LD.png,1400,1.333,20.992,0.27,14.757,119.008,0.0,243.219,243.219,243.219,95.38,-0.002342,0.004438,0.0,0.0,0.9538,53.529,53.529,53.529,20.992,0.0005153,0.0009768,-0.0,0.0,0.2099,0.2608,10.177,0.02375,0.045,13.433,0.5076,0.5505,0.4921,-1.124,-0.465,-0.4973,0.005526,1.471,2.444,0.7301,0.867,0.00107,99.276,3.987,4.38,0.0002686,1.153e-05,,5397268,950,43,33,53,91,-0.33700767935320236,0.16566441386855307,0.021353630550465404,0.2617391472270835,0.36131397675350263,0.5570481887746035,-0.12152718855581851
428,city_00299_LD.png,1400,1.333,21.614,0.2827,15.13,109.9,0.0,242.472,242.472,242.472,95.087,-0.002334,0.004425,0.0,0.0,0.9509,55.115,55.115,55.115,21.614,0.0005306,0.001006,-0.0,0.0,0.2161,0.365,14.735,0.045,0.05833,22.748,0.4597,0.4522,0.4225,-1.13,-0.4834,-0.4561,0.005745,1.489,2.617,0.6302,0.856,0.001154,96.299,4.124,4.444,0.0004667,2.45e-05,,4704955,794,39,17,29,105,-0.7843482057490646,0.514156100744534,0.017219956811617816,0.2513514968558308,0.48288748916511753,0.3923203573010776,0.4210820114360574
429,mountains_00658_LD.png,1400,1.333,13.76,0.1375,6.188,50.008,0.0,250.077,250.077,250.077,98.069,-0.002408,0.004564,0.0,0.0,0.9807,35.088,35.088,35.088,13.76,0.0003378,0.0006403,-0.0,0.0,0.1376,0.07931,55.402,0.01375,-0.2767,24.668,0.5514,0.187,0.1678,-1.007,-0.4497,-0.4447,0.01049,1.384,2.351,0.3245,0.6557,0.001378,84.856,4.007,4.244,0.001005,4.103e-05,,4540126,836,28,27,34,95,-0.6323904343929981,0.022789502280392046,0.020455469706918084,0.21331877491290882,0.34533276418151376,0.23331328917063565,-0.06804890217121495
430,offices_00124_LD.png,1400,1.333,22.928,0.31,15.98,101.38,0.0,240.805,240.805,240.805,94.433,-0.002318,0.004394,0.0,0.0,0.9443,58.466,58.466,58.466,22.928,0.0005629,0.001067,-0.0,0.0,0.2293,0.5899,21.665,0.0325,-0.1033,13.312,0.4999,0.4164,0.346,-1.099,-0.4648,-0.4429,0.004303,1.595,2.683,0.5092,0.8488,0.001286,92.554,3.744,4.198,0.0006443,3.033e-05,,5783158,1033,45,34,40,116,-0.6544522007320038,0.1754074416213794,0.015489969543786284,0.192062835061469,0.4112502746349649,0.303242401745582,0.06938790569758946
431,offices_00675_LD.png,1400,1.333,21.113,0.2725,13.734,98.368,0.0,243.076,243.076,243.076,95.324,-0.00234,0.004436,0.0,0.0,0.9532,53.838,53.838,53.838,21.113,0.0005183,0.0009825,-0.0,0.0,0.2111,0.3783,5.401,0.02125,0.01667,17.712,0.4637,0.3882,0.3699,-1.228,-0.4824,-0.4635,0.003944,1.477,2.586,0.6103,0.8191,0.001297,97.153,3.705,4.247,0.0005794,3.175e-05,,5299763,958,51,22,17,125,-1.1763961244428374,0.5204646989474845,0.022351734289061106,0.163186643021299,0.478679446072125,0.07556805585376514,0.6521866381557234
432,city_00399_LD.png,1400,1.333,18.077,0.2132,10.137,77.387,0.0,246.376,246.376,246.376,96.618,-0.002372,0.004496,0.0,0.0,0.9662,46.096,46.096,46.096,18.077,0.0004438,0.0008412,-0.0,0.0,0.1808,0.2758,14.472,0.035,-0.06333,22.37,0.5397,0.449,0.4311,-1.13,-0.4657,-0.4307,0.004548,1.474,2.542,0.4658,0.753,0.00144,91.077,3.723,4.284,0.0007477,3.434e-05,,4553239,876,15,40,17,112,-1.1180025799882012,-0.6045853465832371,0.013316921794510784,0.21722727860612995,0.5075910470260805,-0.52511230415625,-0.3008771142139137
433,highways_20081106_00024_LD.png,1400,1.333,19.633,0.243,12.5,100.782,0.0,244.76,244.76,244.76,95.984,-0.002356,0.004467,0.0,0.0,0.9598,50.063,50.063,50.063,19.633,0.000482,0.0009136,-0.0,0.0,0.1963,0.2184,4.055,-0.02,0.003333,15.852,0.4708,0.4868,0.4687,-1.125,-0.491,-0.4618,0.004715,1.44,2.544,0.6397,0.8695,0.001063,97.682,4.019,4.403,0.0004544,2.523e-05,,5642674,1057,48,27,36,118,-0.7264997388534555,0.3584587932511938,0.024055817814984577,0.25278388422193937,0.44222313789726986,0.3498620034985578,0.26050372873497674
434,mountains_00105_LD.png,1400,1.333,10.885,0.09372,4.345,38.217,0.0,251.942,251.942,251.942,98.801,-0.002425,0.004598,0.0,0.0,0.988,27.756,27.756,27.756,10.885,0.0002672,0.0005065,-0.0,0.0,0.1088,0.02341,22.294,-0.02625,0.1083,23.899,0.334,0.2982,0.3011,-1.162,-0.4868,-0.4947,0.005503,1.145,2.191,0.5919,0.7646,0.001176,97.438,4.302,4.476,0.0008747,5.76e-05,,5400397,922,20,56,24,123,-0.9811259961621763,-0.6336400007797011,0.007687892058298292,0.18953545599641763,0.4349751671408842,-0.42999954335272017,-0.4035072017257611
435,forests_20081106_00032_LD.png,1400,1.333,21.517,0.2807,14.19,108.003,0.0,242.591,242.591,242.591,95.134,-0.002335,0.004427,0.0,0.0,0.9513,54.867,54.867,54.867,21.517,0.0005282,0.001001,-0.0,0.0,0.2152,0.269,33.259,-0.03125,0.1633,25.296,0.5204,0.4076,0.384,-1.026,-0.4658,-0.3897,0.01119,1.485,2.587,0.4492,0.8522,0.001223,94.353,3.156,3.853,0.0003896,1.776e-05,,5834052,1066,43,41,43,110,-0.5797377186539939,0.029845242919239425,0.02939631662496086,0.26299417710732115,0.3741805070311483,0.28040840990950733,-0.09262819331734368
436,offices_00604_LD.png,1400,1.333,19.882,0.2479,12.07,87.33,0.0,244.487,244.487,244.487,95.877,-0.002354,0.004462,0.0,0.0,0.9588,50.698,50.698,50.698,19.882,0.0004881,0.0009252,-0.0,0.0,0.1988,0.3497,16.919,-0.0475,0.07,27.102,0.4653,0.409,0.3581,-1.173,-0.485,-0.4641,0.003888,1.494,2.646,0.5285,0.8357,0.001348,92.994,3.735,4.225,0.0007714,2.962e-05,,5473498,990,33,42,16,132,-1.2366522415199066,-0.15096921549677725,0.020645371532413016,0.17794311516932332,0.38542967351445123,-0.3606420317326844,0.13820700762648574
437,mountains_00178_LD.png,1400,1.333,14.559,0.1507,6.817,59.041,0.0,249.475,249.475,249.475,97.833,-0.002402,0.004553,0.0,0.0,0.9783,37.126,37.126,37.126,14.559,0.0003574,0.0006775,-0.0,0.0,0.1456,0.1449,31.358,0.00625,-0.1567,14.174,0.5134,0.2655,0.2711,-1.099,-0.4588,-0.4559,0.00895,1.458,2.369,0.5102,0.7657,0.001521,88.624,3.289,3.905,0.0008719,4.66e-05,,4892736,840,27,33,27,111,-0.8572543202211783,-0.12566134685507402,0.011202849233966626,0.18903603711524622,0.355249884294607,-0.03600598941342248,-0.059769533731999724
438,beaches_00433_LD.png,1400,1.333,11.771,0.1066,4.409,36.549,0.0,251.416,251.416,251.416,98.595,-0.00242,0.004588,0.0,0.0,0.9859,30.017,30.017,30.017,11.771,0.000289,0.0005478,-0.0,0.0,0.1177,0.05469,28.42,0.0325,-0.1383,13.489,0.4168,0.225,0.243,-1.247,-0.5053,-0.4993,0.004255,1.311,2.374,0.4728,0.7015,0.001577,86.65,3.976,4.341,0.001181,3.664e-05,,5580605,933,41,36,13,137,-1.3615709340755844,0.08147408306069089,0.009117573952922228,0.13396345217395683,0.38436284097999396,-0.3287635440455161,0.4001580122377971
439,beaches_00362_LD.png,1400,1.333,20.14,0.253,13.916,96.075,0.0,244.2,244.2,244.2,95.765,-0.002351,0.004456,0.0,0.0,0.9576,51.356,51.356,51.356,20.14,0.0004944,0.0009372,-0.0,0.0,0.2014,0.206,23.834,-0.03125,-0.115,13.692,0.4438,0.3844,0.3932,-1.181,-0.4786,-0.4778,0.002652,1.522,2.502,0.5938,0.8363,0.001066,97.036,4.211,4.478,0.0005004,2.71e-05,,5332502,1016,22,50,13,133,-1.3466834901270384,-0.5084880591093566,0.029498662615086768,0.2906828622444967,0.4325250488278347,-0.6566103932979244,-0.0905490374532188
440,offices_00667_LD.png,1400,1.333,22.665,0.3045,17.2,116.296,0.0,241.148,241.148,241.148,94.568,-0.002322,0.004401,0.0,0.0,0.9457,57.796,57.796,57.796,22.665,0.0005564,0.001055,-0.0,0.0,0.2266,0.3316,9.363,-0.04375,-0.01667,11.88,0.4496,0.5029,0.4427,-1.104,-0.4692,-0.4732,0.006367,1.545,2.594,0.642,0.8597,0.00111,98.849,4.066,4.421,0.0003407,2.31e-05,,5392245,997,36,35,13,135,-1.354190291194029,0.017653228648661298,0.02252403520695348,0.18679583439994907,0.5517925440670947,-0.3595138574722485,0.34374885011510425
441,forests_20081106_00051_LD.png,1400,1.333,17.793,0.2079,10.309,87.835,0.0,246.654,246.654,246.654,96.727,-0.002375,0.004501,0.0,0.0,0.9673,45.371,45.371,45.371,17.793,0.0004368,0.000828,-0.0,0.0,0.1779,0.1513,24.092,0.03,0.1167,23.781,0.5019,0.4079,0.3863,-1.097,-0.4648,-0.4281,0.009001,1.415,2.423,0.5638,0.8438,0.001197,96.828,3.413,4.039,0.0004479,2.596e-05,,5869919,1076,43,40,55,101,-0.37840708584394095,0.04531601592937276,0.01098784033179965,0.2646989071054055,0.435899243227105,0.4538554585307906,-0.19601818243521552
442,offices_00281_LD.png,1400,1.333,22.489,0.3008,15.577,102.154,0.0,241.376,241.376,241.376,94.657,-0.002324,0.004405,0.0,0.0,0.9466,57.346,57.346,57.346,22.489,0.0005521,0.001046,-0.0,0.0,0.2249,0.4673,27.829,0.115,0.07833,23.141,0.4379,0.4482,0.3504,-1.245,-0.4819,-0.4581,0.005902,1.541,2.6,0.5686,0.8589,0.001239,96.127,3.746,4.213,0.0005476,2.952e-05,,5846938,1031,31,50,23,134,-1.051577074425166,-0.298355172793881,0.011997659830870071,0.16883148278906263,0.43413306209090885,-0.29433850725774624,-0.08890371542667858
443,beaches_20081106_00015_LD.png,1400,1.333,20.069,0.2516,13.707,80.08,0.0,244.279,244.279,244.279,95.796,-0.002352,0.004458,0.0,0.0,0.958,51.176,51.176,51.176,20.069,0.0004927,0.0009339,-0.0,0.0,0.2007,0.2537,36.491,-0.06625,0.17,32.084,0.4268,0.3215,0.2854,-1.139,-0.4588,-0.4425,0.002617,1.465,2.565,0.3387,0.7592,0.001261,93.062,4.217,4.295,0.0005651,3.14e-05,,5870541,1018,43,39,11,144,-1.4686214857038349,0.06117541103855111,0.027526892368635227,0.2996568757710057,0.5395378377384867,-0.4279457931221815,0.44526608421908953
444,forests_00242_LD.png,1400,1.333,22.116,0.293,15.5,126.338,0.0,241.849,241.849,241.849,94.843,-0.002328,0.004413,0.0,0.0,0.9484,56.396,56.396,56.396,22.116,0.0005429,0.001029,-0.0,0.0,0.2212,0.3629,6.129,0.00625,0.03,12.587,0.5492,0.5484,0.5018,-1.09,-0.4285,-0.4085,0.006923,1.474,2.55,0.6952,0.8412,0.001269,98.869,3.273,3.804,0.0002654,1.872e-05,,5447902,1025,35,35,52,98,-0.39433553210082267,0.0,0.0306441834618848,0.23862681693038468,0.4462017748717561,0.41472146728718173,-0.2238711433050168
445,highways_00254_LD.png,1400,1.333,18.578,0.2227,10.882,78.281,0.0,245.872,245.872,245.872,96.42,-0.002367,0.004487,0.0,0.0,0.9642,47.374,47.374,47.374,18.578,0.0004561,0.0008645,-0.0,0.0,0.1858,0.2969,2.083,0.00625,0.008333,19.547,0.5153,0.4052,0.3958,-1.075,-0.4575,-0.3867,0.00602,1.436,2.587,0.5672,0.7158,0.001344,91.943,3.747,4.257,0.0007347,3.576e-05,,5720399,1020,47,33,48,105,-0.48531773025496217,0.22111871299757055,0.022767564729350157,0.1758973235646711,0.3394601891940242,0.46780672476809165,0.009266586496160079
446,mountains_00306_LD.png,1400,1.333,9.552,0.0755,3.379,29.462,0.0,252.652,252.652,252.652,99.079,-0.002432,0.004611,0.0,0.0,0.9908,24.357,24.357,24.357,9.552,0.0002345,0.0004445,-0.0,0.0,0.09552,0.008683,41.004,0.02625,-0.2033,19.225,0.3862,0.1834,0.1513,-1.121,-0.4752,-0.4978,0.006782,1.221,2.193,0.2959,0.4165,0.001484,87.139,4.412,4.439,0.001115,3.986e-05,,4859808,877,34,26,42,93,-0.4927033330600414,0.16789400478810546,0.010127930295220635,0.10576695909282581,0.33677355624782435,0.431096068759283,-0.029972990822919376
447,highways_00478_LD.png,1400,1.333,12.011,0.1102,4.693,32.21,0.0,251.266,251.266,251.266,98.536,-0.002419,0.004585,0.0,0.0,0.9854,30.629,30.629,30.629,12.011,0.0002949,0.0005589,-0.0,0.0,0.1201,0.08274,20.003,-0.04,-0.09167,27.236,0.4666,0.3322,0.313,-1.35,-0.4866,-0.5235,0.004773,1.333,2.51,0.2053,0.08281,0.001845,80.184,4.023,4.001,0.001244,3.333e-05,,5586069,937,29,45,21,133,-1.0968035620935128,-0.2743914878600369,0.013353922029959806,0.14181241431093744,0.34147220797007655,-0.3174873517971286,-0.04325479015000672
448,highways_00329_LD.png,1400,1.333,25.217,0.3593,21.394,139.012,0.0,237.597,237.597,237.597,93.175,-0.002287,0.004336,0.0,0.0,0.9318,64.303,64.303,64.303,25.217,0.0006191,0.001173,-0.0,0.0,0.2522,0.4826,12.093,0.0525,-0.03,12.219,0.5606,0.5615,0.5386,-1.208,-0.4773,-0.4722,0.002248,1.603,2.677,0.7613,0.8839,0.0009591,99.134,4.181,4.511,0.0002096,8.271e-06,,5509420,1028,36,37,13,137,-1.3615709340755844,-0.01716953035081616,0.03472320167478576,0.30291489535736943,0.5119945677374922,-0.38561485737121437,0.319544795951495
449,beaches_00161_LD.png,1400,1.333,13.221,0.1289,4.9,46.771,0.0,250.462,250.462,250.462,98.22,-0.002411,0.004571,0.0,0.0,0.9822,33.713,33.713,33.713,13.221,0.0003246,0.0006152,-0.0,0.0,0.1322,0.08371,34.113,-0.0275,-0.1683,22.521,0.4953,0.1737,0.1769,-1.189,-0.5051,-0.4419,0.01225,1.38,2.315,0.3174,0.7462,0.002044,84.53,1.98,2.669,0.001092,1.724e-05,,5194684,905,35,35,33,108,-0.7255982301945619,0.0,0.01452770043683669,0.13494423613317374,0.35908468703254015,0.14400803125748018,-0.03295437950116287
450,mountains_00318_LD.png,1400,1.333,12.811,0.1224,5.277,49.287,0.0,250.744,250.744,250.744,98.331,-0.002414,0.004576,0.0,0.0,0.9833,32.669,32.669,32.669,12.811,0.0003145,0.0005962,-0.0,0.0,0.1281,0.05083,38.432,-0.01375,-0.1917,12.991,0.5546,0.2134,0.222,-1.099,-0.4737,-0.4756,0.008907,1.332,2.293,0.4319,0.7424,0.001581,87.688,3.332,4.026,0.000992,4.082e-05,,5220239,939,25,43,28,116,-0.8616341201741723,-0.33809165680420705,0.012739820678500572,0.1726940240019869,0.3268865823091992,-0.1620152812653044,-0.23084693609625184
451,city_00342_LD.png,1400,1.333,20.533,0.2608,14.378,103.159,0.0,243.753,243.753,243.753,95.589,-0.002347,0.004448,0.0,0.0,0.9559,52.359,52.359,52.359,20.533,0.0005041,0.0009555,-0.0,0.0,0.2053,0.3409,12.111,0.01625,0.05833,18.696,0.4816,0.45,0.4406,-1.126,-0.4698,-0.4574,0.004445,1.488,2.545,0.6734,0.8658,0.001026,97.197,4.146,4.481,0.0004257,3.139e-05,,4814538,903,18,44,14,119,-1.2521195202652193,-0.5524425846467742,0.01781323547205785,0.27362093464687653,0.4533376684496333,-0.6046634595357199,-0.18096950407417617
452,mountains_00265_LD.png,1400,1.333,11.771,0.1066,5.038,40.592,0.0,251.416,251.416,251.416,98.595,-0.00242,0.004588,0.0,0.0,0.9859,30.017,30.017,30.017,11.771,0.000289,0.0005478,-0.0,0.0,0.1177,0.03591,33.11,0.1025,-0.13,25.152,0.451,0.2801,0.2445,-1.127,-0.4755,-0.4795,0.005707,1.322,2.362,0.4237,0.7209,0.001319,85.192,4.243,4.449,0.001005,4.513e-05,,5364107,1050,35,37,38,111,-0.6587331929997996,-0.0348213172603477,0.008648756388735633,0.12981153304191093,0.3636441262479318,0.17858267800286787,-0.09994729806151814
453,highways_00358_LD.png,1400,1.333,13.306,0.1302,5.432,43.422,0.0,250.403,250.403,250.403,98.197,-0.002411,0.00457,0.0,0.0,0.982,33.929,33.929,33.929,13.306,0.0003266,0.0006192,-0.0,0.0,0.1331,0.09844,21.03,-0.0325,-0.1,33.136,0.4105,0.3136,0.2948,-1.169,-0.4872,-0.4539,0.003911,1.348,2.443,0.394,0.642,0.001529,84.212,3.898,4.276,0.001094,3.122e-05,,5187641,892,46,25,28,113,-0.8466986335488054,0.37962290989397623,0.01892620751498874,0.14743395758526237,0.3671876831982458,0.26383097345581324,0.34707367726815697
454,highways_00409_LD.png,1400,1.333,21.722,0.2849,16.24,98.755,0.0,242.339,242.339,242.339,95.035,-0.002333,0.004422,0.0,0.0,0.9504,55.391,55.391,55.391,21.722,0.0005333,0.001011,-0.0,0.0,0.2172,0.3653,7.036,0.01125,0.03333,23.258,0.5262,0.4571,0.4496,-1.118,-0.4626,-0.4348,0.002982,1.568,2.695,0.5429,0.8324,0.001099,93.462,4.484,4.532,0.0005872,2.834e-05,,5257387,971,30,39,27,118,-0.8919610813560995,-0.164210777079331,0.02598915780661373,0.23878346072710463,0.4504887397999182,-0.08658614565079303,-0.07127021345515178
455,highways_00370_LD.png,1400,1.333,22.878,0.309,15.719,115.308,0.0,240.87,240.87,240.87,94.459,-0.002319,0.004396,0.0,0.0,0.9446,58.34,58.34,58.34,22.878,0.0005616,0.001065,-0.0,0.0,0.2288,0.4561,26.964,0.1287,0.04,24.439,0.4907,0.5439,0.4734,-1.055,-0.5,-0.4026,0.006945,1.53,2.63,0.5499,0.8747,0.001188,95.673,3.806,4.258,0.0004388,2.273e-05,,5867899,1028,46,36,32,124,-0.8234424872238182,0.15344319882333446,0.024110216739850854,0.2014715957224477,0.39288239657826496,0.15248204281100797,0.1488325975542224
456,mountains_00195_LD.png,1400,1.333,11.729,0.106,5.103,43.785,0.0,251.442,251.442,251.442,98.605,-0.002421,0.004588,0.0,0.0,0.986,29.909,29.909,29.909,11.729,0.0002879,0.0005458,-0.0,0.0,0.1173,0.02644,20.553,0.015,-0.1017,10.382,0.4051,0.2721,0.2735,-1.154,-0.4968,-0.5017,0.005442,1.241,2.222,0.5816,0.7642,0.00111,94.274,4.419,4.5,0.000877,3.947e-05,,4682424,834,29,26,56,78,-0.20724196473909628,0.06841592470034515,0.010940779039356948,0.19893795281591928,0.4420512211309909,0.6070476476347104,-0.2757882123061657
457,city_00305_LD.png,1400,1.333,23.128,0.3142,17.995,114.197,0.0,240.539,240.539,240.539,94.329,-0.002316,0.00439,0.0,0.0,0.9433,58.978,58.978,58.978,23.128,0.0005678,0.001076,-0.0,0.0,0.2313,0.407,10.382,-0.005,-0.05167,13.219,0.5686,0.4592,0.4371,-1.026,-0.4539,-0.3976,0.005751,1.621,2.75,0.6572,0.8784,0.001058,96.491,4.197,4.49,0.0005454,2.41e-05,,5085148,932,41,28,41,98,-0.5389402871753309,0.23836991039706376,0.02169981357608088,0.23502020599430373,0.4942914374521742,0.4339278608998067,0.05426886427616462
458,forests_00266_LD.png,1400,1.333,23.523,0.3226,17.991,133.603,0.0,240.008,240.008,240.008,94.121,-0.002311,0.00438,0.0,0.0,0.9412,59.985,59.985,59.985,23.523,0.0005775,0.001095,-0.0,0.0,0.2352,0.5121,11.691,-0.00375,0.05833,14.667,0.6142,0.5564,0.5345,-0.9408,-0.4376,-0.3977,0.01208,1.538,2.627,0.6967,0.8585,0.001203,98.341,3.383,3.933,0.0002487,1.504e-05,,5977200,1127,39,46,45,113,-0.5686108600513226,-0.10339805113889408,0.017334648700675234,0.18566538643793723,0.5071072417108436,0.2127093043215541,-0.2079295961553718
459,beaches_00126_LD.png,1400,1.333,14.575,0.151,6.226,51.905,0.0,249.463,249.463,249.463,97.829,-0.002402,0.004552,0.0,0.0,0.9783,37.166,37.166,37.166,14.575,0.0003578,0.0006782,-0.0,0.0,0.1457,0.1503,13.851,0.01875,-0.06667,25.739,0.4915,0.363,0.3667,-0.9795,-0.4428,-0.4073,0.008956,1.289,2.397,0.3785,0.7801,0.001625,84.767,2.397,3.178,0.0009191,2.252e-05,,5812148,1020,34,48,31,123,-0.8369913991407895,-0.21564010401258185,0.021482934347835443,0.24184392731477225,0.4172234806253815,-0.07130428350213591,-0.14497982151901828
460,beaches_00391_LD.png,1400,1.333,20.6,0.2622,14.29,98.377,0.0,243.676,243.676,243.676,95.559,-0.002346,0.004447,0.0,0.0,0.9556,52.53,52.53,52.53,20.6,0.0005057,0.0009586,-0.0,0.0,0.206,0.2875,26.933,0.1275,0.04333,26.661,0.4372,0.4742,0.3986,-1.068,-0.4643,-0.4129,0.004666,1.481,2.618,0.437,0.8555,0.001056,93.742,4.275,4.495,0.0004937,2.59e-05,,5914583,1044,51,28,24,139,-1.0483475104095559,0.3733865619914056,0.01781323547205785,0.2139933883165433,0.44659993784943863,0.09544593038575588,0.4581936072746997
461,beaches_20081106_00052_LD.png,1400,1.333,14.58,0.151,6.732,58.433,0.0,249.459,249.459,249.459,97.827,-0.002402,0.004552,0.0,0.0,0.9783,37.178,37.178,37.178,14.58,0.0003579,0.0006785,-0.0,0.0,0.1458,0.08809,27.057,0.00875,0.135,29.372,0.451,0.2881,0.3014,-1.045,-0.4658,-0.4324,0.007763,1.271,2.378,0.401,0.7596,0.001363,90.965,3.379,4.072,0.0007643,3.557e-05,,5659282,953,35,40,15,139,-1.296494438680456,-0.08365173390712909,0.011347461359695455,0.16574009181382815,0.37306759471285716,-0.3707489683109484,0.22770886080047104
462,city_00680_LD.png,1400,1.333,28.362,0.4305,25.956,157.146,0.0,232.503,232.503,232.503,91.178,-0.002238,0.004243,0.0,0.0,0.9118,72.324,72.324,72.324,28.362,0.0006963,0.00132,-0.0,0.0,0.2836,0.8423,3.041,0.0025,-0.015,8.988,0.5846,0.5756,0.5808,-1.101,-0.4313,-0.4088,0.005548,1.689,2.775,0.7691,0.8905,0.001083,99.54,3.883,4.356,0.0002128,8.876e-06,,4718441,766,13,46,9,123,-1.4894700423279408,-0.7710488686396442,0.03690697130554197,0.2683751010008587,0.5393480101581921,-0.9246197367382782,-0.22282590625230783
463,city_00317_LD.png,1400,1.333,19.284,0.2362,11.136,93.428,0.0,245.136,245.136,245.136,96.132,-0.00236,0.004473,0.0,0.0,0.9613,49.174,49.174,49.174,19.284,0.0004734,0.0008974,-0.0,0.0,0.1928,0.2966,23.479,0.0525,-0.105,11.41,0.46,0.4143,0.3709,-1.161,-0.5207,-0.4678,0.007874,1.415,2.434,0.6283,0.8481,0.001313,97.364,3.322,3.932,0.0004804,2.563e-05,,5109756,930,32,39,9,130,-1.5160907660711838,-0.12388232125861309,0.024554164819296617,0.17451543302118214,0.46372492419148453,-0.5733928828138879,0.3213917892189745
464,mountains_00230_LD.png,1400,1.333,14.067,0.1425,7.442,57.95,0.0,249.85,249.85,249.85,97.98,-0.002405,0.004559,0.0,0.0,0.9798,35.871,35.871,35.871,14.067,0.0003453,0.0006546,-0.0,0.0,0.1407,0.03542,31.334,0.00125,-0.1567,12.08,0.4439,0.2696,0.2699,-1.127,-0.4705,-0.5163,0.005541,1.341,2.347,0.4628,0.7334,0.001142,93.925,3.644,4.056,0.0007587,3.854e-05,,4452721,748,24,28,41,88,-0.4737770320787631,-0.09655861528963908,0.015040862065912382,0.2191017521544236,0.4147793700220957,0.29415087482174596,-0.2569959125560082
465,beaches_00149_LD.png,1400,1.333,17.206,0.1971,9.683,72.599,0.0,247.213,247.213,247.213,96.946,-0.00238,0.004511,0.0,0.0,0.9695,43.876,43.876,43.876,17.206,0.0004224,0.0008007,-0.0,0.0,0.1721,0.113,38.462,-0.04625,-0.1867,16.593,0.4836,0.264,0.2195,-1.213,-0.4932,-0.5025,0.002679,1.45,2.441,0.3529,0.818,0.00128,91.596,4.242,4.495,0.0007624,3.469e-05,,5731533,1033,29,52,21,129,-1.0803193408149558,-0.3637437332542593,0.00721603336260026,0.18080708908683227,0.36610510397430013,-0.35551258500076655,-0.12577530243609675
466,highways_00433_LD.png,1400,1.333,15.656,0.1694,7.029,43.577,0.0,248.589,248.589,248.589,97.486,-0.002393,0.004536,0.0,0.0,0.9749,39.922,39.922,39.922,15.656,0.0003843,0.0007285,-0.0,0.0,0.1566,0.1485,44.772,0.03125,-0.2217,21.778,0.621,0.09996,0.0965,-1.247,-0.4879,-0.4874,0.005433,1.536,2.666,0.1212,0.08299,0.001902,74.319,3.728,3.992,0.001233,2.892e-05,,5749175,971,44,35,34,120,-0.7695642109302658,0.14327126439911445,0.011907709929306178,0.14181241431093744,0.34563985419012977,0.19064987931552813,0.10946823343057355
467,forests_00274_LD.png,1400,1.333,22.852,0.3084,16.585,133.136,0.0,240.905,240.905,240.905,94.472,-0.002319,0.004396,0.0,0.0,0.9447,58.272,58.272,58.272,22.852,0.000561,0.001063,-0.0,0.0,0.2285,0.309,13.4,-0.01625,0.065,14.488,0.6169,0.5181,0.514,-1.004,-0.4418,-0.3875,0.01425,1.526,2.55,0.6413,0.8657,0.001285,98.906,2.912,3.571,0.0002282,8.742e-06,,5913574,1102,47,37,46,111,-0.5446601733015457,0.14976201244462692,0.021517042180185724,0.18566538643793723,0.34386005133794956,0.37818604856257093,-0.014846452652912123
468,mountains_20081106_00017_LD.png,1400,1.333,11.198,0.0982,4.012,35.213,0.0,251.762,251.762,251.762,98.73,-0.002424,0.004594,0.0,0.0,0.9873,28.554,28.554,28.554,11.198,0.0002749,0.0005211,-0.0,0.0,0.112,0.0303,31.78,0.035,-0.155,25.999,0.455,0.2618,0.2454,-1.096,-0.4805,-0.4361,0.00789,1.24,2.269,0.2722,0.7401,0.00175,85.983,3.52,4.108,0.001095,3.557e-05,,4885452,900,25,36,48,89,-0.3843353279656537,-0.2279666965660319,0.012139767714286414,0.16963573601251364,0.4391380469958688,0.2915096641596767,-0.4159327750695191
469,city_00309_LD.png,1400,1.333,17.656,0.2054,10.405,77.358,0.0,246.786,246.786,246.786,96.779,-0.002376,0.004504,0.0,0.0,0.9678,45.024,45.024,45.024,17.656,0.0004335,0.0008216,-0.0,0.0,0.1766,0.2091,6.009,0.01,-0.02833,18.545,0.4832,0.3917,0.3922,-1.263,-0.5062,-0.5125,0.002325,1.4,2.479,0.6238,0.8598,0.001094,96.072,4.416,4.545,0.0006412,2.748e-05,,4931698,873,32,30,13,124,-1.3112271808003197,0.04044050856564621,0.021610744042491838,0.19130809398787646,0.45740372872164664,-0.3112706804806593,0.3376100510081743
470,forests_00217_LD.png,1400,1.333,19.578,0.2419,13.874,96.702,0.0,244.82,244.82,244.82,96.008,-0.002357,0.004468,0.0,0.0,0.9601,49.923,49.923,49.923,19.578,0.0004806,0.000911,-0.0,0.0,0.1958,0.1635,23.502,0.0775,-0.08833,18.024,0.4783,0.4651,0.4499,-1.118,-0.4684,-0.4587,0.003981,1.482,2.432,0.6201,0.8758,0.0009738,97.515,4.388,4.531,0.0003433,1.869e-05,,5413382,1002,25,48,26,122,-0.9319713123431903,-0.4057429144216663,0.014548753649978721,0.20910862257964413,0.4073490998156933,-0.2584854915492868,-0.24559521691841596
471,city_00525_LD.png,1400,1.333,23.594,0.3241,16.941,117.149,0.0,239.912,239.912,239.912,94.083,-0.00231,0.004378,0.0,0.0,0.9408,60.165,60.165,60.165,23.594,0.0005792,0.001098,-0.0,0.0,0.2359,0.5259,25.596,-0.04875,-0.1183,16.077,0.4595,0.415,0.3717,-1.165,-0.4789,-0.4811,0.003783,1.577,2.693,0.5534,0.857,0.001224,95.163,3.847,4.264,0.000542,2.843e-05,,5232164,936,23,47,12,130,-1.3753786498834617,-0.44386131192624767,0.0178359298858444,0.20219621327392742,0.41081414835268476,-0.6428142002505768,-0.02119708216487476
