,stim,Image size (pixels),Aspect ratio,RMS contrast,Luminance entropy,Complexity,Edge density,Color entropy,mean R channel,mean G channel,mean B channel (RGB),mean L channel,mean a channel,mean b channel (Lab),mean H channel,mean S channel,mean V channel,std R channel,std G channel,std B channel,std L channel,std a channel,std b channel (Lab),std H channel,std S channel,std V channel,Mirror symmetry,DCM distance,DCM x position,DCM y position,Balance,CNN symmetry left-right,CNN symmetry up-down,CNN symmetry left-right & up-down,Slope Redies,Slope Spehar,Slope Mather,Fourier sigma,2D Fractal dimension,3D Fractal dimension,Self-similarity (PHOG),Self-similarity (CNN),Anisotropy,Homogeneity,1st-order EOE,2nd-order EOE,Sparseness,Variability,Unnamed: 48,subject,block,hits,misses,false_alarms,correct_rejections,FAR,HR,distinctiveness_early,distinctiveness_mid,distinctiveness_late,bias,memorability
0,highways_00413.jpg,1400,1.333,13.318,6.443,4.453,46.604,5.492,108.598,130.681,138.128,52.926,-5.731,-6.369,0.4891,0.2393,0.5557,30.194,33.411,41.4,13.318,2.496,9.172,0.1375,0.136,0.1542,7.432,5.357,0.0025,-0.02667,8.417,0.5504,0.2709,0.2396,-2.457,-1.338,-1.206,0.007697,1.405,2.505,0.4145,0.7073,0.0005787,77.516,3.424,3.846,0.0005639,2.169e-05,,6575721,1201,71,22,44,130,-0.6654743776421845,0.717414655156491,0.022628217993725754,0.18102720237335831,0.4207431674940885,0.8395000261672279,0.13669748817459504
1,highways_00375.jpg,1400,1.333,22.805,7.553,4.866,53.425,5.279,110.123,124.951,114.102,49.971,-7.469,4.259,0.3632,0.1887,0.4908,56.345,56.264,56.813,22.805,3.683,2.916,0.06802,0.2029,0.2199,28.197,15.462,0.01875,0.075,15.918,0.4763,0.3308,0.3181,-2.485,-1.379,-1.178,0.008428,1.378,2.488,0.5635,0.7133,0.0004917,93.492,3.985,4.239,0.0003915,2.754e-05,,6615202,1128,59,29,39,141,-0.7835003753897741,0.44116864743261897,0.021116826303474112,0.2529815202434789,0.6306614172760104,0.594001312300471,-0.036427826027170096
2,mountains_00698.jpg,1400,1.333,12.097,6.633,4.8,39.443,3.652,156.422,174.54,190.61,70.208,-2.744,-10.4117,0.5768,0.1893,0.7475,34.116,32.178,27.61,12.097,1.118,3.306,0.01124,0.07317,0.1083,22.67,9.337,0.00125,-0.04667,10.075,0.6485,0.3518,0.3514,-2.279,-1.016,-1.106,0.00956,1.458,2.64,0.4153,0.7646,0.0004189,87.831,4.15,4.299,0.0006057,1.618e-05,,5563146,971,35,34,13,140,-1.3724138514300743,0.018164971926272474,0.03401280423422694,0.2552394349289423,0.6003043914213124,-0.1293062849829778,-0.08719505429297003
3,beaches_00256.jpg,1400,1.333,18.63,7.327,4.213,47.001,4.941,151.179,149.585,140.549,61.374,-0.314,5.643,0.3566,0.2179,0.632,40.845,49.597,63.107,18.63,3.348,11.673,0.2998,0.1463,0.1823,30.019,20.431,-0.01,-0.1017,9.833,0.4836,0.3287,0.3043,-2.531,-1.209,-1.225,0.004874,1.263,2.389,0.5437,0.7335,0.0004484,89.43,3.572,4.149,0.0002713,2.046e-05,,6630568,1166,46,41,37,144,-0.8259370906125686,0.0720919460978495,0.02306698639370675,0.2331691155287989,0.46430386517775646,0.36408878280334256,-0.3282474878858037
4,city_20081106_00008.jpg,1400,1.333,23.031,7.456,10.898,99.596,6.126,75.408,86.185,99.572,35.733,0.8855,-7.915,0.5267,0.4199,0.4249,53.796,56.411,67.603,23.031,7.759,16.144,0.2383,0.2806,0.2607,19.137,19.734,-0.06,0.07833,18.594,0.4389,0.3857,0.3314,-2.256,-1.073,-1.059,0.00418,1.563,2.607,0.5389,0.8157,0.0004454,96.533,4.162,4.374,0.000425,2.518e-05,,5506604,1042,48,19,19,138,-1.169907447328491,0.5722329328416387,0.034802425166674214,0.18996642967819777,0.5720324642829661,0.33396968820125794,0.27801108158821264
5,offices_00243.jpg,1400,1.333,24.728,7.742,5.909,98.91,6.156,94.962,98.897,94.069,40.207,-2.317,2.277,0.3642,0.1321,0.3997,59.659,60.605,60.79,24.728,4.012,6.259,0.1888,0.1142,0.2421,32.838,12.754,-0.06375,-0.001667,9.483,0.3168,0.3495,0.3448,-2.945,-1.598,-1.438,0.006429,1.267,2.36,0.6261,0.8062,0.0006734,97.25,4.056,4.264,0.0002478,3.091e-05,,6536945,1174,46,43,10,167,-1.5848767046842307,0.04225911854129584,0.034145778970538686,0.2247792375973863,0.6196736610129989,-0.2974712165137072,0.04487139760632419
6,forests_20081106_00018.jpg,1400,1.333,21.935,7.665,18.666,142.452,5.145,87.453,93.877,51.789,37.369,-9.363,22.581,0.1847,0.4959,0.3757,51.786,55.873,43.746,21.935,7.922,11.265,0.04335,0.1695,0.2189,51.53,13.812,-0.01,0.06833,17.215,0.5557,0.5197,0.4821,-2.063,-1.079,-1.014,0.001111,1.672,2.706,0.7656,0.8683,0.0002232,94.275,4.507,4.523,0.0001041,7.905e-06,,6581126,1161,58,35,30,143,-0.940773762562063,0.31509678162523896,0.03626450123393679,0.23565831159832554,0.5031259577181045,0.3939553725290339,-0.06113927361247473
7,highways_20081106_00088.jpg,1400,1.333,10.961,6.795,5.952,57.131,6.748,112.858,115.003,112.753,47.999,-1.298,1.011,0.4148,0.08623,0.4653,31.795,26.627,28.719,10.961,3.842,4.144,0.2998,0.05258,0.1146,43.416,5.483,0.01875,0.02,10.347,0.5109,0.5036,0.4505,-2.488,-1.253,-1.109,0.00497,1.508,2.513,0.7297,0.8242,0.0003919,95.03,4.314,4.448,0.0001164,1.275e-05,,6426447,1143,53,36,31,141,-0.9144791736948051,0.24173079767289,0.024589061470162554,0.2441171776258086,0.5779251537638078,0.3778099645888968,-0.13738426562795725
8,highways_20081106_00063.jpg,1400,1.333,19.24,7.27,5.31,57.249,4.854,144.432,158.314,186.122,64.523,1.751,-15.4039,0.6107,0.2351,0.742,46.169,48.943,65.908,19.24,4.078,14.769,0.1845,0.1329,0.2477,6.616,10.05,0.005,-0.05,11.524,0.5228,0.14,0.1348,-2.431,-1.196,-1.251,0.01739,1.365,2.518,0.2478,0.4028,0.0005257,80.151,3.262,3.838,0.0007525,2.299e-05,,6739869,1204,64,30,17,162,-1.3107443958091674,0.4700799863487625,0.028907299620145405,0.20239644852272892,0.48744834660284686,0.16047144716702877,0.26502528578843054
9,offices_00280.jpg,1400,1.333,24.261,7.537,6.173,81.738,6.133,93.312,81.618,70.468,34.491,3.814,8.627,0.09703,0.3829,0.3745,54.401,60.943,60.365,24.261,7.863,7.081,0.1219,0.2669,0.2196,35.563,18.722,0.05125,0.07833,19.445,0.2921,0.3645,0.2509,-2.728,-1.459,-1.342,0.002277,1.22,2.388,0.5615,0.7771,0.0006208,94.064,4.088,4.318,0.0002206,2.907e-05,,6326912,1083,51,33,17,156,-1.2914958538007002,0.27188000539926077,0.03345468037329469,0.2376536200921931,0.6899402672942848,0.07278099675156313,0.08624015295080523
10,offices_00281.jpg,1400,1.333,27.257,7.601,9.436,120.24,6.474,107.108,109.357,96.17,44.273,-2.959,7.078,0.2231,0.1933,0.4392,64.813,67.464,65.703,27.257,3.852,9.115,0.1626,0.1839,0.2615,24.806,7.387,0.03375,-0.015,11.23,0.397,0.4481,0.3434,-2.734,-1.295,-1.271,0.008285,1.337,2.456,0.6499,0.7949,0.0006471,98.112,3.275,3.768,0.0002008,2.435e-05,,6123747,1119,52,34,8,155,-1.6538425440791091,0.26540475382497547,0.02890074799801639,0.18967469691920605,0.6186583905892006,-0.23899405117256567,0.27099234463083555
11,forests_20081106_00019.jpg,1400,1.333,18.644,7.518,21.047,155.73,5.347,68.766,86.866,42.969,33.817,-14.4388,21.841,0.2334,0.5293,0.3418,38.983,47.413,34.014,18.644,9.516,13.632,0.04693,0.2357,0.1858,35.298,2.774,0.0075,0.01167,8.604,0.6679,0.6679,0.636,-2.101,-1.252,-1.025,0.004589,1.814,2.684,0.9026,0.8827,0.0001425,99.797,4.249,4.454,9.743e-05,5.241e-06,,6411431,1179,49,46,18,150,-1.2418667918433202,0.03958867973032113,0.04765748272168378,0.2913832378376012,0.4163652251842685,-0.006954992702922658,-0.13751077052777394
12,forests_00274.jpg,1400,1.333,21.08,7.378,16.78,147.393,5.025,82.759,72.143,55.506,30.247,1.817,11.485,0.1083,0.3997,0.3253,53.196,51.284,47.799,21.08,3.772,5.983,0.0504,0.1862,0.2089,59.153,2.404,0.01,-0.006667,10.949,0.6153,0.5625,0.5391,-2.118,-1.213,-1.084,0.007817,1.685,2.673,0.773,0.8581,0.000309,96.987,3.886,4.299,0.000137,6.848e-06,,6436538,1087,38,53,5,164,-1.8869162013386456,-0.20808213615499319,0.05535011605041966,0.23431057773346417,0.5645792118133285,-0.6859723287101174,-0.00958488912272848
13,mountains_00262.jpg,1400,1.333,27.994,6.953,4.509,47.994,5.319,97.246,116.255,118.459,46.253,-5.798,-3.972,0.465,0.3589,0.4842,82.746,69.773,60.694,27.994,3.433,7.738,0.1735,0.2317,0.261,49.697,30.743,-0.025,0.1517,22.673,0.4213,0.3337,0.3218,-2.695,-1.432,-1.336,0.002749,1.223,2.46,0.6296,0.7251,0.0003402,81.696,4.235,4.345,0.0003296,1.729e-05,,5814137,1018,27,44,15,153,-1.345166634176639,-0.30474105269084506,0.029294226932619523,0.26703506252420484,0.4912474526906122,-0.2756707874637918,-0.3763111970377676
14,highways_00176.jpg,1400,1.333,23.771,7.73,17.203,132.969,6.519,119.333,113.352,120.697,47.701,4.791,-2.624,0.9429,0.2672,0.5312,59.89,58.379,67.822,23.771,6.081,14.631,0.2115,0.1846,0.2601,18.961,9.047,-0.03875,0.02333,12.818,0.5403,0.4402,0.4432,-2.016,-0.976,-0.9789,0.01457,1.596,2.678,0.7099,0.8268,0.0005586,98.004,4.137,4.406,0.0002386,2.007e-05,,6563928,1249,52,36,12,167,-1.498211871283548,0.2298841175792322,0.0351856500940265,0.23630416802595117,0.807541478121313,-0.12519600400055975,0.15904313126182912
15,offices_00120.jpg,1400,1.333,22.33,7.682,7.15,102.763,6.466,115.171,111.949,101.798,46.428,0.1531,6.309,0.1388,0.2428,0.4795,55.39,56.2,58.71,22.33,5.212,12.525,0.2292,0.191,0.2215,24.47,14.553,-0.025,0.06833,14.058,0.38,0.3151,0.3364,-2.659,-1.435,-1.325,0.005063,1.431,2.499,0.5385,0.7934,0.0007673,96.603,4.144,4.324,0.0001944,2.619e-05,,6476516,1205,41,46,24,152,-1.0968035620935128,-0.0720919460978495,0.028548958327182208,0.23441444143258633,0.6136665694229708,0.0578591393081076,-0.3087270989035279
16,offices_00646.jpg,1400,1.333,27.852,7.69,7.146,79.294,6.811,93.195,93.189,95.808,38.305,0.9639,-1.594,0.4793,0.2208,0.4013,71.328,69.275,67.105,27.852,4.637,9.117,0.3701,0.2199,0.2769,52.078,17.623,-0.04625,0.075,20.494,0.4014,0.3596,0.3038,-2.782,-1.42,-1.342,0.002918,1.333,2.402,0.6343,0.7597,0.0006628,87.093,3.483,3.89,0.0002302,3.197e-05,,6315146,1119,53,35,12,157,-1.46834020777415,0.25923419940915626,0.03531350305847522,0.21962249780572823,0.5180590642427496,-0.0843624391545974,0.16833633126035064
17,city_00232.jpg,1400,1.333,24.022,7.554,16.685,130.159,6.472,106.401,108.982,116.263,45.448,2.289,-2.971,0.5565,0.3357,0.5197,51.292,61.362,77.105,24.022,9.26,17.172,0.3692,0.2295,0.2757,31.366,12.457,-0.00875,0.06167,15.073,0.5126,0.4095,0.3868,-2.029,-1.04,-1.016,0.005212,1.626,2.71,0.5898,0.8373,0.0004149,94.355,3.9,4.299,0.0003483,1.867e-05,,6251970,1104,42,38,12,160,-1.4775252920188415,0.06270677794321385,0.0351856500940265,0.28989145161708835,0.5731476724458234,-0.19537307787563019,0.005904711027766241
18,beaches_00243.jpg,1400,1.333,20.748,7.298,5.188,54.226,5.848,134.387,134.393,112.676,54.87,-3.373,11.977,0.2391,0.2977,0.5538,55.46,51.428,57.077,20.748,5.151,11.069,0.1913,0.2433,0.2184,12.16,14.318,-0.04375,0.05667,17.144,0.2908,0.296,0.2248,-2.603,-1.414,-1.32,0.002546,1.284,2.499,0.4859,0.7251,0.0004982,83.994,3.922,4.294,0.0003505,2.248e-05,,6793209,1243,58,33,28,157,-1.0306548541090044,0.35141807350901105,0.03685180747160943,0.234305760691567,0.6376700853924059,0.3365338895109179,0.016967193147813586
19,mountains_00658.jpg,1400,1.333,19.497,6.481,2.098,27.444,5.417,101.934,120.411,125.039,48.607,-5.192,-4.721,0.5226,0.2492,0.5038,45.14,47.974,49.73,19.497,4.337,6.698,0.1629,0.1361,0.1984,22.052,15.335,-0.00125,-0.07667,9.285,0.6453,0.3576,0.3539,-3.038,-1.739,-1.486,0.01272,1.004,2.452,0.6197,0.7538,0.0004035,84.411,4.211,4.304,0.0005426,1.878e-05,,5653657,963,37,32,24,136,-1.0364333894937894,0.09094507753549723,0.035980061387510504,0.26051714694866984,0.5088084950568645,0.19484550601221273,-0.2016740085597677
20,highways_00438.jpg,1400,1.333,24.614,7.653,5.672,58.899,5.74,121.749,131.443,130.175,53.122,-3.305,0.1734,0.3282,0.2011,0.546,59.962,61.262,75.938,24.614,4.518,13.551,0.2642,0.1975,0.2689,23.671,5.6,-0.0225,-0.01667,12.553,0.4552,0.3232,0.3296,-2.663,-1.313,-1.272,0.002002,1.261,2.396,0.6797,0.7158,0.0005072,88.235,4.31,4.05,0.0002302,3.861e-05,,6514683,1262,36,51,14,166,-1.4201790692709682,-0.21779837992739867,0.025471394905349724,0.23257484650566185,0.6903379797330667,-0.29385775978461703,-0.26293074103306546
21,highways_00410.jpg,1400,1.333,26.953,7.047,4.576,48.823,5.91,106.237,114.029,110.646,46.064,-3.494,1.279,0.4227,0.1385,0.4549,72.958,68.127,72.641,26.953,5.52,4.355,0.1982,0.1676,0.2748,54.187,24.813,0.1163,0.04333,22.603,0.2925,0.3265,0.251,-2.511,-1.358,-1.164,0.003868,1.334,2.485,0.6148,0.8004,0.0005996,76.9,4.268,4.425,0.0003318,1.966e-05,,6553954,1211,56,31,8,170,-1.6959907045502698,0.36830787909341056,0.029524816097408445,0.30467300477297726,0.545598070752987,-0.22083129698217685,0.38069938625229893
22,highways_20081106_00100.jpg,1400,1.333,16.07,7.366,12.775,110.053,7.358,88.636,89.493,87.137,37.492,-0.2146,1.456,0.86,0.2499,0.3912,39.656,39.251,44.103,16.07,7.75,11.648,0.4096,0.1764,0.1561,37.162,7.032,0.035,0.003333,9.853,0.5347,0.5062,0.4915,-2.187,-1.088,-1.072,0.001689,1.628,2.597,0.7561,0.8368,0.0003747,97.948,4.323,4.423,0.0001029,1.265e-05,,6620843,1176,56,33,15,165,-1.3829941271006383,0.329770957199409,0.04028467001109019,0.2782861923343014,0.5371542013796036,0.025309125125847043,0.1835526275958823
23,city_00218.jpg,1400,1.333,17.947,7.31,10.911,107.865,5.203,95.964,108.538,116.829,44.923,-0.3096,-5.373,0.3727,0.4006,0.5221,50.049,44.95,55.501,17.947,4.578,19.846,0.3647,0.1691,0.1988,69.408,1.031,-0.00125,0.005,11.866,0.4417,0.2305,0.16,-2.253,-1.165,-1.117,0.00639,1.606,2.649,0.4713,0.819,0.0004324,86.834,4.085,4.386,0.0005349,1.854e-05,,6156850,1138,48,37,8,160,-1.6683911939470795,0.162911348622918,0.032994417026901514,0.19698687767120993,0.5794882313479447,-0.30519346230827415,0.1914046616127998
24,forests_00114.jpg,1400,1.333,22.444,7.751,24.751,154.315,5.786,100.213,98.684,41.48,39.937,-7.159,30.632,0.1705,0.633,0.4165,59.335,56.382,38.618,22.444,8.925,17.249,0.06336,0.1952,0.2309,46.275,5.833,-0.0175,0.02333,12.925,0.6362,0.6189,0.6005,-1.937,-0.9724,-0.9574,0.001744,1.782,2.782,0.8545,0.8688,0.000146,97.462,4.408,4.514,7.522e-05,6.661e-06,,6629513,1167,41,43,14,171,-1.4347745536437264,-0.029845242919239564,0.047686219032480555,0.24221219182707923,0.5669934656237304,-0.20758779476214295,-0.09530943269100423
25,offices_00644.jpg,1400,1.333,26.755,7.579,3.792,60.04,6.673,122.751,114.276,122.871,48.353,6.874,-3.809,0.9597,0.3003,0.5326,65.801,71.112,53.434,26.755,11.613,13.658,0.2524,0.2858,0.215,26.193,21.587,0.025,0.105,18.778,0.3658,0.2396,0.2362,-2.777,-1.486,-1.374,0.00418,1.119,2.313,0.4222,0.7013,0.0006707,93.706,4.12,4.157,0.0003289,3.514e-05,,6511982,1184,51,37,20,158,-1.2140749593948454,0.20073077957564658,0.036771184111024306,0.28213920675165227,0.6907866794273515,0.1013105954652811,-0.01496394391852307
26,offices_00122.jpg,1400,1.333,19.473,7.459,6.978,82.077,5.724,116.121,108.862,97.172,45.748,1.349,7.634,0.1227,0.2516,0.4689,48.519,47.656,50.643,19.473,4.858,10.993,0.1318,0.239,0.1931,11.064,7.826,-0.0175,0.035,12.722,0.386,0.2479,0.2535,-2.621,-1.35,-1.284,0.002604,1.439,2.481,0.6022,0.7896,0.0005227,98.23,4.186,4.303,0.0001885,3.286e-05,,6553932,1252,43,45,28,151,-1.0092616605071927,-0.02848826516630897,0.025723742333941698,0.17401163301485786,0.4983578819684858,0.155257290939268,-0.3175851789981099
27,offices_00678.jpg,1400,1.333,22.822,7.369,8.738,111.734,4.901,133.368,126.602,102.92,52.236,-1.276,13.654,0.1279,0.2868,0.529,59.103,57.639,50.753,22.822,2.6,8.287,0.09414,0.1823,0.2288,4.604,7.12,0.0125,-0.03333,8.995,0.4306,0.3219,0.2892,-2.389,-1.385,-1.16,0.003725,1.491,2.456,0.638,0.7489,0.0008502,92.476,3.187,3.839,0.0002091,2.807e-05,,6357925,1059,61,24,18,156,-1.2621451766228076,0.5758658167443257,0.04053622008236031,0.2654494118492003,0.7081161856726557,0.2573783843743581,0.32953552946412445
28,mountains_00499.jpg,1400,1.333,21.444,7.642,9.667,99.712,5.493,98.157,125.459,162.688,51.466,2.508,-21.8712,0.5563,0.38,0.6506,55.802,53.597,72.799,21.444,6.488,23.993,0.172,0.2474,0.2828,14.931,2.016,0.00875,0.005,10.916,0.6389,0.179,0.1765,-2.426,-1.232,-1.204,0.002102,1.536,2.676,0.4284,0.8267,0.0004621,97.43,4.229,4.387,0.0006784,1.76e-05,,6116000,1132,29,53,14,149,-1.3665093725941904,-0.3754617702355184,0.03956542072996129,0.23039454420475355,0.5411267242216798,-0.33096893065355126,-0.4252912718943699
29,offices_20081106_00024.jpg,1400,1.333,22.85,7.708,7.682,104.604,6.632,98.574,99.283,95.129,40.89,-0.9737,2.31,0.2434,0.1571,0.4108,58.888,56.017,57.597,22.85,4.121,7.943,0.2298,0.1217,0.2327,39.68,15.524,-0.02,0.075,16.683,0.4501,0.3658,0.3739,-2.683,-1.491,-1.383,0.01103,1.292,2.507,0.6414,0.8211,0.0005241,93.491,3.757,4.155,0.0001573,1.955e-05,,6364750,1219,60,26,11,162,-1.5253668189402674,0.5177235528176671,0.028548958327182208,0.24255002988293942,0.7007418288426268,0.002834070869901062,0.4182674194550551
30,offices_00254.jpg,1400,1.333,30.763,7.519,10.261,124.321,6.872,96.683,88.626,80.607,36.736,3.478,5.803,0.02719,0.4281,0.4174,76.692,76.753,76.087,30.763,7.129,18.088,0.2841,0.2818,0.3041,46.399,19.08,-0.00875,0.095,20.421,0.3739,0.3681,0.3389,-2.578,-1.54,-1.367,0.005734,1.394,2.47,0.5658,0.7802,0.0006561,94.077,4.287,4.277,0.0002188,2.817e-05,,6606371,1214,58,32,14,165,-1.417199592159898,0.3703642448067597,0.060746754941767005,0.3251012416239369,0.7143181615073304,0.0175135215364266,0.2360603165887334
31,forests_20081106_00033.jpg,1400,1.333,20.578,7.639,17.233,120.099,7.19,124.301,119.946,113.632,49.949,1.109,4.089,0.0345,0.1877,0.5125,51.173,53.796,50.776,20.578,6.152,11.025,0.2783,0.1272,0.2035,44.931,5.618,-0.02625,0.01,11.847,0.5615,0.5643,0.5361,-2.103,-0.9783,-0.9656,0.003277,1.677,2.701,0.7806,0.8594,0.0002168,93.55,4.448,4.496,9.701e-05,1.001e-05,,6414773,1135,53,30,5,172,-1.9071808290273737,0.35459694352998183,0.04663915781650454,0.23495400188077348,0.5936044370601806,-0.4077639694162427,0.4799235486692095
32,beaches_00490.jpg,1400,1.333,19.491,7.528,15.244,111.936,6.268,116.646,131.208,140.178,54.181,1.044,-5.567,0.4732,0.3488,0.607,71.676,48.866,52.946,19.491,6.198,21.816,0.3852,0.326,0.1875,30.471,11.226,0.0175,-0.05333,9.309,0.5667,0.3446,0.3361,-2.122,-0.9839,-0.9918,0.005181,1.616,2.676,0.6381,0.8277,0.0004936,92.206,3.738,4.207,0.0003498,2.276e-05,,6535213,1159,53,34,20,158,-1.2140749593948454,0.27722258924865684,0.052159419098618064,0.278719255153569,0.5215694765709228,0.14147532685052377,0.05013437633479323
33,city_00387.jpg,1400,1.333,29.905,7.881,13.253,138.374,6.603,112.896,107.829,106.722,44.369,2.122,1.563,0.04637,0.2453,0.4748,77.358,73.309,77.146,29.905,8.093,10.449,0.2187,0.1916,0.3103,32.343,21.871,0.0925,-0.05833,17.5,0.4782,0.3931,0.3744,-2.443,-1.348,-1.217,0.003194,1.47,2.605,0.6414,0.8112,0.0004623,94.596,4.017,4.262,0.0001558,1.739e-05,,5878129,1066,32,47,6,156,-1.7861555612610769,-0.2402627348027283,0.03647847725907389,0.24680682162255732,0.5928622465655025,-0.6171175932984321,-0.08988011270143681
34,beaches_00321.jpg,1400,1.333,16.425,7.071,5.916,44.483,5.172,119.373,145.459,182.111,59.746,2.976,-21.5213,0.5697,0.3652,0.73,58.611,42.203,45.924,16.425,5.514,23.79,0.2454,0.2775,0.1634,44.832,16.018,0.00375,0.08,15.963,0.4403,0.2757,0.182,-2.176,-1.064,-1.06,0.003713,1.376,2.559,0.4725,0.7848,0.0004012,93.497,3.981,4.105,0.0007048,1.878e-05,,6675198,1152,59,32,47,132,-0.6354427947755682,0.38087405751603814,0.030776775875781624,0.21273623370338327,0.452109007929102,0.6883458417556065,-0.1654843815074315
35,city_00344.jpg,1400,1.333,24.278,7.182,11.339,110.32,5.97,96.102,97.858,93.861,40.258,-1.325,1.994,0.2122,0.1453,0.3951,61.1,60.616,60.698,24.278,3.085,6.105,0.2438,0.1865,0.2361,42.054,18.793,-0.05875,0.07333,17.028,0.4955,0.3788,0.3507,-2.452,-1.178,-1.13,0.007691,1.565,2.613,0.6656,0.7983,0.0005349,92.24,4.015,4.335,0.0001965,2.166e-05,,5833060,988,56,20,2,160,-2.2461975356408175,0.633640000779701,0.0380206635163435,0.21100153403381408,0.7504423310895387,-0.5497625539108015,0.8954157353151648
36,beaches_00452.jpg,1400,1.333,15.037,6.575,2.689,30.906,4.794,133.953,157.518,180.586,63.853,-1.174,-14.3791,0.4925,0.2818,0.7195,52.74,37.406,40.192,15.037,2.59,17.92,0.2514,0.2392,0.1532,30.749,12.457,-0.00875,0.06167,15.146,0.6321,0.3426,0.3194,-2.577,-1.265,-1.25,0.006918,1.212,2.454,0.475,0.6934,0.00059,88.37,2.64,2.794,0.0006392,1.337e-05,,6465869,1206,52,36,32,143,-0.9045302800779483,0.2298841175792322,0.02538612266310512,0.22481688629503033,0.4816559046244184,0.3800564474450643,-0.15269039604089796
37,offices_00282.jpg,1400,1.333,25.512,7.782,9.991,126.585,4.968,186.031,131.445,72.025,58.547,15.267,39.669,0.08656,0.6556,0.7306,69.005,66.916,52.004,25.512,11.94,14.976,0.04252,0.1802,0.2695,15.946,14.648,0.03375,-0.065,9.138,0.388,0.3551,0.367,-2.511,-1.421,-1.315,0.003699,1.508,2.463,0.5837,0.8207,0.0006505,95.733,4.113,4.373,0.0003583,2.386e-05,,6605774,1201,54,36,9,170,-1.6421512672307004,0.2533471031357997,0.05650311362762938,0.2389489946180189,0.5763783977852086,-0.23537549142658354,0.2545917678161904
38,beaches_00491.jpg,1400,1.333,12.864,6.909,3.343,44.058,5.371,140.036,160.861,178.682,65.348,-1.062,-11.1702,0.5651,0.2923,0.7324,50.686,33.968,39.692,12.864,4.392,18.911,0.1722,0.2258,0.1166,42.144,10.848,0.04625,-0.02833,11.441,0.4998,0.3869,0.3663,-2.711,-1.25,-1.308,0.007066,1.356,2.415,0.5491,0.7602,0.0004892,97.336,3.83,4.104,0.0003717,1.871e-05,,6442429,1248,51,34,25,152,-1.0747517770157822,0.2533471031357997,0.027963693390650513,0.26310793576636166,0.5251324280174087,0.2475095897798567,-0.04334141235077005
39,forests_20081106_00032.jpg,1400,1.333,21.629,7.66,19.802,147.227,5.403,108.432,120.075,46.285,47.368,-14.1581,35.635,0.1744,0.5862,0.4851,45.859,58.295,31.225,21.629,13.807,21.382,0.0509,0.2156,0.22,26.773,9.337,0.00125,-0.04667,8.809,0.672,0.5804,0.567,-2.109,-1.073,-1.073,0.001949,1.67,2.716,0.769,0.849,0.0002492,96.221,3.808,4.24,0.0001015,8.417e-06,,6498722,1191,56,36,18,153,-1.2521195202652193,0.27592106310796005,0.05603217690832538,0.23945809470736884,0.5168151432560847,0.10841410806018514,0.06900335601605456
40,forests_20081106_00026.jpg,1400,1.333,16.534,7.334,23.13,133.805,7.092,104.751,104.162,98.839,43.533,-0.5388,3.174,0.04918,0.1812,0.4386,41.252,42.028,44.988,16.534,8.032,10.81,0.2713,0.1269,0.1675,49.944,2.83,-0.01375,-0.003333,8.718,0.6086,0.5771,0.5469,-1.704,-0.8083,-0.8655,0.007273,1.855,2.776,0.8122,0.8571,0.000226,97.558,3.218,3.875,9.69e-05,8.685e-06,,6479525,1182,45,51,23,147,-1.1017089256942527,-0.0784124127331122,0.0624757586047322,0.23251973630770859,0.48266799960325785,0.05036564715875269,-0.3115303944552832
41,forests_00277.jpg,1400,1.333,18.925,7.457,20.32,136.532,5.461,81.541,68.949,28.37,29.062,-0.04216,24.63,0.1323,0.7308,0.3255,49.631,45.617,33.32,18.925,9.256,10.986,0.04335,0.1926,0.1935,52.863,9.319,0.02875,0.03667,15.403,0.5993,0.6159,0.6024,-1.812,-0.9992,-0.9029,0.001592,1.779,2.726,0.81,0.8736,0.0001558,96.415,4.534,4.555,8.122e-05,7.968e-06,,6433043,1176,31,61,7,161,-1.7316643961222453,-0.4207836887384309,0.040918762232873676,0.23091716503194618,0.4802146101637049,-0.6655318264154444,-0.27212490390199495
42,city_00147.jpg,1400,1.333,24.209,7.62,11.529,128.954,6.143,101.729,102.015,103.508,42.076,0.419,-0.8545,0.7295,0.1344,0.4244,61.383,60.522,60.291,24.209,3.636,6.194,0.2994,0.1281,0.2372,54.55,13.59,-0.0375,0.05667,17.436,0.4739,0.4311,0.4003,-2.363,-1.239,-1.142,0.005522,1.508,2.585,0.6906,0.827,0.0005908,92.371,3.906,4.209,0.0001802,1.774e-05,,6311970,1183,50,30,6,169,-1.8212331157010933,0.31863936396437514,0.030967079470956557,0.23788728794256553,0.7663097693695871,-0.3534990061426264,0.4041919785339845
43,city_00621.jpg,1400,1.333,24.949,7.431,12.704,166.223,6.508,57.956,66.383,66.744,26.969,-1.574,-0.5329,0.5071,0.4577,0.3163,65.695,61.195,62.207,24.949,14.046,15.189,0.1785,0.2276,0.2679,64.162,4.008,0.00125,-0.02,15.628,0.451,0.4381,0.3951,-2.456,-1.485,-1.233,0.00816,1.499,2.532,0.6504,0.8077,0.0006701,95.399,3.881,4.165,0.0001562,2.49e-05,,5759748,1058,57,21,4,155,-1.9572807844983906,0.6151411045959733,0.06810579092698676,0.308232260943946,0.7354936932340095,-0.31359358270330495,0.7279662943202663
44,offices_20081106_00025.jpg,1400,1.333,22.409,7.532,6.001,86.088,6.316,112.741,110.311,104.514,45.74,0.189,3.69,0.1133,0.1687,0.4573,54.9,55.219,57.217,22.409,4.861,9.123,0.1981,0.1914,0.2151,12.738,15.092,-0.065,0.03833,16.475,0.4518,0.3403,0.3209,-2.749,-1.556,-1.382,0.006989,1.279,2.415,0.5724,0.8011,0.0004769,97.839,4.066,4.358,0.000154,1.959e-05,,6769848,1247,49,41,10,176,-1.6094092604069248,0.11163715450694481,0.026432725573932964,0.23711916060438032,0.705195429047314,-0.2819202442643549,0.11679723042623558
45,forests_00288.jpg,1400,1.333,23.829,7.842,29.339,162.781,6.474,98.919,104.371,69.162,41.871,-7.701,18.42,0.1885,0.4215,0.4252,57.797,59.868,50.656,23.829,9.007,15.034,0.1319,0.2114,0.2348,30.141,9.756,0.04875,0.001667,12.024,0.6239,0.6546,0.6135,-1.983,-0.9342,-0.9305,0.009007,1.798,2.783,0.8415,0.87,0.0001692,97.82,4.481,4.519,9.431e-05,6.202e-06,,6487253,1204,53,41,5,167,-1.894644350821531,0.16068636944186104,0.05001326824885374,0.2671752717193368,1.1913482787572007,-0.4989144138588588,0.30831332022433
46,highways_00161.jpg,1400,1.333,22.701,7.608,13.107,126.142,6.709,140.163,140.419,136.523,57.501,-0.3214,2.151,0.03742,0.1671,0.584,58.374,59.104,63.25,22.701,4.399,11.639,0.3338,0.1542,0.2285,43.58,9.496,-0.00875,-0.04667,8.564,0.5285,0.4526,0.4476,-2.393,-1.118,-1.148,0.00481,1.589,2.581,0.6667,0.8543,0.0006561,97.414,4.25,4.426,0.0002126,1.616e-05,,6519122,1126,42,47,20,157,-1.2107566063052255,-0.07046918706875532,0.03524680413619367,0.304686047583537,0.7513159592116309,-0.038268460716791575,-0.24751097238905395
47,mountains_00301.jpg,1400,1.333,30.669,7.267,5.098,35.862,6.025,141.87,132.585,132.593,54.566,3.734,1.028,0.8467,0.1292,0.5759,84.212,76.742,72.703,30.669,5.803,9.651,0.2325,0.1024,0.327,29.31,28.676,0.00375,0.1433,20.941,0.6399,0.1486,0.1392,-2.377,-1.114,-1.176,0.01306,1.017,2.627,0.3777,0.7356,0.0004447,84.781,3.606,4.011,0.0005288,2.476e-05,,5802758,1002,37,38,17,141,-1.2394203380549267,-0.01671163299874855,0.0346045013879841,0.2505555769224302,0.502258789625663,-0.034435410730058846,-0.1867097235103693
48,city_00543.jpg,1400,1.333,30.563,7.253,9.848,102.038,5.789,150.533,149.494,148.314,60.63,0.7101,1.153,0.2825,0.1648,0.628,78.602,79.115,80.628,30.563,8.293,11.55,0.3224,0.1919,0.3025,19.203,17.77,0.035,-0.08167,13.964,0.4766,0.4316,0.4067,-2.435,-1.253,-1.128,0.007804,1.555,2.543,0.6086,0.7489,0.0006172,84.655,3.888,4.161,0.0002871,1.978e-05,,5603239,1018,48,23,4,154,-1.9545779044793146,0.45669911932122276,0.040008331890894575,0.28036131080441257,0.742495460760444,-0.3944888688269925,0.5917050711451881
49,beaches_00268.jpg,1400,1.333,13.106,6.926,5.576,57.496,4.973,101.763,116.472,150.96,49.021,4.672,-19.9271,0.6329,0.3802,0.6103,37.235,32.953,45.149,13.106,3.945,18.022,0.1628,0.1752,0.1495,50.482,0.25,-0.00125,0.0,8.198,0.6112,0.232,0.2286,-2.296,-1.121,-1.043,0.007927,1.45,2.468,0.321,0.6042,0.0004798,92.575,3.73,4.126,0.0005244,1.733e-05,,7073525,1305,45,51,14,177,-1.451657512416334,-0.0784124127331122,0.033314037870773264,0.26312140328752676,0.6529782848892762,-0.24745794033400936,-0.1277775058202385
50,city_00231.jpg,1400,1.333,32.834,7.454,13.99,134.17,6.183,95.702,99.123,101.642,39.844,-0.2555,-2.033,0.4526,0.2542,0.4188,84.842,82.572,80.591,32.834,5.277,9.063,0.3087,0.2142,0.3193,48.887,25.744,0.01,0.1283,22.048,0.4276,0.325,0.314,-2.313,-1.131,-1.089,0.001814,1.498,2.647,0.5529,0.8355,0.000491,88.973,4.314,4.447,0.0002085,2.108e-05,,5688341,929,44,25,15,146,-1.3214978956405399,0.3522674707376131,0.03567576232607611,0.23608888912558018,0.5285982983901831,0.08945805576697119,0.17040750291907314
51,city_00219.jpg,1400,1.333,29.251,7.794,7.369,74.588,6.202,98.94,119.89,125.135,47.44,-5.613,-4.442,0.4649,0.2863,0.5169,64.048,74.726,88.91,29.251,5.12,12.945,0.1697,0.1603,0.3313,38.85,24.903,0.03875,0.1183,22.518,0.4721,0.3777,0.3418,-2.486,-1.184,-1.185,0.003326,1.327,2.533,0.6068,0.7945,0.000448,88.734,4.165,4.394,0.0003133,2.731e-05,,6094605,1117,34,47,7,161,-1.7316643961222453,-0.2025251833464172,0.029557160410622046,0.21887603583842088,0.5778757280858772,-0.5509274749288053,-0.08637610095488968
52,offices_00484.jpg,1400,1.333,29.492,7.923,8.362,97.51,6.184,121.468,124.155,115.377,50.043,-2.246,4.436,0.2168,0.1661,0.5091,72.856,73.751,74.682,29.492,3.803,11.978,0.2212,0.1227,0.3032,22.182,25.694,0.04125,0.1217,19.569,0.3565,0.3728,0.2948,-2.504,-1.317,-1.22,0.002717,1.389,2.468,0.5464,0.7977,0.0004779,94.866,4.096,4.352,0.0002199,2.754e-05,,6517828,1216,47,41,37,140,-0.8097583129084779,0.08555750350924429,0.03562327797883438,0.25713546112167013,0.5679462818521198,0.3849282917061082,-0.325282871032059
53,highways_00377.jpg,1400,1.333,11.649,6.849,7.988,75.96,6.817,153.274,147.462,133.472,61.09,-0.2301,8.186,0.1199,0.1627,0.6164,37.533,29.526,30.435,11.649,5.256,8.66,0.1741,0.09191,0.1341,38.237,2.647,-0.00625,-0.01167,10.53,0.5291,0.5199,0.5044,-2.164,-1.159,-1.106,0.003075,1.595,2.596,0.7174,0.8069,0.000569,97.119,3.543,4.024,0.0001174,1.692e-05,,6285936,1059,65,20,14,156,-1.3894173338410671,0.7215222839823431,0.04784759759105998,0.27782010708464555,0.6727250307113821,0.22554555443877,0.5203251502235908
54,highways_00411.jpg,1400,1.333,20.825,6.582,4.945,39.254,5.527,95.259,110.658,110.731,44.631,-5.398,-1.761,0.4963,0.2025,0.4487,48.244,51.393,54.474,20.825,4.039,5.785,0.1103,0.1199,0.2088,22.511,24.667,0.0,0.1233,18.6,0.5293,0.3717,0.3355,-2.115,-1.107,-1.049,0.01064,1.489,2.554,0.4914,0.7085,0.0004004,90.195,3.899,4.294,0.000313,2.035e-05,,6584608,1180,59,28,52,129,-0.5613108660601503,0.46256226632381553,0.02459285051318629,0.17817878771559037,0.43606894575103683,0.7943290710094798,-0.13488926048770356
55,forests_00698.jpg,1400,1.333,25.0,7.676,25.797,176.726,7.047,91.104,83.707,77.348,34.889,2.425,4.547,0.01432,0.2775,0.3759,63.898,62.047,58.096,25.0,6.387,11.912,0.2074,0.1819,0.2527,57.393,10.112,0.0075,0.05,15.242,0.5884,0.5118,0.485,-2.022,-1.06,-0.9659,0.001645,1.724,2.793,0.7535,0.8678,0.0001694,94.787,4.305,4.514,9.98e-05,9.247e-06,,6535957,1190,47,48,9,164,-1.6255461309087054,-0.013193163115481318,0.06642769276866085,0.2579031590084181,0.4886955400722718,-0.3612000961305111,0.01903367957323432
56,highways_00415.jpg,1400,1.333,26.831,6.943,3.996,43.608,5.442,107.678,111.943,105.962,45.248,-2.853,2.773,0.294,0.0975,0.4407,67.099,66.986,65.286,26.831,1.795,2.752,0.126,0.06974,0.2617,38.063,30.671,-0.0025,0.1533,22.056,0.4421,0.2943,0.3015,-2.561,-1.323,-1.284,0.007128,1.007,2.422,0.5918,0.732,0.0005046,84.187,3.769,4.139,0.0002466,2.287e-05,,6387436,1204,36,48,10,165,-1.5792195192835747,-0.1800123697927051,0.029821714474238058,0.17817878771559037,0.4940372667405399,-0.40936818160288624,-0.1472631580485615
57,mountains_00107.jpg,1400,1.333,31.107,7.401,7.535,83.495,5.284,73.714,82.95,107.535,33.973,3.912,-15.1038,0.6227,0.4649,0.4268,75.546,77.892,76.372,31.107,5.855,12.976,0.1292,0.3239,0.3069,39.773,40.557,-0.02125,0.2017,30.937,0.5327,0.4011,0.3941,-2.398,-1.343,-1.189,0.003857,1.434,2.554,0.5184,0.7971,0.0004139,87.791,4.494,4.523,0.0002881,1.554e-05,,5675947,1033,39,34,24,132,-1.0200762327862014,0.08594913826421022,0.05421468819048093,0.2757727690040418,0.4912474526906122,0.20614296217948302,-0.214514704370649
58,highways_00373.jpg,1400,1.333,17.53,7.26,6.323,68.248,6.32,122.179,129.884,123.201,53.106,-3.684,2.88,0.1963,0.194,0.5363,48.104,43.917,52.275,17.53,6.567,12.719,0.2164,0.1699,0.1827,22.61,3.092,0.00375,-0.015,8.303,0.5151,0.3364,0.3318,-2.664,-1.228,-1.202,0.003287,1.42,2.491,0.6347,0.7631,0.0005609,94.49,3.919,4.141,0.0002203,2.644e-05,,6570827,1160,40,48,13,165,-1.4535633083711832,-0.11418529432142838,0.028867656773255916,0.23257484650566185,0.562813275154754,-0.26786368445157605,-0.15722129501866877
59,highways_00429.jpg,1400,1.333,18.987,6.85,3.416,35.989,5.434,132.659,136.832,137.687,56.112,-1.149,-0.6569,0.4682,0.1151,0.5596,44.202,48.976,55.538,18.987,2.555,5.211,0.2964,0.08452,0.199,26.288,18.016,0.00375,-0.09,9.339,0.485,0.2626,0.228,-2.665,-1.295,-1.268,0.008213,1.148,2.521,0.5268,0.6767,0.0005057,87.456,3.468,3.89,0.0004866,2.274e-05,,6260597,1209,58,25,13,161,-1.4415644358138213,0.5209384652264953,0.017541433779796972,0.19596029948559768,0.4317475242503581,0.07584215489820478,0.3770000625493335
60,forests_00111.jpg,1400,1.333,30.691,7.666,26.252,195.275,7.416,79.111,89.924,60.571,35.025,-7.476,13.046,0.2219,0.4359,0.377,70.632,79.062,65.05,30.691,15.342,23.189,0.2366,0.2631,0.3088,49.748,24.931,-0.03375,-0.12,10.849,0.5799,0.5418,0.5077,-2.027,-1.108,-0.9788,0.00236,1.669,2.746,0.6305,0.8622,0.0003073,93.896,4.351,4.512,0.0001037,8.379e-06,,6635177,1149,29,56,14,170,-1.4318948615205593,-0.40925444734403177,0.06347188517109384,0.26254011529738946,0.5019915066205767,-0.4043592625191197,-0.4197175498917659
61,beaches_00250.jpg,1400,1.333,14.965,7.011,6.824,64.324,5.002,118.826,131.157,144.231,54.204,0.544,-7.87,0.4879,0.3285,0.6224,42.473,36.824,52.495,14.965,2.854,21.129,0.339,0.1695,0.1831,10.905,4.366,-0.02125,0.005,10.058,0.513,0.258,0.2459,-2.407,-1.187,-1.142,0.004606,1.452,2.512,0.5524,0.7795,0.000567,89.187,3.651,4.088,0.0006093,2.541e-05,,6425735,1174,46,42,12,163,-1.4865153598558822,0.056999674358374317,0.027446827275984065,0.21273623370338327,0.5215694765709228,-0.20602078775606403,0.005768236323879461
62,beaches_00244.jpg,1400,1.333,16.524,6.734,7.396,67.177,5.795,130.794,143.069,138.432,57.961,-4.889,1.126,0.3743,0.2053,0.5853,43.645,41.045,44.604,16.524,4.271,9.103,0.194,0.1589,0.1677,3.205,3.056,-0.01375,0.006667,8.727,0.5568,0.3983,0.4077,-2.501,-1.098,-1.148,0.01206,1.768,2.596,0.6739,0.7944,0.0004783,61.507,2.646,3.405,0.0002012,1.912e-05,,6639719,1185,54,33,32,150,-0.9313967882247425,0.3072925712011558,0.03765521866391042,0.25780183344700347,0.6390210499971113,0.3978377654849635,-0.07270475557397904
63,mountains_00305.jpg,1400,1.333,20.228,7.212,7.434,57.914,5.607,89.922,105.916,129.42,43.719,1.299,-13.5867,0.63,0.3274,0.5275,37.48,50.884,75.936,20.228,2.806,18.314,0.2157,0.1685,0.2784,35.793,19.333,0.0,0.09667,16.44,0.5336,0.2943,0.265,-2.358,-1.192,-1.181,0.002563,1.358,2.583,0.5399,0.8172,0.0004112,88.762,4.233,4.419,0.0004694,1.882e-05,,5736925,1041,44,32,20,139,-1.1465386924619416,0.199201324789267,0.03158502610475221,0.2377520484198608,0.5820707998221969,0.1579842107370666,-0.051727892498642625
64,city_20081106_00032.jpg,1400,1.333,23.483,7.747,14.871,140.958,6.102,123.261,127.144,130.465,52.31,0.4254,-1.42,0.2804,0.2564,0.5654,54.271,60.071,73.625,23.483,6.602,15.454,0.3165,0.2151,0.2609,22.304,5.613,0.00875,-0.02667,10.632,0.4641,0.4256,0.4235,-2.28,-1.157,-1.094,0.004342,1.598,2.624,0.6735,0.8387,0.0004946,97.335,4.008,4.353,0.0002543,2.055e-05,,6090044,1053,37,38,8,162,-1.6740659078405433,-0.01671163299874855,0.03567576232607611,0.24298508838600455,0.893574465938211,-0.4043403276034381,0.04151631314443871
65,mountains_00339.jpg,1400,1.333,35.294,6.958,16.596,96.769,5.603,130.158,128.517,125.879,51.636,0.32,2.045,0.007151,0.1437,0.5211,88.728,90.804,94.774,35.294,2.129,5.494,0.2456,0.1655,0.3513,42.033,31.528,0.0175,0.1567,24.491,0.5431,0.4085,0.4044,-2.189,-0.9413,-1.054,0.00632,1.462,2.692,0.677,0.8514,0.0003755,86.343,4.423,4.485,0.0003321,2.08e-05,,5840470,1055,24,50,16,148,-1.2955749870976874,-0.4556403137378794,0.05862898002094099,0.2775506961943259,0.5303682642002377,-0.3127008351886287,-0.5307737944846596
66,mountains_00265.jpg,1400,1.333,21.379,7.064,7.213,42.645,4.734,118.589,164.795,189.811,64.659,-8.652,-17.6353,0.5569,0.3858,0.7452,46.77,58.145,63.55,21.379,5.306,7.786,0.02982,0.1164,0.2484,22.403,27.362,0.00625,-0.1367,8.532,0.635,0.2866,0.2752,-2.166,-0.9347,-1.045,0.01118,1.46,2.676,0.401,0.7863,0.0003269,87.125,4.441,4.508,0.0006157,1.386e-05,,5957930,1066,24,54,13,148,-1.400075592128028,-0.5024022233733555,0.03683347797156371,0.22595339332689224,0.49284774371623646,-0.42619002350317015,-0.5156987561706037
67,forests_00298.jpg,1400,1.333,21.199,7.662,25.684,132.367,6.529,74.081,89.74,63.806,35.284,-10.8659,12.414,0.3064,0.3543,0.3541,52.586,52.589,41.143,21.199,7.286,12.857,0.1136,0.1886,0.2059,47.225,9.697,0.0425,-0.02333,11.019,0.6395,0.5716,0.5468,-2.059,-0.8097,-0.9348,0.02042,1.794,2.725,0.8292,0.8655,0.0001424,97.264,4.311,4.49,9.547e-05,7.643e-06,,6379482,1152,38,51,14,155,-1.3862175852376641,-0.18410308767433475,0.03555500312880017,0.22728328825936348,0.5133565118039788,-0.24726194852840777,-0.2520870566435478
68,city_00625.jpg,1400,1.333,29.448,7.863,11.565,142.547,6.542,128.256,109.228,107.508,47.162,7.248,4.969,0.09889,0.3136,0.5254,83.079,73.748,76.917,29.448,19.243,12.72,0.3158,0.2995,0.3231,27.618,9.824,0.04125,-0.02667,15.002,0.4392,0.4,0.3702,-2.513,-1.516,-1.26,0.01248,1.426,2.563,0.6308,0.8046,0.0005095,96.725,4.101,4.4,0.0002313,2.1e-05,,5733665,959,43,26,8,156,-1.656794765815981,0.3138655076874214,0.03647847725907389,0.2335937399096119,0.709453085268047,-0.21606050452195236,0.31378501592072316
69,forests_00267.jpg,1400,1.333,20.613,7.346,29.184,124.509,5.285,47.369,64.162,21.369,24.048,-13.5216,20.785,0.2398,0.7111,0.2524,44.612,51.883,33.215,20.613,9.681,16.251,0.06837,0.237,0.2034,62.471,5.789,-0.01125,0.02667,14.292,0.6407,0.5181,0.5108,-1.639,-0.7137,-0.7455,0.006338,1.874,2.84,0.7423,0.8191,0.0002118,96.013,4.109,4.369,8.171e-05,7.524e-06,,6577363,1249,52,31,47,138,-0.6617864236924852,0.3226135220014941,0.05372294803401208,0.21698154710320505,0.46558805020210886,0.6353343524405513,-0.20123432952912013
70,beaches_00126.jpg,1400,1.333,15.37,6.849,4.322,49.04,4.749,152.002,152.501,153.173,63.298,2.732,-0.01866,0.593,0.3806,0.7387,65.397,36.878,42.968,15.37,8.62,24.973,0.2893,0.1492,0.1745,43.523,9.014,-0.0025,0.045,14.143,0.5585,0.2511,0.2381,-2.553,-1.296,-1.246,0.005527,1.321,2.471,0.4818,0.7175,0.0004821,93.81,2.634,3.182,0.0005228,2.123e-05,,6683560,1148,64,26,23,158,-1.1403424801575575,0.5566336210672109,0.02129658680662054,0.19712547980091288,0.5202243032267017,0.3509399695883342,0.24921116212135241
71,city_00619.jpg,1400,1.333,30.293,7.532,9.564,104.798,6.204,78.528,82.925,86.914,33.3,-0.1388,-2.786,0.5727,0.2927,0.3647,75.398,74.881,75.217,30.293,4.491,9.286,0.2398,0.2148,0.3117,51.172,36.168,0.03,0.1783,28.363,0.4736,0.2535,0.2318,-2.402,-1.239,-1.18,0.003549,1.415,2.598,0.4537,0.7946,0.0004169,84.281,4.154,4.424,0.0001911,1.839e-05,,5638525,1017,38,34,6,151,-1.7717677320963499,0.06968492031845568,0.034802425166674214,0.25421077281911003,0.6380349369462974,-0.442123853715531,0.16634586109900673
72,highways_00549.jpg,1400,1.333,16.067,7.352,13.702,120.465,6.281,89.116,94.953,111.393,39.979,2.568,-9.75,0.6618,0.2961,0.4574,39.895,39.162,44.23,16.067,3.406,12.389,0.1975,0.1638,0.1662,28.288,9.68,0.0025,0.04833,12.098,0.6413,0.4949,0.5114,-2.034,-1.27,-0.9694,0.006607,1.723,2.608,0.7259,0.8616,0.0004005,97.636,4.256,4.453,0.0001172,7.218e-06,,6660822,1219,70,24,26,150,-1.0462306709663467,0.6578441244318576,0.053543902461204426,0.29764693384517765,0.6641256938577986,0.4841779387110692,0.28592957990612544
73,beaches_00319.jpg,1400,1.333,11.941,6.64,7.337,54.445,4.555,166.86,177.387,182.458,72.179,0.9953,-2.728,0.4337,0.3924,0.8539,48.962,31.57,63.081,11.941,5.61,29.328,0.3896,0.1384,0.162,9.828,5.006,-0.00125,0.025,13.304,0.5199,0.2777,0.2417,-1.946,-0.9059,-0.8465,0.002516,1.558,2.588,0.5499,0.7111,0.0004065,82.937,4.257,4.34,0.0004566,2.682e-05,,6218301,1117,33,51,15,156,-1.3549339667142233,-0.2718800053992609,0.03368887056704743,0.20975175314321828,0.45064024151628457,-0.26672841573960326,-0.3432161339324355
74,forests_20081106_00023.jpg,1400,1.333,18.696,7.46,22.5,133.945,5.667,87.247,73.433,40.01,31.157,1.223,21.054,0.1159,0.5795,0.3462,49.377,44.768,35.23,18.696,7.478,12.561,0.05698,0.1831,0.1937,49.182,10.0,0.0,-0.05,9.276,0.6162,0.584,0.5592,-1.869,-0.9561,-0.9092,0.002552,1.802,2.697,0.8565,0.8601,0.0001737,96.448,4.144,4.465,9.339e-05,7.57e-06,,6465124,1194,56,37,43,126,-0.6605892893578299,0.2589174620436598,0.05535011605041966,0.1938934068969632,0.5215049143852888,0.6029073028674738,-0.2560714304805054
75,highways_00206.jpg,1400,1.333,24.758,7.069,5.431,48.336,5.794,128.916,147.181,147.301,58.636,-6.44,-1.983,0.4891,0.1833,0.5927,63.282,63.965,69.33,24.758,3.795,6.275,0.09235,0.1372,0.2603,32.381,20.333,0.0,0.1017,17.178,0.5084,0.3185,0.2962,-2.646,-1.306,-1.29,0.004579,1.102,2.519,0.5405,0.7498,0.000402,87.404,3.86,3.832,0.0003675,2.28e-05,,6598927,1167,50,40,35,146,-0.8655439003161597,0.13971029888186212,0.003201226461194732,0.058001027295195975,0.14128675062505897,0.36588683405319355,-0.249903962181234
76,forests_00266.jpg,1400,1.333,14.354,6.611,13.285,91.103,5.985,29.601,41.528,21.161,15.067,-8.442,10.225,0.2773,0.5929,0.1702,32.865,34.771,29.855,14.354,8.605,8.231,0.08834,0.2498,0.1405,80.056,10.993,0.01875,0.05167,15.199,0.551,0.446,0.4101,-1.925,-1.072,-0.9908,0.002197,1.739,2.583,0.7174,0.8369,0.0001591,93.213,4.371,4.528,9.386e-05,1.004e-05,,6314007,1124,37,50,8,160,-1.6683911939470795,-0.18838518473871077,0.05184011065376785,0.2250638960096416,0.4695423578236767,-0.4896541380244521,-0.10756609526189698
77,forests_00299.jpg,1400,1.333,20.704,7.36,17.575,111.59,7.056,57.162,64.175,57.294,25.552,-3.749,2.745,0.3575,0.3537,0.2665,50.91,49.838,46.868,20.704,6.017,9.414,0.2037,0.2529,0.2031,64.825,7.036,0.01125,-0.03333,12.726,0.5027,0.4725,0.3916,-2.045,-0.9661,-0.955,0.008314,1.693,2.69,0.6239,0.8447,0.0002148,93.928,4.436,4.478,0.0001085,1.063e-05,,6435670,1131,41,40,10,171,-1.5959621794553,0.01547363150245895,0.04554638437205643,0.19635349824752532,0.48759493794420516,-0.320970172629778,0.027896441692900176
78,mountains_00270.jpg,1400,1.333,15.175,7.168,7.322,78.097,4.013,86.464,143.667,184.447,57.416,-4.678,-26.8045,0.5681,0.5499,0.7233,55.007,39.71,29.747,15.175,3.871,11.673,0.01149,0.2403,0.1166,46.89,9.169,-0.00875,-0.045,7.967,0.6309,0.2658,0.2623,-2.506,-1.143,-1.177,0.006341,1.531,2.581,0.4171,0.8479,0.0003197,86.385,4.261,4.439,0.0006368,1.386e-05,,5985403,1064,42,37,29,133,-0.9191355220462102,0.0794070506315384,0.04226397242509028,0.26518926742898685,0.4747357864675525,0.2886133540926997,-0.27308483714298093
79,forests_00306.jpg,1400,1.333,14.541,7.214,9.861,84.653,4.683,105.332,114.871,42.929,45.883,-13.914,36.653,0.1819,0.6335,0.4564,31.556,39.281,22.05,14.541,8.763,11.839,0.02573,0.1443,0.1512,41.547,12.042,-0.045,-0.04,9.865,0.6538,0.5813,0.5737,-2.193,-1.33,-1.091,0.008351,1.639,2.599,0.8408,0.839,0.0002442,91.695,4.117,4.406,0.0001151,7.589e-06,,6518498,1143,67,26,38,132,-0.7603275406361331,0.5841196951370913,0.07813437556252646,0.26295254512988436,0.4975414450526684,0.6887840489261545,0.07306288201726707
80,forests_00312.jpg,1400,1.333,25.091,7.14,14.244,104.359,6.822,97.097,84.785,77.717,36.221,4.488,6.685,0.06795,0.3127,0.3923,62.691,65.755,68.809,25.091,9.552,10.634,0.2152,0.2714,0.242,78.966,25.061,-0.00875,0.125,23.994,0.5507,0.4363,0.4371,-2.243,-1.067,-1.062,0.003529,1.549,2.623,0.7826,0.8215,0.0003131,71.678,4.263,4.324,0.0001016,1.348e-05,,6690262,1321,55,44,5,170,-1.9022164957820151,0.13971029888186212,0.05439422259940312,0.27103305921802034,0.6634707407246483,-0.5163729125257244,0.294437667456273
81,offices_00126.jpg,1400,1.333,18.76,7.503,8.335,86.76,6.461,98.207,93.269,86.212,39.294,1.487,5.202,0.2274,0.2855,0.4167,44.461,46.077,49.134,18.76,6.663,10.0,0.3273,0.1781,0.1799,27.632,8.327,0.01625,0.03833,15.06,0.3909,0.3714,0.3493,-2.426,-1.25,-1.135,0.00478,1.419,2.469,0.6841,0.8064,0.0004698,96.982,3.737,4.201,0.0001697,2.289e-05,,6730711,1153,53,37,28,156,-1.0271542729149994,0.22468771507277532,0.03037659626172311,0.23341265933240554,0.5585410424499293,0.2729687984234931,-0.0927247254839616
82,highways_00616.jpg,1400,1.333,13.487,6.978,4.66,42.497,5.64,83.528,121.452,129.366,48.574,-8.984,-7.788,0.4708,0.3751,0.5332,32.238,35.761,49.165,13.487,3.973,15.262,0.117,0.2352,0.17,44.643,8.348,0.0025,0.04167,12.371,0.5555,0.3754,0.3506,-2.574,-1.225,-1.228,0.003949,1.455,2.542,0.5892,0.7612,0.0004284,87.494,3.852,4.119,0.0003787,2.433e-05,,6605569,1181,46,43,9,173,-1.65020458739169,0.04225911854129584,0.028394155286552147,0.1935753373495011,0.7073111848163973,-0.35306848173910854,0.07917411409490482
83,mountains_20081106_00094.jpg,1400,1.333,27.318,7.53,7.411,59.597,5.652,117.156,134.02,151.43,53.962,-1.219,-10.695,0.5784,0.2771,0.6063,63.019,69.535,81.99,27.318,2.625,13.292,0.1779,0.1893,0.3105,23.149,25.187,-0.0325,-0.1217,11.951,0.563,0.2955,0.2873,-2.381,-1.134,-1.112,0.006058,1.262,2.601,0.4531,0.7685,0.000321,87.768,4.372,4.42,0.0003874,1.733e-05,,5684736,989,28,41,13,149,-1.4034126358514012,-0.23836991039706376,0.026835643205596286,0.1947265394100053,0.5261943361180488,-0.2903905041674575,-0.28924194195515196
84,beaches_00251.jpg,1400,1.333,18.815,7.481,8.107,77.137,7.036,133.6,143.02,145.927,58.341,-2.336,-2.339,0.5209,0.2118,0.6125,55.143,47.246,53.738,18.815,8.305,10.658,0.2359,0.1155,0.2098,30.878,13.821,-0.0575,-0.03833,9.702,0.4259,0.3872,0.2921,-2.342,-1.074,-1.074,0.004912,1.403,2.5,0.6209,0.8101,0.000382,92.581,3.926,4.296,0.0002216,1.485e-05,,6469019,1183,63,26,14,160,-1.4019856220813867,0.5471587644779866,0.035707715474497484,0.2334756035453305,0.5813504268536392,0.12329358248755529,0.37853257977180066
85,beaches_00279.jpg,1400,1.333,20.226,7.18,7.225,70.653,5.117,116.359,132.136,137.713,53.731,-2.62,-3.778,0.5142,0.3718,0.6046,41.007,51.746,71.578,20.226,6.289,17.58,0.2303,0.1571,0.2285,20.927,12.042,-0.045,-0.04,10.342,0.2814,0.3279,0.2173,-2.395,-1.154,-1.151,0.003254,1.441,2.606,0.4198,0.6971,0.00034,91.904,4.436,4.445,0.0004689,2.339e-05,,6750501,1191,59,30,27,157,-1.0505218274200787,0.42044924012247076,0.026803285588930602,0.22742553830837833,0.5732000780804012,0.35587336754778154,0.08614799382126526
86,city_00234.jpg,1400,1.333,25.63,7.489,11.07,120.224,6.171,137.329,134.273,136.417,55.278,1.826,-0.5842,0.887,0.1074,0.5595,65.388,66.901,67.651,25.63,5.023,6.529,0.2504,0.1139,0.2536,57.106,13.851,-0.05875,0.03667,18.48,0.5068,0.451,0.4193,-2.351,-1.233,-1.12,0.004596,1.469,2.591,0.6346,0.8084,0.0006081,87.748,3.532,4.05,0.0002167,1.693e-05,,6084451,1059,51,31,6,162,-1.8027430907391904,0.31060942538225567,0.03772871169914091,0.24236243104849708,0.7066923048940814,-0.3419794821042006,0.3876492610228699
87,forests_00689.jpg,1400,1.333,22.03,7.746,29.591,145.779,7.219,92.402,103.581,65.138,41.457,-9.607,19.051,0.2077,0.4923,0.4363,55.219,56.651,56.884,22.03,14.862,20.796,0.1664,0.2711,0.2234,45.982,11.038,0.04125,0.03667,15.554,0.644,0.5699,0.5602,-1.664,-0.8862,-0.7949,0.00307,1.825,2.816,0.888,0.8718,0.0001693,95.618,4.48,4.545,7.165e-05,9.081e-06,,6350873,1099,37,52,13,155,-1.4229111803109862,-0.21282857567659552,0.07386146917935116,0.28757044255919867,0.5405996700583845,-0.29357335007574714,-0.25726659977919564
88,highways_00428.jpg,1400,1.333,15.296,6.991,4.354,49.719,4.851,126.293,144.944,161.314,58.884,-2.589,-10.5166,0.5597,0.2201,0.6379,35.226,38.992,48.297,15.296,2.606,8.995,0.1299,0.1288,0.1818,10.634,11.294,-0.02625,-0.05,10.437,0.5058,0.237,0.2212,-2.464,-1.294,-1.18,0.003415,1.305,2.487,0.3611,0.6755,0.0005282,80.73,3.82,4.213,0.0005648,2.036e-05,,6300407,1184,62,22,22,151,-1.1398824918863322,0.6374841609623771,0.022628217993725754,0.22005935061009918,0.4207431674940885,0.39378487932499806,0.31777744465297775
89,highways_00414.jpg,1400,1.333,12.634,6.617,5.685,54.272,5.721,99.502,118.205,118.443,48.076,-6.088,-2.094,0.3909,0.2309,0.4914,30.049,31.337,39.105,12.634,2.967,9.799,0.1665,0.1719,0.1445,10.348,2.5,-0.0075,0.01,8.411,0.4741,0.3083,0.2934,-2.341,-1.13,-1.092,0.005381,1.435,2.494,0.6031,0.7821,0.0005043,98.944,3.734,4.066,0.0003308,2.444e-05,,6647211,1174,69,26,40,135,-0.7435597568794307,0.6017081544392773,0.021124831648592583,0.25875897611596366,0.5454049304924984,0.7122897066948863,0.0792270142023721
90,mountains_00106.jpg,1400,1.333,25.286,7.356,9.267,93.555,4.169,85.655,97.434,144.243,41.274,8.354,-26.3097,0.6401,0.4127,0.5659,57.067,61.384,78.459,25.286,6.214,14.863,0.09633,0.1947,0.3076,12.78,18.291,-0.03375,0.085,18.252,0.4893,0.3673,0.3422,-2.36,-1.242,-1.122,0.002013,1.509,2.646,0.4855,0.8396,0.0004163,96.761,4.44,4.504,0.0004193,1.289e-05,,5814133,963,36,41,20,141,-1.1541291966340235,-0.08147408306069102,0.04354344525747259,0.2512972264552819,0.5132686044644228,0.0041457607838113475,-0.28661090942687095
91,highways_00402.jpg,1400,1.333,17.682,7.367,6.436,49.51,6.472,86.586,102.915,112.417,42.21,-2.164,-6.232,0.4337,0.3223,0.4763,36.461,42.827,65.346,17.682,4.469,18.716,0.2754,0.2131,0.2347,16.862,9.138,0.03125,0.03333,15.063,0.3591,0.3543,0.2854,-2.395,-1.233,-1.189,0.004061,1.453,2.53,0.6512,0.7384,0.0004374,96.441,4.267,4.284,0.0003833,2.289e-05,,6379561,1069,43,42,18,156,-1.2621451766228076,0.014745406527902915,0.030942028908030644,0.23376931365751344,0.555141150188376,-0.037257742649734915,-0.1480057435308797
92,mountains_00104.jpg,1400,1.333,30.41,6.936,8.881,102.138,4.949,143.668,156.958,186.798,63.391,3.754,-17.9781,0.6222,0.3026,0.7327,85.112,81.253,62.102,30.41,6.045,13.457,0.1178,0.2344,0.2437,32.566,11.49,0.0525,-0.02333,18.735,0.4782,0.4459,0.4047,-2.7,-1.241,-1.252,0.005704,1.297,2.528,0.7102,0.8477,0.0003593,96.849,4.522,4.498,0.0003384,1.721e-05,,5712572,1088,33,42,16,142,-1.27437190141839,-0.15096921549677725,0.05542305129309189,0.2726297220636947,0.5847414877518371,-0.13467761751575758,-0.2826170236417901
93,highways_00370.jpg,1400,1.333,28.695,6.677,6.558,78.19,5.502,90.654,103.228,107.048,41.339,-3.471,-3.755,0.5584,0.2402,0.4245,78.898,73.232,71.645,28.695,5.432,4.459,0.169,0.1979,0.2806,71.57,25.353,0.005,0.1267,24.769,0.4512,0.3825,0.3683,-2.601,-1.551,-1.268,0.005759,1.372,2.446,0.659,0.7844,0.0005944,74.308,4.051,4.316,0.0002815,1.996e-05,,6379685,1102,57,29,18,156,-1.2621451766228076,0.42009150993941113,0.029557160410622046,0.2893603745035325,0.5024823213386894,0.17558357240314404,0.19696387564949736
94,highways_00416.jpg,1400,1.333,15.017,6.935,5.848,67.859,6.042,95.062,125.0,122.842,50.038,-9.718,-1.637,0.454,0.3009,0.517,42.825,38.184,47.042,15.017,7.951,10.668,0.1191,0.219,0.1679,32.403,9.031,0.00375,0.045,13.261,0.4631,0.38,0.3412,-2.252,-1.312,-1.155,0.01371,1.392,2.49,0.5795,0.7722,0.000532,91.916,3.648,4.226,0.0003161,2.319e-05,,6436830,1124,67,21,36,137,-0.8130577106552724,0.7106958574551973,0.03497514818558427,0.2828303939287449,0.6306614172760104,0.7103713544353676,0.20847330974821676
95,mountains_20081106_00069.jpg,1400,1.333,32.661,7.44,11.926,77.621,5.76,129.844,133.987,138.295,53.799,-0.4703,-2.957,0.5942,0.1297,0.5486,84.027,83.061,82.119,32.661,1.886,4.909,0.1958,0.1254,0.3211,34.113,28.676,0.00375,0.1433,20.697,0.487,0.2858,0.2624,-1.984,-0.9572,-0.8868,0.01663,1.512,2.694,0.4146,0.8355,0.0004929,91.228,4.518,4.496,0.0003278,2.052e-05,,5738238,1017,23,50,19,142,-1.1849812896437855,-0.48153404903576297,0.047118799231690385,0.25225697095573507,0.5315264259314024,-0.2321765406480365,-0.610881780559345
96,highways_00358.jpg,1400,1.333,15.681,6.747,3.662,43.667,5.226,116.318,145.013,135.415,57.562,-11.3489,2.294,0.4209,0.2945,0.5798,39.421,40.512,52.407,15.681,5.363,11.469,0.1444,0.1724,0.1634,14.999,10.515,-0.01625,-0.05,9.769,0.4382,0.2671,0.2427,-2.631,-1.219,-1.222,0.003508,1.329,2.474,0.3736,0.6893,0.0006777,86.854,3.697,4.075,0.0005496,2.488e-05,,6617209,1091,60,27,23,158,-1.1403424801575575,0.49487316356862393,0.028236733375032675,0.26809964305109824,0.4950315598656033,0.3185104559415194,0.19664995251706507
97,city_00222.jpg,1400,1.333,23.406,7.828,9.042,102.428,6.892,100.187,105.988,108.514,43.501,-0.9322,-1.788,0.5085,0.2263,0.4623,60.065,57.662,64.157,23.406,5.688,13.146,0.3179,0.1832,0.2558,40.861,17.01,-0.06625,0.05333,15.878,0.4818,0.3603,0.3493,-2.58,-1.318,-1.186,0.003065,1.466,2.575,0.5565,0.8037,0.0004549,93.013,4.215,4.439,0.0001833,1.982e-05,,5343462,925,33,31,6,146,-1.7568266072519054,0.039176085503097625,0.03549714672715907,0.211484277260586,0.4973657613958987,-0.44542795942629354,0.13253596463569028
98,beaches_00253.jpg,1400,1.333,20.368,7.576,21.127,107.051,6.154,120.558,117.362,117.342,49.241,3.204,0.9653,0.02494,0.3316,0.559,55.171,50.256,57.874,20.368,4.434,18.961,0.2581,0.1562,0.2303,18.932,4.831,0.00625,0.02333,10.004,0.5652,0.3614,0.3413,-1.774,-0.8203,-0.6814,0.01101,1.774,2.79,0.5279,0.8293,0.0003533,98.824,4.048,4.31,0.0002519,2.184e-05,,6234739,1087,55,32,17,152,-1.2781871895192043,0.33764306630111174,0.0544069873988483,0.22862851570024487,0.5215326934564626,0.11863855170718296,0.1352195912655758
99,mountains_20081106_00096.jpg,1400,1.333,37.711,7.323,4.999,43.647,5.888,115.959,134.846,154.269,53.256,0.7319,-13.6346,0.5826,0.4576,0.6133,99.581,96.747,84.003,37.711,7.201,11.998,0.1357,0.3956,0.3332,26.878,37.786,0.015,0.1883,24.75,0.5176,0.4422,0.3897,-2.566,-1.22,-1.282,0.0111,1.447,2.602,0.5536,0.6709,0.000372,88.136,4.236,4.408,0.0004087,1.919e-05,,5363080,917,37,26,23,134,-1.051577074425166,0.22060908646341357,0.037556813400183804,0.21978273837800524,0.49048090870272293,0.25004215589530643,-0.08337178437846693
100,highways_00600.jpg,1400,1.333,24.626,6.996,3.589,41.355,5.327,136.074,142.185,146.01,57.709,-1.04,-2.331,0.5354,0.1534,0.6006,55.637,62.76,72.113,24.626,2.316,8.874,0.2647,0.07325,0.2666,27.062,27.001,0.00125,-0.135,8.893,0.4943,0.2643,0.2187,-2.692,-1.267,-1.336,0.008266,1.207,2.474,0.5087,0.7063,0.0006048,87.398,2.886,3.406,0.0005081,2.357e-05,,6629212,1196,45,49,14,160,-1.4019856220813867,-0.05335782447101844,0.017541433779796972,0.23485075805916725,0.46326079473021314,-0.19202890224154445,-0.13253679343228308
101,mountains_00306.jpg,1400,1.333,19.858,7.441,16.265,71.88,6.558,71.022,86.244,102.537,35.731,1.563,-11.1772,0.5705,0.4992,0.4412,59.203,49.05,42.397,19.858,6.831,18.69,0.2342,0.251,0.1721,59.428,11.797,-0.00875,-0.05833,13.967,0.5598,0.1571,0.1371,-1.928,-0.9722,-0.8698,0.007808,1.724,2.751,0.5481,0.764,0.0002764,84.981,4.355,4.455,0.0003645,1.209e-05,,5746676,1059,31,38,21,146,-1.1467208607643733,-0.12749235373106182,0.03944106561903366,0.2505703092749906,0.5437522054061692,-0.013712899707315929,-0.3296647469017315
102,offices_00656.jpg,1400,1.333,18.191,7.43,8.831,92.622,4.808,136.195,128.277,94.108,53.018,-2.216,19.693,0.1363,0.351,0.5378,45.009,46.44,46.874,18.191,3.448,9.349,0.06418,0.1577,0.1782,31.79,3.4,-0.01625,0.005,12.62,0.4858,0.3173,0.3015,-2.309,-1.285,-1.117,0.004168,1.441,2.445,0.5989,0.7684,0.0007736,96.337,3.016,3.536,0.0002254,2.464e-05,,6778523,1163,46,44,12,173,-1.5151685328040494,0.027855026985458622,0.04053622008236031,0.2051071874767688,0.6186583905892006,-0.24570948612628185,-0.003989940358628541
103,offices_00124.jpg,1400,1.333,20.654,7.415,7.179,72.409,5.798,100.248,76.489,73.236,34.353,10.472,6.584,0.00633,0.4227,0.4098,46.36,52.873,60.062,20.654,6.993,10.571,0.1304,0.2258,0.2012,77.424,12.676,-0.04625,0.04333,16.182,0.4236,0.317,0.2482,-2.377,-1.287,-1.205,0.04639,1.274,2.56,0.4766,0.7739,0.0006019,74.868,3.881,4.143,0.0003191,2.429e-05,,6484560,1192,48,40,10,166,-1.582057854709355,0.11418529432142824,0.050449844779109035,0.2239680234130362,0.6571850460772031,-0.25730485175751583,0.10460400026021799
104,forests_00310.jpg,1400,1.333,25.238,7.673,28.974,160.48,6.272,121.175,77.965,57.558,37.172,16.692,19.493,0.04399,0.5842,0.4798,68.427,64.637,66.848,25.238,14.351,18.66,0.1185,0.3037,0.2647,63.586,19.536,0.03375,0.09167,16.874,0.6498,0.4955,0.4713,-1.953,-0.8771,-0.9285,0.007998,1.814,2.797,0.8478,0.8357,0.0001965,92.285,4.088,4.417,7.694e-05,8.882e-06,,6523549,1212,57,25,16,167,-1.3567414157678688,0.5104216426632188,0.08913449900610028,0.28306263138673643,0.5640173097247412,0.14250851816407406,0.323510397234932
105,highways_00199.jpg,1400,1.333,10.731,6.688,4.892,55.403,5.185,113.922,136.679,148.901,55.764,-3.456,-8.682,0.4753,0.3115,0.6164,37.929,27.238,38.452,10.731,3.586,16.795,0.229,0.2003,0.1266,20.525,2.236,-0.005,0.01,8.977,0.4968,0.2986,0.2809,-2.458,-1.145,-1.037,0.005687,1.413,2.448,0.4631,0.6816,0.000537,95.216,4.083,4.254,0.000407,3.397e-05,,6495392,1151,56,31,26,153,-1.057019269263417,0.36830787909341056,0.026233236257975544,0.2121531321891511,0.4922834235847851,0.32296505591940206,0.04518482370175625
106,beaches_20081106_00052.jpg,1400,1.333,14.609,6.955,9.033,73.174,5.993,108.067,122.575,161.366,51.614,5.839,-21.81,0.6667,0.3663,0.6395,42.128,36.62,47.831,14.609,5.086,14.385,0.1165,0.2092,0.1826,24.343,1.53,0.00375,-0.006667,8.862,0.5626,0.4351,0.415,-2.193,-1.096,-1.156,0.01571,1.649,2.606,0.7712,0.7841,0.0004549,97.85,3.346,3.744,0.0002459,2.251e-05,,6156088,1098,49,33,7,161,-1.7316643961222453,0.24703899073897723,0.03355505889350037,0.19272847357208958,0.5563990511764609,-0.31486789718110386,0.29622528740466647
107,city_00140.jpg,1400,1.333,22.224,7.505,15.032,95.528,6.279,135.999,142.796,126.502,57.553,-5.483,8.132,0.252,0.1824,0.5637,57.225,56.306,62.754,22.224,4.645,8.271,0.1212,0.1843,0.2192,21.619,3.056,-0.01375,0.006667,12.346,0.5817,0.3637,0.3445,-2.102,-0.8644,-0.9204,0.009602,1.58,2.679,0.6165,0.8299,0.0002785,92.568,4.342,4.495,0.0001558,1.45e-05,,5375161,968,35,30,3,149,-2.05921460987167,0.09655861528963908,0.02855570455745558,0.2380602354785118,0.6581101500548032,-0.6726444054028944,0.3401508618151474
108,beaches_00119.jpg,1400,1.333,19.601,7.224,5.461,52.583,5.212,142.396,139.158,137.815,57.628,1.604,1.605,0.6003,0.2523,0.6141,48.131,47.969,60.95,19.601,3.429,12.553,0.3722,0.1615,0.2048,3.994,12.412,0.05125,-0.035,10.724,0.4471,0.2491,0.211,-2.55,-1.18,-1.119,0.002932,1.676,2.55,0.5199,0.7161,0.000458,72.416,4.052,4.281,0.0003739,2.099e-05,,6655907,1195,55,33,32,149,-0.927646130761364,0.31863936396437514,0.028282586753859425,0.1823083581095384,0.37527378139838774,0.40698779588850864,-0.0650174881119191
109,city_00626.jpg,1400,1.333,19.482,6.726,10.268,94.341,5.636,52.667,39.049,22.811,16.521,3.961,11.355,0.03225,0.6277,0.2099,53.05,46.185,37.276,19.482,5.279,14.723,0.1319,0.2314,0.2095,81.763,20.1,0.01,-0.1,14.052,0.4799,0.3818,0.3694,-2.368,-1.256,-1.153,0.002643,1.583,2.542,0.5435,0.7837,0.0003323,85.651,4.345,4.503,0.0001336,1.739e-05,,5420383,991,38,26,10,146,-1.5212180464259335,0.23720210932878769,0.04372415642170807,0.2728389636322028,0.5607144294684181,-0.14093282849808908,0.17735131120038794
110,offices_20081106_00036.jpg,1400,1.333,26.385,7.758,9.805,99.032,6.445,95.346,97.453,87.937,39.629,-2.541,5.383,0.2102,0.2338,0.3973,65.662,64.506,68.906,26.385,4.251,8.556,0.1595,0.1912,0.2669,44.871,27.389,0.03125,0.1333,23.604,0.5084,0.4156,0.3967,-2.259,-1.22,-1.114,0.002736,1.327,2.582,0.5429,0.8177,0.0005962,85.864,3.957,4.339,0.0001497,1.595e-05,,6608804,1132,52,37,10,170,-1.5932188180230507,0.21282857567659552,0.042413464565358515,0.24646375558216355,0.7159233867405329,-0.21500723913350273,0.19441477926203543
111,forests_20081106_00009.jpg,1400,1.333,23.034,7.798,21.149,164.771,6.672,85.37,103.287,70.999,40.5,-12.2701,15.629,0.2657,0.409,0.4107,51.134,59.047,52.93,23.034,9.273,13.283,0.1163,0.1967,0.2306,39.622,6.412,0.005,0.03167,14.701,0.6096,0.5879,0.5824,-2.147,-1.144,-1.068,0.001537,1.707,2.76,0.7823,0.8628,0.0002269,97.4,4.422,4.504,9.956e-05,7.654e-06,,6622103,1191,47,37,15,170,-1.397836528971104,0.14976201244462692,0.047798682493866984,0.24035081963815316,0.7975810615626199,-0.08184256050358596,0.03814962435390745
112,offices_00508.jpg,1400,1.333,25.502,7.522,7.515,91.523,5.905,100.97,101.327,102.715,42.08,1.258,-0.6051,0.01642,0.2439,0.4444,66.223,62.806,61.595,25.502,6.328,12.957,0.2571,0.2354,0.2509,14.383,18.765,-0.02,0.09167,18.282,0.3744,0.3843,0.3121,-2.576,-1.373,-1.283,0.005315,1.394,2.432,0.5039,0.7762,0.0007751,96.675,3.737,4.021,0.0002281,3.559e-05,,6417174,1151,41,45,27,148,-1.018224184794537,-0.058326735272993036,0.030470825365528746,0.19093329701630987,0.6815578186450124,0.13196199408677423,-0.33827310505324915
113,city_00430.jpg,1400,1.333,30.014,7.414,10.857,128.302,6.68,115.436,119.375,122.745,48.365,-0.2071,-2.263,0.6364,0.212,0.5052,75.738,76.616,77.06,30.014,5.086,9.323,0.3024,0.1724,0.2917,42.868,24.105,0.01125,0.12,22.079,0.4492,0.4997,0.4308,-2.483,-1.375,-1.25,0.001799,1.453,2.527,0.6521,0.8227,0.0005302,92.192,4.375,4.471,0.0002944,1.725e-05,,5404197,965,38,27,3,151,-2.064598144680146,0.21371510579760294,0.04159100612554414,0.28188004334412986,0.7348839743715114,-0.6157088992768085,0.4426836558731615
114,city_00424.jpg,1400,1.333,26.946,7.907,13.632,120.791,6.346,113.889,112.145,106.356,45.957,-0.05109,3.859,0.126,0.2205,0.4737,65.946,67.236,74.794,26.946,5.076,9.813,0.2174,0.2031,0.281,41.286,7.98,-0.03625,0.01667,17.591,0.4463,0.4381,0.438,-2.351,-1.129,-1.139,0.003859,1.531,2.62,0.7141,0.8241,0.0004263,93.939,4.104,4.416,0.0001883,1.7e-05,,5462952,945,39,26,10,147,-1.524481258598941,0.2533471031357997,0.03840726503835855,0.24130820711695944,0.6738819538554838,-0.1352324834513965,0.19280496594815455
115,city_00342.jpg,1400,1.333,27.809,7.91,20.786,159.085,6.609,115.969,123.356,118.89,49.813,-2.831,1.731,0.2623,0.2427,0.5078,72.285,69.761,73.402,27.809,6.666,11.794,0.256,0.2595,0.2743,34.209,8.894,-0.01,-0.04333,12.337,0.5227,0.4606,0.4318,-2.175,-0.9957,-0.9944,0.004802,1.648,2.737,0.6705,0.854,0.0003298,96.566,4.225,4.466,0.000127,1.347e-05,,5944663,1003,45,37,5,157,-1.8682416548639305,0.12258084388880255,0.040005142983059204,0.2335937399096119,0.6390421421183523,-0.4964530659096922,0.26201996003328953
116,offices_00291.jpg,1400,1.333,25.119,7.318,5.445,80.827,5.793,66.996,63.207,58.236,25.678,0.7718,3.319,0.07996,0.1685,0.2693,63.141,60.654,56.771,25.119,4.499,7.445,0.1489,0.1231,0.2505,58.524,9.985,-0.0275,0.04167,18.916,0.3391,0.3174,0.315,-3.119,-1.558,-1.53,0.002607,1.234,2.383,0.6476,0.7494,0.0004868,91.24,3.862,4.127,0.0002065,2.367e-05,,6392873,1169,62,27,17,154,-1.284890905709372,0.5147301911679583,0.03587050043944681,0.2280385312500109,0.5180590642427496,0.2059192183192925,0.2894495327170017
117,city_00343.jpg,1400,1.333,26.0,7.235,11.549,98.18,6.248,137.6,143.342,138.225,57.8,-2.811,2.488,0.3776,0.1542,0.5813,62.355,66.182,74.422,26.0,4.03,9.459,0.2221,0.1256,0.2673,24.782,21.759,-0.01,-0.1083,11.887,0.4308,0.3165,0.2861,-2.109,-1.149,-1.094,0.003332,1.51,2.614,0.5909,0.8076,0.0004213,92.355,4.024,4.329,0.0003493,2.069e-05,,5974132,1056,49,30,6,159,-1.7945384156293687,0.3061457562387048,0.028666187791619054,0.22864794471467292,0.5608514776663399,-0.33734070447235864,0.37954230240923814
118,forests_20081106_00020.jpg,1400,1.333,19.388,7.407,14.912,119.209,4.961,62.467,72.63,23.618,28.156,-11.4014,24.678,0.1869,0.6712,0.2879,42.259,48.329,29.677,19.388,8.769,16.066,0.03896,0.2357,0.1879,41.029,16.664,0.0425,0.07167,17.745,0.5174,0.6176,0.4981,-2.001,-1.238,-1.068,0.006133,1.691,2.645,0.7691,0.8514,0.0002002,93.729,4.408,4.519,0.0001011,7.497e-06,,6434483,1193,43,49,9,159,-1.6111691623526772,-0.08182910819541807,0.045232435474864344,0.23565831159832554,0.4163652251842685,-0.3850043151960485,-0.046928046727378936
119,highways_00205.jpg,1400,1.333,27.356,7.478,8.412,81.167,6.645,125.763,130.963,125.03,52.902,-3.242,2.964,0.3215,0.1572,0.526,73.929,69.669,76.374,27.356,5.289,7.678,0.2624,0.1472,0.2766,60.838,22.864,0.015,0.1133,21.319,0.5288,0.3791,0.3675,-2.418,-1.164,-1.129,0.003546,1.515,2.545,0.6492,0.8058,0.0007131,80.351,4.038,4.334,0.0003675,2.019e-05,,6596347,1109,45,48,13,162,-1.4445958876499954,-0.04044050856564621,0.032691925254246565,0.24121919999816535,0.62371592035448,-0.22150965580387294,-0.09916948980397355
120,highways_00577.jpg,1400,1.333,17.296,7.391,11.665,88.393,6.927,100.592,112.003,101.546,45.523,-6.314,4.42,0.3891,0.2153,0.4518,47.381,41.941,42.597,17.296,6.321,8.199,0.1798,0.1225,0.1667,29.473,10.584,-0.0475,0.02333,12.101,0.4709,0.4902,0.422,-2.106,-1.018,-0.887,0.003027,1.605,2.686,0.7373,0.8423,0.0004593,97.151,4.407,4.455,0.0001109,1.333e-05,,6674439,1270,57,33,7,173,-1.7637280406336864,0.3406948270877954,0.05063522469400844,0.3540099918156084,0.5371542013796036,-0.292978336483378,0.3927671959936996
121,mountains_00703.jpg,1400,1.333,33.705,7.136,12.032,113.695,5.385,87.745,96.829,105.49,38.667,0.6031,-5.794,0.4774,0.2845,0.4268,87.141,84.534,83.989,33.705,2.638,13.608,0.265,0.3085,0.3228,47.662,24.174,-0.0825,0.08833,27.391,0.4185,0.4272,0.3807,-2.371,-1.172,-1.116,0.004346,1.398,2.627,0.6774,0.8503,0.0002841,90.261,4.406,4.512,0.0003152,2.077e-05,,5842078,1036,32,41,10,155,-1.5497059007365892,-0.1551382491226637,0.04476225651196441,0.26582682971325106,0.6454378860520711,-0.37118959255333683,-0.14159121860685564
122,highways_20081106_00098.jpg,1400,1.333,29.235,7.361,8.72,75.824,6.246,140.675,145.304,145.48,58.55,-1.182,-0.2053,0.5972,0.1715,0.6073,70.779,76.093,86.623,29.235,4.893,12.177,0.2463,0.1398,0.3136,39.215,22.606,-0.0175,0.1117,19.829,0.5008,0.3433,0.3204,-2.314,-1.074,-1.125,0.01076,1.33,2.442,0.4654,0.7626,0.0005165,86.213,4.265,4.196,0.0002558,2.173e-05,,6593135,1263,45,44,28,152,-1.0128933374446916,0.014082646784930647,0.030441119372678155,0.26214774473511343,0.4923739932052565,0.17451991763500374,-0.2794482830242726
123,forests_00265.jpg,1400,1.333,21.782,7.517,18.129,153.462,5.873,62.237,78.122,32.222,30.039,-13.6845,23.229,0.2211,0.6696,0.3139,52.084,55.094,42.761,21.782,10.677,13.063,0.06485,0.2335,0.2183,75.005,9.653,0.02125,0.04333,16.611,0.6226,0.4618,0.46,-2.135,-1.149,-1.117,0.005957,1.724,2.698,0.7259,0.8353,0.0001611,90.221,4.485,4.516,9.323e-05,7.65e-06,,6650658,1336,59,39,16,159,-1.332009268549055,0.2586330669514177,0.0453066302407799,0.2529844851864744,0.4870657177426362,0.03134629954898671,0.09623935394608274
124,beaches_20081106_00053.jpg,1400,1.333,16.922,6.654,5.57,52.678,5.84,156.613,160.746,158.153,65.41,-1.391,1.184,0.3038,0.2098,0.6864,47.211,41.437,52.216,16.922,4.568,13.458,0.3051,0.1328,0.1839,2.63,9.006,-0.035,0.02833,14.077,0.3595,0.2539,0.2255,-2.426,-1.219,-1.191,0.003787,1.407,2.518,0.5027,0.7066,0.0004007,77.615,4.205,4.388,0.0003118,2.155e-05,,6288688,1042,68,19,64,105,-0.3089015079340309,0.7776394297984391,0.026437413866086574,0.2357526756228375,0.44618605695763613,1.1745843557406184,0.0007205527519550392
125,beaches_20081106_00047.jpg,1400,1.333,22.779,7.782,8.503,80.297,5.776,127.317,138.919,136.96,56.297,-2.851,-0.3756,0.5076,0.3127,0.6108,66.618,57.617,56.579,22.779,4.76,18.543,0.2129,0.1736,0.2346,28.372,7.246,-0.03125,-0.01833,9.625,0.4529,0.3627,0.3377,-2.502,-1.254,-1.163,0.01013,1.419,2.575,0.7095,0.7618,0.0006014,95.699,3.536,3.936,0.0002057,2.168e-05,,6116132,1133,39,45,11,156,-1.5072892691559818,-0.08964235107576254,0.04379334330174156,0.26485885779337087,0.6296472749734362,-0.3006999984171841,-0.10812331735602265
126,offices_00643.jpg,1400,1.333,31.275,7.742,8.701,112.249,5.854,130.423,105.3,88.122,44.729,7.986,12.256,0.04749,0.3823,0.5143,85.101,76.697,67.941,31.275,5.899,16.765,0.07934,0.1756,0.3327,33.662,13.086,0.0075,0.065,20.11,0.3158,0.2805,0.2581,-2.676,-1.393,-1.366,0.003616,1.278,2.392,0.5235,0.789,0.0006977,95.647,4.069,4.245,0.0002375,3.434e-05,,6592079,1250,51,40,22,156,-1.1571991346000292,0.15208375204759333,0.03891998502991664,0.22409633960742076,0.6366864705376653,0.12417089738890896,-0.08622963923798499
127,offices_00657.jpg,1400,1.333,24.663,7.367,5.538,71.193,5.947,98.016,92.574,82.34,38.45,0.6702,6.616,0.1065,0.2826,0.3963,59.545,59.556,60.417,24.663,6.219,9.283,0.1323,0.2114,0.2372,20.787,12.45,-0.05625,-0.02667,10.824,0.3175,0.3136,0.2578,-2.753,-1.404,-1.355,0.001864,1.279,2.421,0.6272,0.7771,0.0005875,97.721,4.311,4.371,0.0001995,3.217e-05,,6393734,1149,40,47,18,155,-1.258827941673618,-0.1010128873426934,0.026776843634487808,0.22390692060777467,0.6384675237497004,-0.09521759972202681,-0.24826361911030215
128,mountains_00307.jpg,1400,1.333,25.452,7.853,15.407,134.044,6.39,134.851,129.82,123.811,53.53,1.339,4.124,0.0871,0.2038,0.5511,67.142,64.807,66.536,25.452,4.467,10.864,0.2265,0.196,0.2512,32.593,17.479,-0.01125,0.08667,17.695,0.5758,0.4479,0.4358,-2.327,-1.18,-1.125,0.002973,1.604,2.677,0.6477,0.857,0.0002838,95.638,4.485,4.519,0.0001684,1.049e-05,,6085491,1049,28,56,8,157,-1.6597254506257415,-0.43072729929545756,0.039257553743464776,0.2724924152741609,0.4720624334926216,-0.6095294637584876,-0.3183614981418117
129,beaches_00252.jpg,1400,1.333,18.013,7.494,10.167,82.166,6.964,110.805,123.796,123.936,50.714,-3.302,-1.021,0.4541,0.3284,0.5416,56.606,44.374,52.123,18.013,8.738,13.746,0.2907,0.2002,0.1891,25.998,8.246,-0.04,-0.01,10.596,0.443,0.3548,0.2883,-2.181,-1.077,-1.036,0.007111,1.447,2.63,0.5879,0.8064,0.0003974,95.492,3.961,4.327,0.0002348,1.918e-05,,6154098,1064,61,23,22,146,-1.121900467462352,0.6013317483706249,0.034756119354198874,0.2161093633898298,0.5813504268536392,0.39010536962161746,0.2775678519302003
130,offices_00455.jpg,1400,1.333,18.959,7.418,9.27,94.329,5.607,96.068,89.833,78.596,37.812,0.8613,7.266,0.1108,0.2224,0.3865,51.766,45.106,42.5,18.959,5.564,10.665,0.1432,0.2024,0.2011,20.667,6.25,0.00875,0.03,12.052,0.3791,0.3113,0.3448,-2.556,-1.274,-1.319,0.003373,1.564,2.518,0.6453,0.7749,0.0004006,98.502,4.237,4.363,0.0001315,2.458e-05,,6558351,1149,54,36,16,161,-1.3383236350565686,0.2533471031357997,0.030310445181495022,0.21080394894670984,0.5694375769117974,0.023196878420971512,0.09505631838892792
131,beaches_00285.jpg,1400,1.333,25.26,7.656,7.314,42.743,6.196,116.06,105.12,89.103,43.768,1.783,10.002,0.09182,0.2311,0.4608,68.935,61.51,48.42,25.26,4.195,10.945,0.1493,0.1194,0.2662,28.033,29.667,0.0,0.1483,21.607,0.5998,0.4334,0.4132,-2.284,-0.9248,-1.099,0.02452,1.488,2.554,0.6029,0.7745,0.0004474,89.847,3.075,3.85,0.0001267,2.339e-05,,6520827,1208,50,41,6,170,-1.8238032777788424,0.12427328208406883,0.05619106429796974,0.3175482255297222,0.5605509751119908,-0.4577451304957072,0.2401263664272122
132,highways_00371.jpg,1400,1.333,27.13,6.857,6.233,73.011,5.895,128.171,145.644,149.438,58.197,-4.428,-3.877,0.5247,0.2398,0.6084,73.524,71.214,72.456,27.13,6.441,9.275,0.1488,0.2016,0.2796,38.713,22.417,-0.02875,0.1083,19.421,0.4865,0.3776,0.3605,-2.602,-1.379,-1.274,0.005523,1.333,2.447,0.5426,0.7891,0.0005521,88.483,3.895,4.281,0.0004506,2.714e-05,,6433590,1238,58,31,30,142,-0.9368471083583686,0.3898746857553165,0.02750123186151345,0.24557576910728718,0.5024823213386894,0.43656193445695834,0.00043859936154411194
133,mountains_00105.jpg,1400,1.333,25.368,5.611,10.449,119.461,5.189,51.291,51.164,64.449,21.836,3.424,-6.958,0.8324,0.3228,0.267,59.461,59.924,74.437,25.368,5.699,12.039,0.2122,0.3148,0.2968,35.861,26.683,-0.03,0.13,23.502,0.5277,0.3426,0.3473,-2.389,-1.209,-1.175,0.00148,1.449,2.634,0.5581,0.8368,0.0005037,95.35,4.339,4.482,0.0002594,1.816e-05,,5765926,965,43,33,13,143,-1.3829941271006383,0.16566441386855307,0.07426539761963287,0.29484158684612044,0.5303682642002377,-0.0608608224753564,0.04388982762964955
134,highways_00302.jpg,1400,1.333,16.628,7.413,13.127,134.34,6.419,95.36,92.138,109.296,39.526,5.782,-9.462,0.7193,0.266,0.4493,47.825,39.626,35.475,16.628,3.64,9.556,0.1497,0.1595,0.157,37.682,8.062,-0.005,0.04,11.774,0.5797,0.561,0.5695,-2.269,-1.292,-1.137,0.00343,1.658,2.592,0.7826,0.8598,0.0004447,98.421,3.945,4.374,0.0001107,7.788e-06,,6639188,1257,70,19,26,154,-1.0605622435314257,0.7943936630729174,0.06834252222737289,0.29764693384517765,0.6641256938577986,0.5436812274837992,0.4096653027209356
135,beaches_00235.jpg,1400,1.333,31.347,7.504,9.792,107.436,6.305,126.547,147.181,157.315,58.21,-4.0,-6.725,0.4758,0.3013,0.6453,73.122,79.09,96.507,31.347,6.057,16.383,0.2295,0.2026,0.351,21.33,15.66,0.0225,0.075,18.556,0.4944,0.3668,0.3487,-2.451,-1.159,-1.122,0.003139,1.291,2.512,0.5434,0.8069,0.0004675,88.754,4.383,4.441,0.0002814,1.954e-05,,6697742,1228,61,30,15,166,-1.386003429282428,0.4408236656611847,0.03644740907591467,0.26236743710363153,0.5261560622071323,0.08106021411212905,0.27964412583147613
136,city_00536.jpg,1400,1.333,25.128,7.853,12.638,154.967,6.753,116.553,117.637,120.908,48.507,0.9028,-1.772,0.604,0.1829,0.5055,64.643,63.456,61.958,25.128,7.141,9.764,0.2863,0.1679,0.2473,34.335,12.897,0.03625,0.05333,14.823,0.511,0.4563,0.4537,-2.482,-1.347,-1.262,0.003418,1.577,2.58,0.6008,0.8227,0.0006809,97.717,3.631,4.161,0.000156,1.6e-05,,5542504,941,39,32,13,142,-1.379495815619922,0.12388232125861323,0.039440232846719936,0.21195507339255595,0.7120284454900897,-0.07982275227508762,0.006494284254111471
137,forests_00612.jpg,1400,1.333,21.07,7.642,19.866,118.705,7.056,117.149,125.594,114.806,50.953,-4.774,4.514,0.3661,0.2112,0.5167,53.546,54.612,49.4,21.07,8.094,12.696,0.2314,0.1324,0.2034,41.981,2.77,-0.01375,-0.001667,12.447,0.6342,0.5795,0.5734,-1.934,-0.884,-0.8883,0.005301,1.727,2.747,0.7608,0.8586,0.0001791,94.635,4.407,4.499,0.0001019,7.493e-06,,6610531,1238,37,62,11,161,-1.5224076198327583,-0.3219708901819884,0.04977142613078732,0.24411991067331235,0.4972172455127434,-0.4355587845340714,-0.29790799117743205
138,mountains_00412.jpg,1400,1.333,27.233,7.535,9.075,98.183,5.972,139.998,141.359,153.625,57.726,2.515,-7.007,0.7157,0.2053,0.6173,72.204,66.739,63.731,27.233,2.105,8.513,0.1891,0.1947,0.2592,10.821,25.446,-0.03125,-0.1233,11.631,0.5132,0.3173,0.3305,-2.408,-1.27,-1.173,0.001593,1.557,2.637,0.4578,0.8315,0.0003969,85.344,4.494,4.424,0.0002628,1.586e-05,,5998976,1098,34,40,26,145,-1.0276944756800708,-0.1017955990947049,0.03879110261829543,0.25960722616414195,0.6238423749449116,0.10107744215790482,-0.3702945507351686
139,offices_00618.jpg,1400,1.333,24.333,7.313,5.857,87.896,5.348,108.428,105.161,119.361,44.546,5.577,-6.712,0.8291,0.1925,0.49,64.003,58.347,67.17,24.333,3.644,12.819,0.1611,0.2081,0.2642,9.585,10.078,0.00625,0.05,15.017,0.3789,0.3057,0.2605,-2.774,-1.495,-1.355,0.004069,1.395,2.364,0.6053,0.7292,0.0008105,98.439,3.597,3.924,0.0002557,3.164e-05,,6924990,1287,65,28,18,171,-1.3091717167857775,0.5213104282086192,0.030470825365528746,0.19593774990243565,0.5753660894768982,0.1887102312669544,0.3077991395430848
140,mountains_00360.jpg,1400,1.333,17.233,7.295,5.81,58.671,5.354,90.683,98.159,132.889,41.802,6.689,-20.1462,0.6571,0.3462,0.5221,42.98,43.76,46.16,17.233,3.075,9.492,0.06081,0.1614,0.1806,64.481,19.647,-0.025,0.095,17.5,0.5596,0.4791,0.46,-2.493,-1.233,-1.236,0.002013,1.466,2.598,0.7554,0.8012,0.0003748,78.653,4.331,4.436,0.0002037,1.169e-05,,5744587,1056,45,31,15,144,-1.3144962914678757,0.23296385427137234,0.04331120285311126,0.2674479433716698,1.0074784907577123,0.03277218238430135,0.06519777370281443
141,offices_20081106_00087.jpg,1400,1.333,24.774,7.636,7.519,89.403,6.149,145.891,145.898,142.236,59.388,-0.5155,1.903,0.1355,0.07822,0.5856,63.971,63.619,62.041,24.774,3.223,5.83,0.2128,0.09907,0.2455,12.11,23.575,-0.065,-0.09833,12.786,0.4053,0.3462,0.3683,-2.539,-1.286,-1.245,0.001567,1.44,2.505,0.6539,0.8073,0.0004261,91.916,4.215,4.424,0.0001908,1.661e-05,,6880228,1204,50,44,11,175,-1.5620357384931578,0.08008429579681307,0.030847160524664394,0.21758085430006835,0.6368794817903328,-0.2581709747110952,0.06506904017196202
142,mountains_00228.jpg,1400,1.333,24.013,7.621,4.913,45.88,4.667,96.404,125.039,150.84,50.263,-2.505,-16.3935,0.5662,0.3409,0.594,50.89,59.988,74.731,24.013,2.413,13.958,0.09051,0.1889,0.2916,15.484,21.449,-0.03875,0.1,11.847,0.5974,0.3268,0.3318,-2.436,-1.135,-1.163,0.003382,1.456,2.549,0.5301,0.7831,0.0004226,86.145,4.163,4.398,0.0005043,1.947e-05,,5675751,1013,29,41,27,134,-0.9632865787523648,-0.21653412444917083,0.0273354442224967,0.1973601259883397,0.6233246855325419,0.09564423105811248,-0.5017623665849519
143,beaches_00396.jpg,1400,1.333,12.447,6.443,3.733,30.542,4.972,133.175,144.091,151.857,59.01,-1.803,-5.017,0.5464,0.197,0.6195,25.992,32.396,45.721,12.447,2.384,10.209,0.2044,0.1044,0.1481,27.562,10.198,0.01625,-0.04833,9.511,0.5336,0.2372,0.2297,-2.33,-1.059,-1.142,0.007462,1.427,2.462,0.4278,0.766,0.000424,88.31,3.82,4.056,0.0005858,1.915e-05,,6270393,1167,52,34,4,165,-1.9832700037915705,0.26540475382497547,0.02019087733956952,0.19712547980091288,0.5322874579629574,-0.5193531427442359,0.44396988937498194
144,beaches_00382.jpg,1400,1.333,10.316,6.516,6.033,51.345,6.334,142.9,149.522,147.877,61.244,-2.487,0.2014,0.5338,0.1153,0.6046,30.152,26.679,31.734,10.316,4.94,6.915,0.1714,0.1243,0.1017,36.775,3.25,0.00625,-0.015,7.438,0.5172,0.1534,0.1509,-2.534,-1.232,-1.23,0.006361,1.636,2.62,0.4225,0.6522,0.0004017,93.394,3.328,3.778,0.0002985,1.343e-05,,6419357,1208,60,29,15,159,-1.364488748170328,0.4514220513032491,0.02625360108719203,0.2791616924894836,0.5204294381915677,0.10493533121840615,0.2773668325401286
145,forests_20081106_00090.jpg,1400,1.333,23.504,7.784,30.354,181.331,5.374,75.844,100.812,34.791,38.507,-19.4587,31.112,0.2209,0.7227,0.3986,55.535,60.57,46.782,23.504,12.321,16.573,0.05541,0.244,0.238,53.196,11.591,0.02625,0.05167,13.455,0.6466,0.6316,0.6299,-1.711,-0.8674,-0.8593,0.001773,1.824,2.84,0.8541,0.8819,0.0001553,97.804,4.343,4.519,9.285e-05,5.224e-06,,6512703,1112,53,29,51,131,-0.5821887348707281,0.3754617702355184,0.05869723567583011,0.22049107645417892,0.43352957965293987,0.7308257725555607,-0.19805343475105974
146,beaches_00433.jpg,1400,1.333,18.211,7.384,7.192,65.304,4.621,164.016,161.18,174.588,67.225,8.058,-5.874,0.9284,0.4259,0.838,61.765,48.561,64.215,18.211,7.309,35.572,0.3639,0.1443,0.1868,19.228,8.097,0.00625,0.04,15.252,0.5172,0.177,0.1536,-2.659,-1.094,-1.259,0.01564,1.494,2.589,0.4696,0.7075,0.0003849,88.353,4.058,4.194,0.0005605,2.512e-05,,6939898,1218,68,27,9,179,-1.6658430412295842,0.5703784351909373,0.03368887056704743,0.21973773841689365,0.4963526582327295,-0.08906984577128818,0.5368413448030414
147,beaches_00355.jpg,1400,1.333,11.845,6.573,4.734,38.457,5.903,167.485,169.291,166.311,68.994,-0.9414,1.733,0.5404,0.1641,0.7102,32.344,29.67,49.775,11.845,4.896,12.55,0.3651,0.1062,0.1402,7.285,16.492,-0.02,-0.08,7.815,0.4852,0.2048,0.1853,-2.305,-1.022,-1.083,0.006762,1.613,2.483,0.4714,0.7084,0.0003972,88.702,3.732,4.164,0.0004502,2.648e-05,,6379404,1115,59,29,39,134,-0.7539703062610624,0.44116864743261897,0.02311243997209813,0.2084173141528232,0.5355531010574881,0.6191328643641651,-0.05193363376544424
148,offices_00591.jpg,1400,1.333,28.612,7.697,6.529,79.864,5.349,118.884,92.704,67.645,40.257,8.341,17.77,0.0696,0.5313,0.4838,79.53,69.38,59.929,28.612,8.17,17.977,0.09474,0.2324,0.3064,24.678,25.009,0.045,0.1167,22.461,0.3207,0.2734,0.3139,-2.689,-1.383,-1.315,0.0138,1.35,2.415,0.5246,0.7519,0.0006416,93.994,4.261,4.386,0.0002792,3.353e-05,,6437986,1236,60,27,39,136,-0.7625793801630817,0.49487316356862393,0.032140549054360645,0.16017705839574106,0.4329352406948168,0.6400055724572815,-0.0017079305477449847
149,beaches_00369.jpg,1400,1.333,22.565,7.209,7.253,66.901,5.956,144.929,165.919,178.798,66.443,-2.964,-8.961,0.4536,0.2952,0.7286,74.084,57.422,56.079,22.565,5.459,16.868,0.2716,0.2419,0.2046,43.544,25.364,0.00625,0.1267,19.63,0.423,0.335,0.2773,-2.43,-1.216,-1.216,0.003969,1.134,2.512,0.6297,0.7635,0.0003858,93.078,4.046,4.274,0.0003891,2.396e-05,,6181245,1076,49,35,13,155,-1.4229111803109862,0.21042839424792484,0.03378347344895447,0.19272847357208958,0.5215276189643316,-0.07132730077161553,0.10294605429946369
150,city_00324.jpg,1400,1.333,27.219,7.706,13.238,93.511,7.061,85.203,97.465,103.072,39.311,-1.533,-4.466,0.4808,0.4302,0.4541,68.507,66.433,78.953,27.219,7.824,19.756,0.2735,0.265,0.2999,31.052,21.073,0.07875,0.07,22.007,0.4204,0.3894,0.3286,-2.218,-1.071,-1.057,0.003888,1.471,2.642,0.6426,0.8012,0.0003884,92.938,4.37,4.465,0.0002171,2.299e-05,,6300453,1125,51,36,12,159,-1.474485655159971,0.21779837992739853,0.03291380958582476,0.2169262898079473,0.6125688015631763,-0.11134986264554225,0.13629928031902472
151,forests_20081106_00085.jpg,1400,1.333,29.102,7.155,22.927,155.755,6.227,84.586,99.508,72.305,38.771,-10.7269,13.741,0.2239,0.4322,0.3948,75.275,73.663,79.826,29.102,10.045,11.271,0.1228,0.2624,0.288,80.137,4.854,0.01375,0.02,14.759,0.652,0.617,0.6219,-2.358,-0.8981,-0.8611,0.02582,1.729,2.719,0.7482,0.8301,0.0003952,90.237,3.432,3.897,0.0001113,9.552e-06,,6685351,1241,44,51,27,149,-1.021921233492304,-0.09248112190533554,0.03555500312880017,0.284261190823314,0.5641745733943246,0.11088165317539878,-0.3653989142092059
152,forests_20081106_00052.jpg,1400,1.333,17.266,7.252,18.066,107.996,6.546,64.538,67.428,53.483,27.428,-3.372,7.858,0.1644,0.2962,0.2818,38.471,43.039,40.192,17.266,7.715,12.632,0.1501,0.1745,0.1757,74.716,14.009,0.0575,0.04,15.269,0.5911,0.4529,0.4253,-1.918,-1.026,-0.9911,0.002208,1.781,2.653,0.7164,0.8436,0.0002028,86.732,4.351,4.483,8.931e-05,9.303e-06,,6462959,1235,26,57,9,171,-1.6448536269514729,-0.4866505077285448,0.03496959342849516,0.22483367712914987,0.4621445848064073,-0.6262372643724459,-0.3737638968217721
153,forests_00217.jpg,1400,1.333,21.243,7.726,23.226,152.332,6.814,131.379,147.878,103.816,58.441,-12.8262,21.286,0.2077,0.3463,0.6002,44.228,59.218,48.716,21.243,14.909,13.542,0.1132,0.1502,0.2199,22.634,6.088,0.02875,-0.01,8.589,0.6489,0.6303,0.6273,-2.047,-1.087,-0.956,0.003597,1.762,2.765,0.8693,0.8805,0.0002914,98.699,4.454,4.513,8.497e-05,6.721e-06,,6442200,1144,38,44,15,164,-1.3799638831447627,-0.09183483295422225,0.05201865377597721,0.23930329372360495,0.4714853655136024,-0.19349102605430835,-0.176845927497005
154,offices_20081106_00051.jpg,1400,1.333,25.657,7.609,5.441,72.982,5.062,101.852,96.409,79.54,39.622,-0.6218,10.24,0.1271,0.2795,0.4061,63.74,63.266,59.616,25.657,2.417,9.207,0.1035,0.1224,0.258,31.765,27.01,-0.00375,0.135,20.98,0.4315,0.2819,0.2746,-2.69,-1.532,-1.34,0.005395,1.205,2.366,0.5707,0.7548,0.0007551,89.715,3.872,4.082,0.0002657,4.291e-05,,6265329,1071,59,28,26,142,-1.0162217327405565,0.46256226632381553,0.032960958943707756,0.19593774990243565,0.5059379140736225,0.407177382319287,0.10397778740348274
155,mountains_00215.jpg,1400,1.333,26.667,7.317,3.996,44.09,5.214,69.092,86.981,114.91,35.532,2.208,-16.743,0.5723,0.4621,0.4661,55.651,64.505,85.802,26.667,4.962,19.388,0.1449,0.169,0.3295,17.969,25.482,-0.01375,0.1267,25.75,0.5687,0.3195,0.2998,-2.535,-1.199,-1.24,0.006172,1.384,2.485,0.4055,0.7333,0.0004358,91.811,4.177,4.284,0.0004592,1.886e-05,,5647405,1002,26,44,16,146,-1.2886181677160629,-0.3280721075316511,0.03616842935846795,0.26276085768150576,0.5000701382956156,-0.2397960364205125,-0.4258598540993906
156,beaches_00181.jpg,1400,1.333,25.58,7.686,7.589,71.289,6.649,111.097,115.694,123.231,47.434,0.4428,-3.829,0.5196,0.294,0.5255,61.744,62.122,80.874,25.58,5.804,14.973,0.3641,0.2006,0.2894,24.672,15.397,-0.04125,0.065,19.943,0.3494,0.3466,0.3129,-2.596,-1.236,-1.26,0.003633,1.425,2.544,0.6872,0.7948,0.000355,94.844,4.398,4.355,0.0002738,1.744e-05,,6233050,1124,60,26,34,136,-0.8416212335729142,0.5177235528176671,0.027207364986739598,0.23293315916533375,0.4155666109886735,0.5847354440798034,0.05924260503998657
157,beaches_20081106_00009.jpg,1400,1.333,24.695,7.517,12.904,108.413,5.915,158.606,162.993,156.444,65.644,-1.986,3.61,0.1952,0.2596,0.6937,63.424,62.867,79.582,24.695,4.152,16.616,0.2537,0.1682,0.2711,16.778,1.202,0.005,-0.003333,11.928,0.4761,0.3856,0.3706,-2.374,-1.021,-1.107,0.0152,1.426,2.616,0.6648,0.8142,0.0003735,95.544,4.249,4.366,0.000245,2.35e-05,,6273518,1236,52,35,17,153,-1.2815515655446004,0.24740125741882146,0.02855570455745558,0.2233256320488587,0.5226469836070936,0.0683906459789756,0.060185925046223
158,beaches_20081106_00021.jpg,1400,1.333,23.378,7.627,7.282,73.462,6.139,105.991,142.919,162.142,57.838,-0.7491,-12.3763,0.4974,0.4949,0.6952,87.815,58.027,65.728,23.378,7.425,26.571,0.257,0.3474,0.2407,22.52,18.579,0.02875,0.08833,17.794,0.4545,0.2866,0.2669,-2.683,-1.26,-1.318,0.005026,1.371,2.554,0.6069,0.7842,0.000515,90.467,3.544,4.03,0.0004702,2.521e-05,,6806114,1226,66,25,18,166,-1.294038351641856,0.598583668378363,0.040976322630259666,0.21907071556103785,0.5393760258087735,0.24216452399206423,0.36561618699596377
159,offices_00625.jpg,1400,1.333,31.839,7.796,7.011,103.027,6.393,122.021,121.299,116.126,49.182,0.1184,3.033,0.3148,0.2075,0.5193,80.549,79.678,79.251,31.839,6.804,13.333,0.3323,0.1782,0.3267,30.049,20.232,-0.02375,0.09833,21.8,0.3742,0.3383,0.2887,-2.718,-1.403,-1.324,0.003462,1.298,2.457,0.5573,0.7763,0.0006219,95.032,4.012,4.302,0.0003259,2.895e-05,,6418519,1228,54,34,36,138,-0.8172368220294001,0.2888093550744635,0.021877837726695226,0.18051738218313698,0.4593259701266624,0.4852882867528431,-0.1483786182352963
160,offices_00631.jpg,1400,1.333,24.172,7.599,5.109,76.935,4.79,121.697,110.004,91.35,45.992,1.944,12.211,0.1,0.33,0.4854,60.648,60.199,61.966,24.172,3.161,9.819,0.09586,0.1903,0.2394,29.978,16.526,0.055,0.06167,16.465,0.2657,0.2438,0.276,-2.813,-1.385,-1.356,0.007346,1.188,2.361,0.5438,0.7587,0.0007346,94.63,3.539,3.953,0.0002665,3.432e-05,,6688766,1221,61,28,8,175,-1.7091039611127488,0.4828341749318916,0.02811783557672528,0.21131543835454486,0.6580633360894806,-0.17185524386425555,0.4850525182472094
161,mountains_00163.jpg,1400,1.333,21.86,7.712,11.527,120.529,5.052,116.516,130.574,151.059,53.565,1.403,-13.0936,0.5973,0.2943,0.5951,65.356,56.055,42.526,21.86,4.263,11.84,0.09857,0.2817,0.1671,34.961,12.336,-0.00125,-0.06167,10.288,0.6157,0.3668,0.3541,-2.411,-1.214,-1.143,0.001712,1.547,2.654,0.6114,0.8724,0.000456,95.834,4.374,4.473,0.0002779,1.184e-05,,6146181,1172,40,43,12,157,-1.46834020777415,-0.04531601592937276,0.05061530493978022,0.278012140960124,0.5523220501959166,-0.24427730644143963,-0.09085099266459762
162,city_00292.jpg,1400,1.333,25.056,7.475,12.149,125.838,6.543,130.604,130.956,130.157,53.687,0.03572,0.4478,0.6311,0.1359,0.5441,65.542,65.055,64.695,25.056,5.71,9.72,0.357,0.1275,0.2496,50.797,15.078,0.0175,0.07333,16.008,0.426,0.3942,0.4254,-2.375,-1.158,-1.112,0.004133,1.499,2.557,0.6673,0.8018,0.0005386,90.01,4.127,4.313,0.000236,1.916e-05,,6021269,1151,36,46,13,153,-1.416509085322961,-0.15344319882333432,0.03421841099156886,0.2200133842009876,0.7354936932340095,-0.2569424565026548,-0.2100883480070459
163,mountains_20081106_00030.jpg,1400,1.333,26.477,7.548,8.914,76.323,4.349,138.408,148.556,163.903,60.13,0.4685,-9.723,0.5966,0.2169,0.6442,73.503,68.335,60.601,26.477,2.143,8.974,0.08915,0.2122,0.2352,30.037,13.002,0.00125,-0.065,12.638,0.566,0.2955,0.3036,-2.353,-1.146,-1.102,0.007034,1.713,2.616,0.5774,0.7831,0.0005195,92.219,3.778,4.196,0.0003489,1.784e-05,,5709827,1014,18,54,15,146,-1.3214978956405399,-0.6744897501960817,0.0386985893534117,0.19330511758441063,0.6652401551024252,-0.4496771556099304,-0.7034137686193737
164,highways_00329.jpg,1400,1.333,15.768,7.284,11.429,101.701,6.338,129.152,128.885,114.852,53.206,-2.183,7.631,0.1348,0.1629,0.5218,40.732,39.403,43.463,15.768,6.282,11.574,0.1605,0.1635,0.1524,13.978,6.338,-0.02875,-0.01333,9.326,0.5018,0.4806,0.4504,-2.176,-1.116,-1.064,0.001803,1.643,2.541,0.7404,0.8451,0.000406,96.483,4.115,4.455,0.0001215,1.386e-05,,6608582,1188,59,30,11,169,-1.5455130193181001,0.42044924012247076,0.04463312365018509,0.31623037786461844,0.6911313181846558,-0.06538866391018106,0.34606063473842896
165,city_00509.jpg,1400,1.333,26.297,7.424,9.838,112.902,6.677,94.104,91.925,87.568,38.023,0.8033,3.424,0.2238,0.2772,0.399,64.904,67.805,69.241,26.297,8.044,9.055,0.277,0.23,0.2533,68.199,17.183,-0.0125,0.085,23.044,0.4768,0.4394,0.4243,-2.437,-1.26,-1.155,0.002343,1.448,2.563,0.6398,0.8127,0.0005536,81.272,4.36,4.465,0.0001865,2.013e-05,,5696226,993,54,14,26,137,-0.996477065686375,0.8207920883323803,0.031826896681872587,0.234933481373585,0.7454605352239325,0.6120823166037197,0.398481480350211
166,offices_00141.jpg,1400,1.333,35.881,7.056,8.922,135.446,5.348,145.627,136.282,148.004,55.777,6.161,-4.893,0.8077,0.1617,0.597,90.34,90.842,92.128,35.881,6.126,8.878,0.1369,0.1571,0.3531,19.55,22.771,-0.05125,-0.1017,13.285,0.4563,0.3306,0.3036,-2.822,-1.386,-1.345,0.003543,1.389,2.477,0.54,0.7919,0.0008316,92.89,3.709,4.121,0.0003717,2.914e-05,,6612440,1136,47,42,8,172,-1.7012881668522593,0.07046918706875518,0.04885752967373558,0.27522001363438686,0.5446869889186631,-0.38173044437298187,0.13000552126412157
167,mountains_00439.jpg,1400,1.333,29.137,7.08,9.719,60.422,6.635,81.133,82.364,88.35,33.249,1.35,-3.358,0.6596,0.3176,0.3683,66.506,70.76,79.289,29.137,3.896,8.336,0.2696,0.2155,0.2933,43.76,32.099,-0.0525,0.1517,25.447,0.39,0.2669,0.2755,-2.295,-1.029,-1.092,0.01215,1.411,2.617,0.6355,0.7807,0.0002991,87.368,4.218,4.352,0.0002085,1.836e-05,,5666415,1057,13,57,8,153,-1.647872283903825,-0.893800631179489,0.04125929741856097,0.1883028640199504,0.6591721596081881,-0.8425948706265192,-0.7186837737960087
168,offices_00627.jpg,1400,1.333,28.077,7.291,7.11,107.146,5.948,70.741,73.24,71.857,29.352,-0.542,0.5316,0.31,0.217,0.3192,69.772,68.949,68.616,28.077,5.627,11.101,0.3277,0.1794,0.2907,50.973,14.002,0.00125,0.07,21.702,0.4064,0.3462,0.3159,-2.776,-1.523,-1.329,0.005059,1.334,2.435,0.5589,0.8042,0.0007114,94.687,4.079,4.203,0.0002086,2.53e-05,,6854058,1260,56,35,39,149,-0.8153122176961799,0.29338123212119344,0.017979811077329315,0.19491075054275658,0.43480680481802536,0.4893268462283441,-0.14549830593752233
169,mountains_00363.jpg,1400,1.333,24.098,6.589,9.53,60.321,3.09,113.931,151.678,183.919,60.409,-3.368,-21.107,0.5761,0.4377,0.7213,72.315,62.463,55.412,24.098,2.791,9.753,0.01165,0.2206,0.2173,69.511,29.844,-0.01625,-0.1483,8.153,0.6547,0.5114,0.5149,-2.21,-1.007,-1.07,0.009661,1.693,2.775,0.6169,0.8312,0.0003012,96.0,4.101,4.397,0.0004225,1.558e-05,,5559670,1039,26,46,12,139,-1.4086442165691349,-0.35549041783953095,0.046548964329210095,0.24217143033625327,0.49684657138362676,-0.3563411054107708,-0.38617027061108555
170,mountains_00405.jpg,1400,1.333,21.513,7.718,14.38,96.929,6.64,113.425,133.929,145.073,54.216,-2.863,-7.491,0.4972,0.3288,0.6136,51.601,54.643,75.528,21.513,6.452,22.073,0.2465,0.221,0.2669,19.696,12.824,0.01,-0.06333,10.439,0.6133,0.2852,0.2817,-1.99,-1.04,-0.927,0.003729,1.723,2.7,0.5013,0.8337,0.0003727,91.433,4.516,4.534,0.0004146,2.085e-05,,5953642,1089,18,60,7,159,-1.7260559398492492,-0.7363159173761296,0.03381032104008949,0.23039454420475355,0.4720624334926216,-0.826440114200101,-0.5436033837361233
171,forests_00349.jpg,1400,1.333,40.785,6.615,11.975,105.784,6.012,101.524,97.772,93.56,38.556,1.045,2.911,0.1075,0.3148,0.4065,101.519,102.122,105.76,40.785,5.849,6.264,0.1852,0.2613,0.4014,44.873,47.812,-0.03375,0.2367,32.12,0.4618,0.2075,0.183,-2.203,-1.083,-1.087,0.004062,1.459,2.685,0.4325,0.7979,0.0002576,83.202,4.05,4.329,0.000207,2.014e-05,,6508854,1296,26,69,3,169,-2.1097056106513357,-0.6017081544392772,0.047941562677269026,0.40876574310705727,0.8095017814113593,-1.0822644250364957,-0.2275966722021796
172,mountains_00559.jpg,1400,1.333,18.099,7.153,4.212,47.923,4.779,72.704,95.02,137.896,39.902,5.653,-25.9138,0.6198,0.4634,0.5416,44.329,45.532,55.504,18.099,4.16,15.359,0.061,0.2181,0.2172,36.425,15.699,-0.005,0.07833,17.061,0.6533,0.3883,0.3772,-2.781,-1.604,-1.335,0.00222,1.215,2.499,0.507,0.7726,0.0004906,88.29,4.409,4.248,0.0004832,1.607e-05,,5599250,1041,40,26,21,140,-1.1243382315686392,0.2690661378543142,0.0465818401642365,0.30941879899669167,0.6842437347442978,0.21356289532061745,-0.003926612301861088
173,city_00680.jpg,1400,1.333,23.812,7.588,10.867,101.328,5.92,98.371,97.132,96.421,40.176,0.5539,0.6821,0.7529,0.1307,0.4009,59.642,59.702,60.399,23.812,3.255,5.184,0.353,0.149,0.2313,54.151,18.512,0.0325,0.08667,20.966,0.5466,0.4832,0.4614,-2.336,-1.201,-1.07,0.004885,1.563,2.604,0.7221,0.8371,0.0004849,86.956,4.006,4.339,0.0001842,1.259e-05,,6000355,1110,40,35,8,161,-1.6712386129224541,0.08365173390712909,0.030967079470956557,0.2272163275010779,0.8500448776478695,-0.3492348223115591,0.12544594021238387
174,beaches_00154.jpg,1400,1.333,12.593,6.935,4.274,31.841,5.193,97.156,112.569,140.579,47.653,5.085,-16.2467,0.6548,0.449,0.5997,49.295,32.418,40.421,12.593,5.062,22.507,0.2415,0.2363,0.115,44.057,8.535,-0.01875,-0.03833,10.76,0.3565,0.2182,0.1818,-2.503,-1.149,-1.249,0.005332,1.509,2.542,0.4115,0.6022,0.0004438,91.439,3.669,3.807,0.0007211,3.069e-05,,6343845,1136,69,17,60,112,-0.3884616639831113,0.8499572808920577,0.03141637286446119,0.25530741658104056,0.3844899352279505,1.144847767417277,0.10404250265729187
175,beaches_00381.jpg,1400,1.333,20.66,7.623,9.122,100.965,5.472,128.923,142.713,151.211,58.047,-1.442,-5.343,0.5114,0.3033,0.6417,50.47,53.293,67.087,20.66,4.005,16.669,0.2725,0.1725,0.2275,24.553,15.243,0.03375,-0.06833,9.398,0.5065,0.3892,0.3757,-2.515,-1.234,-1.197,0.00433,1.5,2.579,0.5701,0.7908,0.0004863,95.42,3.565,4.084,0.0002079,1.882e-05,,6858270,1138,60,33,9,177,-1.6606976105540416,0.37228936046519107,0.03913122546060753,0.2577470198737143,0.5297000935423447,-0.18870450751262569,0.3655559363111667
176,beaches_00395.jpg,1400,1.333,12.039,6.892,4.489,40.073,4.829,129.199,143.374,157.493,59.104,0.4887,-8.475,0.5943,0.3633,0.6832,42.616,31.757,47.028,12.039,4.109,20.994,0.2405,0.1717,0.1193,53.973,6.509,-0.0325,-0.001667,10.526,0.6531,0.2012,0.1938,-2.468,-1.021,-1.226,0.01253,1.468,2.547,0.4048,0.6538,0.0005016,97.485,2.911,3.137,0.0006174,2.478e-05,,6299233,1147,61,25,34,136,-0.8416212335729142,0.5513476951205379,0.021138207831987586,0.25789258050007513,0.37858523139025546,0.6023909898098255,0.08785841623902135
177,city_00496.jpg,1400,1.333,26.515,7.714,9.488,99.688,6.287,111.441,115.558,114.027,47.094,-1.376,0.3793,0.1987,0.158,0.47,70.509,66.575,65.323,26.515,4.994,6.334,0.2964,0.2024,0.259,47.019,17.341,-0.0025,0.08667,20.412,0.4709,0.4572,0.4365,-2.408,-1.239,-1.157,0.005091,1.409,2.575,0.6567,0.789,0.000596,87.566,4.068,4.321,0.000205,1.807e-05,,5898703,1045,36,39,10,153,-1.5435417471518804,-0.05015358346473367,0.037473914935055516,0.2538366406196447,0.6738819538554838,-0.31081767875486266,-0.055480773032391184
178,beaches_00356.jpg,1400,1.333,34.077,7.549,9.545,95.231,6.681,102.879,115.442,116.994,45.865,-2.478,-1.862,0.2266,0.4203,0.5104,90.494,85.219,96.299,34.077,6.161,19.316,0.2503,0.3054,0.3539,49.911,31.774,-0.08375,-0.135,17.793,0.329,0.4355,0.273,-2.461,-1.339,-1.232,0.001526,1.284,2.49,0.5696,0.7942,0.0004325,86.157,4.271,4.437,0.0002784,2.299e-05,,6322169,1138,67,20,14,156,-1.3894173338410671,0.7392254407660956,0.03549714672715907,0.2233256320488587,0.5448647857243614,0.2348412233467203,0.5353914138501137
179,city_00332.jpg,1400,1.333,23.781,7.459,9.069,81.802,6.712,131.196,138.138,145.516,56.268,-0.6549,-4.481,0.6208,0.1628,0.5856,56.392,61.238,68.429,23.781,4.73,8.865,0.1895,0.1392,0.257,48.073,16.002,0.03875,-0.07,12.589,0.5052,0.4611,0.4011,-2.274,-1.209,-1.124,0.002074,1.594,2.611,0.6629,0.7799,0.0004082,94.672,4.22,4.428,0.0003423,2.424e-05,,6170445,1066,37,41,7,164,-1.7399298014209728,-0.06431683512387441,0.02977764152664339,0.22542327912715268,0.6342797851919006,-0.4853905605607651,0.035586095230125236
180,beaches_00343.jpg,1400,1.333,14.538,6.844,4.126,35.22,4.237,136.437,156.379,171.787,63.446,-1.788,-10.2876,0.5138,0.3012,0.7091,54.073,36.4,29.525,14.538,1.893,17.488,0.2667,0.1927,0.1221,37.098,15.716,0.00625,0.07833,14.885,0.4179,0.2924,0.1592,-2.22,-1.068,-1.017,0.007442,1.257,2.548,0.3941,0.6871,0.0005142,91.368,4.062,3.954,0.000688,2.073e-05,,6471560,1175,39,50,6,168,-1.8186455928500607,-0.15552874504776557,0.033931956174957305,0.19872888729390148,0.5943648553072404,-0.6002756403913809,-0.0007072480243166535
181,forests_20081106_00051.jpg,1400,1.333,23.058,7.605,26.233,137.668,7.406,78.84,77.575,76.732,32.075,0.6945,0.7743,0.07139,0.2402,0.3383,58.647,56.583,56.374,23.058,7.323,8.168,0.3279,0.1765,0.2304,64.351,10.796,0.03625,0.04,17.023,0.5846,0.5544,0.5036,-1.948,-0.882,-0.9717,0.009105,1.779,2.772,0.7889,0.8516,0.0001998,93.915,4.296,4.365,0.0001035,9.35e-06,,6311437,1088,46,43,14,153,-1.3797466285888613,0.04225911854129584,0.05439008004049181,0.27589362276065504,0.48266799960325785,-0.12289535742071389,-0.06283940751941708
182,beaches_00380.jpg,1400,1.333,17.362,7.369,13.595,91.029,6.4,132.706,134.012,121.904,55.216,-1.322,6.228,0.3198,0.2976,0.59,50.819,43.68,43.746,17.362,4.492,20.064,0.2793,0.1361,0.1818,24.0,8.898,0.04125,-0.01667,10.497,0.6122,0.1708,0.1604,-1.744,-0.9827,-0.7749,0.003943,1.705,2.778,0.345,0.7674,0.0004637,93.61,4.257,4.416,0.0003495,2.685e-05,,6628906,1266,59,27,17,165,-1.3200653902685069,0.48467489602278124,0.04401526330946168,0.22862851570024487,0.49273246586119795,0.16020239279594495,0.28234059507961007
183,offices_20081106_00046.jpg,1400,1.333,30.846,7.733,7.937,97.435,6.151,140.724,128.131,106.161,52.72,1.952,13.377,0.1242,0.3355,0.5681,81.608,77.247,69.566,30.846,7.459,14.482,0.1714,0.2275,0.3165,22.366,25.009,-0.045,-0.1167,12.515,0.3732,0.3219,0.3086,-2.637,-1.37,-1.305,0.002066,1.408,2.516,0.5686,0.7917,0.0003799,92.351,4.322,4.441,0.0003528,2.606e-05,,6735454,1251,58,33,25,158,-1.095668109083844,0.35141807350901105,0.025459471352782204,0.17698854556960453,0.6159359716621178,0.28120438807599557,0.051104703212058955
184,mountains_00216.jpg,1400,1.333,18.405,7.508,14.297,112.939,5.964,122.989,128.919,140.665,53.342,1.181,-6.798,0.6536,0.2242,0.5761,47.327,46.44,52.215,18.405,2.671,12.906,0.2329,0.1603,0.1848,21.124,3.041,0.0025,-0.015,8.771,0.5425,0.2921,0.3086,-2.115,-1.084,-0.9948,0.001095,1.664,2.781,0.5211,0.8434,0.0003943,96.415,4.389,4.395,0.0003996,1.726e-05,,5909589,972,32,44,11,150,-1.488398003783629,-0.199201324789267,0.035552024592884195,0.2389235445398677,0.6270358676678104,-0.3421504114797045,-0.2112829600728886
185,offices_20081106_00085.jpg,1400,1.333,25.352,7.682,6.596,81.394,4.897,129.621,111.62,86.544,47.112,4.158,17.012,0.0984,0.4087,0.512,61.934,65.481,69.936,25.352,4.568,12.197,0.07616,0.2476,0.2438,41.586,2.016,-0.00875,0.005,12.632,0.369,0.1674,0.1605,-2.536,-1.325,-1.235,0.01564,1.253,2.429,0.524,0.6964,0.0008006,92.148,2.77,3.173,0.0003254,3.756e-05,,6819587,1236,61,33,15,169,-1.394908351847147,0.3824499321848252,0.02811783557672528,0.2639806211803079,0.6959909878800613,0.04283048940720291,0.234641030884148
186,forests_00599.jpg,1400,1.333,21.798,7.798,27.937,183.085,6.335,130.466,112.656,70.79,47.673,1.616,24.946,0.1161,0.4823,0.5239,60.266,55.24,48.253,21.798,12.714,16.983,0.08853,0.2206,0.2312,33.411,6.783,-0.00625,0.03333,11.353,0.6639,0.6363,0.6171,-1.945,-0.9394,-0.9607,0.002926,1.831,2.795,0.8575,0.8699,0.000225,98.764,3.802,4.215,8.739e-05,7.777e-06,,6562028,1215,60,36,33,140,-0.8751305243197361,0.31863936396437514,0.06004872597364203,0.25192948851099034,0.6338343480800065,0.4516811791546189,-0.09259266557572743
187,offices_00626.jpg,1400,1.333,29.71,7.559,7.442,122.193,6.225,81.664,81.118,77.268,32.778,0.2814,2.312,0.1875,0.2302,0.3573,74.968,72.819,71.29,29.71,5.869,12.674,0.2912,0.178,0.3127,45.203,10.548,0.0275,0.045,21.341,0.4,0.3314,0.3168,-2.931,-1.583,-1.378,0.007164,1.301,2.42,0.6074,0.8024,0.0006744,97.614,4.081,4.27,0.0001941,2.152e-05,,6437092,1162,58,31,41,132,-0.7160047121266768,0.3898746857553165,0.017979811077329315,0.2006512498621446,0.43480680481802536,0.6245097565421914,-0.11552251544326075
188,offices_00395.jpg,1400,1.333,27.205,7.751,7.352,86.9,4.738,167.521,129.692,82.218,55.892,9.763,30.284,0.09114,0.5412,0.6576,73.264,69.081,65.245,27.205,9.297,19.205,0.03933,0.2554,0.2866,23.351,13.703,0.005,-0.06833,12.653,0.3269,0.3795,0.2862,-2.579,-1.298,-1.211,0.006218,1.271,2.488,0.5591,0.7401,0.0005666,95.511,4.189,4.317,0.0004367,4.076e-05,,6752312,1182,62,31,24,158,-1.1176037564176386,0.43072729929545744,0.049993258350544655,0.2390911126436076,0.606592211589124,0.30418018068043073,0.1301188720237102
189,highways_00300.jpg,1400,1.333,22.863,7.075,6.192,75.408,6.463,128.54,134.828,133.163,54.807,-2.581,0.2491,0.499,0.1373,0.5433,60.729,56.801,59.534,22.863,4.859,7.273,0.1981,0.1536,0.2218,10.646,6.933,0.03125,0.015,13.908,0.377,0.2975,0.3129,-2.858,-1.445,-1.357,0.003874,1.27,2.423,0.5112,0.791,0.0005541,87.01,3.539,4.108,0.0002663,2.412e-05,,6628625,1209,37,51,6,175,-1.8364011979294896,-0.20073077957564645,0.03069966534385894,0.2595481313134786,0.565193420191007,-0.6391214678509884,-0.029853210457813417
190,forests_00189.jpg,1400,1.333,17.059,7.405,19.203,136.749,6.9,71.943,93.807,67.891,37.028,-13.0258,12.16,0.3222,0.3593,0.3757,40.892,43.218,42.819,17.059,11.443,12.285,0.1337,0.2059,0.1728,50.897,8.535,0.01875,0.03833,11.309,0.6253,0.575,0.5702,-1.912,-1.076,-0.9762,0.003034,1.781,2.695,0.8345,0.8772,0.0002104,97.244,4.196,4.453,9.342e-05,7.267e-06,,6588378,1263,43,39,29,156,-1.00787700206001,0.06117541103855111,0.04589187321622257,0.2554749901120458,0.5165565183106976,0.2035167898921375,-0.24200401156598217
191,highways_00328.jpg,1400,1.333,24.559,7.033,4.652,47.765,5.619,146.567,151.096,144.005,61.008,-2.901,3.644,0.4418,0.1389,0.605,63.441,62.527,74.083,24.559,5.223,10.64,0.2558,0.1852,0.2519,31.0,24.793,-0.02375,-0.1217,11.704,0.396,0.2024,0.1964,-2.513,-1.273,-1.217,0.003136,1.275,2.425,0.5071,0.7422,0.0006095,89.657,4.175,4.293,0.0005841,3.235e-05,,6457525,1164,40,49,19,154,-1.2274508634352088,-0.12708085449502862,0.032346985876942666,0.2611772580876147,0.5075716865383962,-0.08220205997207986,-0.28692439607161035
192,city_00281.jpg,1400,1.333,30.189,7.35,6.401,69.427,4.803,92.831,104.455,124.307,42.194,1.588,-11.4563,0.5957,0.3156,0.5166,68.071,73.805,91.95,30.189,3.993,18.681,0.1656,0.1279,0.3661,26.463,29.775,-0.03375,0.145,24.268,0.4778,0.3857,0.3529,-2.47,-1.215,-1.171,0.006246,1.362,2.537,0.4614,0.6417,0.0004817,89.947,4.01,4.247,0.0005079,2.098e-05,,6182538,1112,44,36,20,149,-1.1833097993865727,0.12566134685507416,0.03616842935846795,0.2334511297292706,0.5523244766875759,0.08807540903252398,-0.09500608681470835
193,forests_00628.jpg,1400,1.333,16.21,7.36,15.474,102.475,5.437,90.506,118.087,58.947,45.948,-20.0874,28.659,0.2348,0.5228,0.4665,36.034,43.167,37.106,16.21,11.314,11.416,0.05395,0.1766,0.1664,40.679,13.06,0.00625,0.065,13.448,0.6445,0.5611,0.5505,-1.885,-1.06,-0.9401,0.003218,1.73,2.697,0.7783,0.8481,0.0002428,94.214,4.268,4.438,0.0001037,6.791e-06,,6425549,1076,50,40,21,149,-1.1575228149633463,0.13971029888186212,0.06387024834021601,0.2152168748458787,0.44293642154724877,0.11739830993314138,-0.09659010116668876
194,offices_00622.jpg,1400,1.333,26.434,7.612,5.77,88.425,5.249,109.873,105.634,95.51,43.455,0.01079,6.167,0.08834,0.1542,0.4404,66.652,65.533,63.283,26.434,3.172,8.61,0.1373,0.1284,0.2686,52.209,17.448,-0.01,0.08667,17.317,0.3444,0.2509,0.2222,-2.853,-1.383,-1.356,0.003826,1.418,2.438,0.5541,0.7408,0.000795,94.705,3.281,3.647,0.0002455,3.014e-05,,6562581,1181,37,54,29,147,-0.9750298478081109,-0.23631684946065165,0.025563381942629165,0.23818078118866048,0.6000635167311208,0.07526250741174201,-0.5124322268557564
195,beaches_00179.jpg,1400,1.333,14.454,7.001,3.66,39.511,5.532,119.32,145.208,168.464,59.331,-0.3017,-14.5253,0.5335,0.405,0.7134,57.654,35.116,42.257,14.454,6.195,23.803,0.2283,0.2089,0.1554,34.316,9.171,0.015,0.04333,12.512,0.4305,0.3104,0.2856,-2.675,-1.16,-1.242,0.01429,1.195,2.475,0.4738,0.6715,0.0005487,94.336,3.812,4.088,0.0005934,2.184e-05,,6910859,1276,79,13,96,93,0.019895187598079563,1.074477562932949,0.025324566993926927,0.235354029094028,0.5028300512276601,1.6102720013681873,0.0806981728911057
196,city_00646.jpg,1400,1.333,20.586,7.566,8.347,91.324,5.535,108.15,125.615,145.797,51.375,-0.3068,-12.154,0.5815,0.3101,0.5948,46.53,51.238,69.257,20.586,5.361,17.504,0.1679,0.1778,0.2515,16.717,9.925,0.01125,-0.04833,10.437,0.5073,0.3186,0.3227,-2.329,-1.255,-1.124,0.004402,1.442,2.581,0.4973,0.786,0.0005055,91.364,4.305,4.435,0.0003698,2.05e-05,,5380491,938,22,45,3,149,-2.05921460987167,-0.4444511798340444,0.035260080041962794,0.209654185957012,0.5567556081197838,-0.9567207423442998,-0.12027528124117737
197,highways_00516.jpg,1400,1.333,21.828,7.378,8.21,77.344,6.221,146.509,147.221,140.042,60.051,-1.382,3.975,0.1936,0.1421,0.598,57.409,56.723,64.065,21.828,3.674,9.813,0.2405,0.1462,0.2241,50.45,16.25,0.03125,-0.075,12.583,0.4617,0.429,0.4094,-2.333,-1.053,-1.106,0.01186,1.511,2.505,0.603,0.8047,0.0005048,94.233,4.08,4.327,0.0002852,2.244e-05,,6426456,1165,40,50,21,150,-1.1610685209816873,-0.13971029888186212,0.03141384015764442,0.209654185957012,0.6816578717005417,-0.032338933930646796,-0.3325290769334788
198,beaches_00390.jpg,1400,1.333,20.882,6.989,5.088,59.263,4.887,151.121,156.222,170.585,63.978,2.424,-7.493,0.6744,0.3076,0.7324,59.242,50.466,65.796,20.882,4.942,19.27,0.3327,0.1841,0.2331,7.401,12.166,0.06,0.01,14.879,0.3558,0.3824,0.2437,-2.583,-1.322,-1.226,0.003159,1.133,2.493,0.4046,0.6843,0.0005134,72.447,4.24,4.267,0.0003776,2.066e-05,,6217597,1137,65,19,50,119,-0.5363510191381736,0.7514515438490051,0.031585863919854074,0.20277907556063685,0.44765028053551065,0.9672626752322608,0.09786377849978856
199,city_00444.jpg,1400,1.333,31.244,7.87,21.113,156.926,6.397,109.897,104.727,82.751,42.524,-0.9027,12.763,0.1266,0.4172,0.4552,77.547,78.097,80.213,31.244,8.342,15.429,0.1568,0.2784,0.3227,39.927,19.976,0.0975,0.02167,19.266,0.5053,0.4654,0.4319,-2.047,-0.9643,-0.9886,0.002436,1.629,2.758,0.6006,0.8414,0.000409,93.474,4.378,4.507,0.0001533,1.72e-05,,6110799,1062,40,37,19,150,-1.2137267891148684,0.04884984243636232,0.040005142983059204,0.220124537523638,0.6581101500548032,0.021856445166963834,-0.1444049663543161
200,city_00336.jpg,1400,1.333,26.025,7.836,11.947,132.313,6.2,114.556,132.368,148.147,53.337,-1.85,-10.2529,0.5725,0.2671,0.5906,60.561,67.102,74.2,26.025,4.723,12.026,0.1533,0.1866,0.2881,27.577,14.056,0.04375,-0.055,11.162,0.5193,0.4486,0.4088,-2.342,-1.155,-1.124,0.003512,1.499,2.627,0.5774,0.8291,0.0005583,96.365,3.883,4.334,0.0002929,1.795e-05,,6110967,1056,34,41,11,160,-1.519427315152079,-0.11724404253797363,0.029611505734066252,0.22477191292183096,0.7453511385486185,-0.3255233218158389,-0.12524021390955342
201,beaches_00408.jpg,1400,1.333,12.36,6.867,5.051,47.703,5.204,133.944,137.22,152.771,57.675,5.022,-8.268,0.647,0.3669,0.6858,49.759,31.494,40.153,12.36,4.85,24.965,0.2302,0.1755,0.103,15.581,10.078,0.00625,0.05,13.016,0.4503,0.2774,0.2713,-2.309,-1.078,-1.05,0.008055,1.424,2.546,0.3987,0.6535,0.0005336,90.011,2.933,3.374,0.0004658,2.75e-05,,6312683,1205,70,16,78,93,-0.11016224796840546,0.8925596729344507,0.030147928554626315,0.15026148825416985,0.37858523139025546,1.4040642538299906,-0.005831706935804037
202,beaches_00391.jpg,1400,1.333,27.255,7.526,9.368,94.937,5.783,127.947,128.621,131.318,52.699,1.542,-0.5702,0.07116,0.3423,0.5925,67.135,66.789,85.901,27.255,5.667,18.48,0.2949,0.2164,0.307,20.58,19.001,0.0925,0.02167,16.336,0.2817,0.4073,0.2442,-2.493,-1.271,-1.2,0.001934,1.304,2.589,0.5089,0.792,0.0003966,90.17,4.287,4.37,0.0003121,2.18e-05,,6832629,1280,61,30,24,161,-1.1276696506830137,0.4408236656611847,0.03267022719389677,0.22377541828262368,0.44765028053551065,0.3009150603159808,0.14399683405559216
203,beaches_00385.jpg,1400,1.333,22.056,6.812,8.037,62.972,5.921,178.54,168.037,161.409,68.838,2.916,4.712,0.05623,0.1353,0.7047,56.22,58.204,53.087,22.056,3.504,6.277,0.125,0.1214,0.2161,22.268,27.115,-0.0525,-0.125,14.651,0.3914,0.1918,0.1467,-2.27,-1.134,-1.105,0.005862,1.509,2.729,0.4345,0.7688,0.0008529,89.543,3.938,4.266,0.0006748,2.623e-05,,6442017,1131,61,30,7,166,-1.745344872171804,0.4408236656611847,0.037899943509588856,0.32401819402540827,0.5943648553072404,-0.22475715940146013,0.4683290659699739
204,beaches_00178.jpg,1400,1.333,18.548,7.398,5.127,54.755,6.048,122.172,131.272,140.073,53.913,-0.7365,-5.489,0.5336,0.1906,0.5695,48.85,46.578,54.617,18.548,3.076,12.74,0.2596,0.1633,0.2006,46.397,5.154,-0.00625,0.025,10.322,0.4354,0.3653,0.353,-2.693,-1.264,-1.247,0.01421,1.338,2.479,0.5894,0.7479,0.0005212,88.741,3.372,3.716,0.0003074,1.735e-05,,6442041,1129,46,43,27,148,-1.018224184794537,0.04225911854129584,0.027446827275984065,0.19330511758441063,0.5864843679825137,0.18477815593307567,-0.25266955935930735
205,beaches_00193.jpg,1400,1.333,14.505,7.174,6.026,50.522,5.249,115.427,146.353,162.18,59.108,-4.492,-11.1395,0.516,0.329,0.6516,55.809,37.129,41.82,14.505,5.256,14.435,0.2215,0.2859,0.155,21.459,3.516,0.0175,-0.001667,10.484,0.6178,0.3769,0.3697,-2.325,-1.197,-1.035,0.006706,1.538,2.593,0.643,0.7871,0.0004817,92.239,3.619,4.046,0.0003526,1.574e-05,,6293071,1152,51,35,14,156,-1.3894173338410671,0.23532887106951705,0.03194778733026237,0.22751059315859118,0.6414666640353148,-0.029747501306625956,0.10655046461800677
206,offices_20081106_00094.jpg,1400,1.333,27.04,6.97,5.983,57.504,6.533,102.047,95.146,89.327,39.713,2.511,4.506,0.1004,0.2884,0.4128,63.914,66.34,66.67,27.04,6.911,8.608,0.1907,0.3013,0.2506,20.412,18.043,0.00625,-0.09,8.505,0.2738,0.2531,0.2174,-2.658,-1.345,-1.308,0.00324,1.193,2.517,0.716,0.751,0.0004154,88.049,3.732,4.139,0.0002248,3.006e-05,,6742423,1148,51,42,26,155,-1.0640792108658204,0.1215873827504829,0.035559289459459624,0.23349921734030896,0.5481547984851354,0.18740736880784903,-0.16107947169639603
207,forests_00359.jpg,1400,1.333,28.69,7.214,16.475,96.552,5.719,106.087,126.842,126.064,50.309,-6.069,-0.8648,0.344,0.3763,0.5519,68.817,72.541,91.627,28.69,4.996,18.877,0.2281,0.2217,0.3174,28.76,23.331,-0.03375,0.1117,21.034,0.588,0.2725,0.2524,-1.875,-0.9677,-0.8985,0.001742,1.557,2.804,0.5481,0.8234,0.0004802,90.287,4.167,4.427,0.0004598,1.78e-05,,6547220,1178,32,52,9,173,-1.65020458739169,-0.30298044805620655,0.04966577757223421,0.2585919971159601,0.5419116973180081,-0.5343487327257574,-0.21464186393666662
208,forests_00629.jpg,1400,1.333,18.198,7.518,22.153,160.291,5.548,171.508,137.695,93.927,59.31,7.732,28.242,0.09856,0.4636,0.6775,52.968,48.305,48.946,18.198,10.789,15.946,0.07078,0.1836,0.2078,33.335,3.801,-0.005,-0.01833,8.939,0.6614,0.601,0.5875,-1.908,-1.033,-0.9231,0.005314,1.806,2.779,0.7717,0.8505,0.0003426,98.942,3.449,3.787,9.363e-05,8.341e-06,,6680851,1175,48,37,23,163,-1.156903403715697,0.162911348622918,0.06004872597364203,0.23431057773346417,0.5241969983164531,0.13010799174913013,-0.07717010200301766
209,city_00525.jpg,1400,1.333,29.897,7.668,11.749,105.636,5.811,133.505,133.145,130.567,54.041,-0.1869,1.65,0.1828,0.1036,0.538,74.647,77.262,79.359,29.897,3.192,4.361,0.2478,0.1292,0.3021,44.575,17.668,-0.00125,0.08833,18.403,0.4064,0.3767,0.3238,-2.25,-1.153,-1.02,0.008244,1.475,2.622,0.5945,0.7833,0.0006202,91.314,4.081,4.345,0.0003477,2.705e-05,,6072405,1163,50,26,6,164,-1.808117370057171,0.4067242518713638,0.03421841099156886,0.21100153403381408,0.6302380064760424,-0.296084769364253,0.47226969644917083
210,beaches_00568.jpg,1400,1.333,25.76,7.832,13.84,93.456,6.463,111.25,127.508,134.647,51.21,-3.518,-5.703,0.5311,0.2482,0.5439,60.398,66.03,67.679,25.76,4.738,9.632,0.1713,0.166,0.2636,31.878,16.3,0.0225,0.07833,19.241,0.4948,0.3411,0.3446,-2.137,-1.067,-0.9944,0.004432,1.624,2.675,0.6497,0.8171,0.0004403,95.847,4.007,4.346,0.0003082,2.085e-05,,6547546,1170,41,46,19,159,-1.2440446072342508,-0.0720919460978495,0.04401526330946168,0.24320399024187014,0.5548332365413352,-0.06745028600134262,-0.23141297792454907
211,highways_00463.jpg,1400,1.333,17.024,7.303,11.468,85.884,6.173,138.85,135.958,143.717,56.691,2.793,-3.789,0.7393,0.104,0.5766,44.45,44.478,43.463,17.024,2.915,5.023,0.1652,0.07616,0.1664,28.411,2.25,-0.01125,0.0,11.055,0.4978,0.4724,0.4317,-2.072,-1.108,-1.029,0.004732,1.583,2.549,0.6003,0.8406,0.000437,94.607,4.169,4.384,0.0001389,1.203e-05,,6346026,1174,44,42,14,158,-1.3957469929496678,0.02915096852312123,0.0393706174086949,0.23702766790843924,0.6416102288229796,-0.14339535832891914,-0.06559353521092315
212,highways_00305.jpg,1400,1.333,23.623,7.711,10.862,109.199,6.45,120.36,123.695,127.779,50.781,0.02069,-2.481,0.5832,0.1553,0.5281,58.013,59.661,63.526,23.623,4.15,9.145,0.3019,0.1086,0.2522,30.104,13.676,-0.0025,0.06833,15.898,0.5003,0.4137,0.405,-2.306,-1.129,-1.131,0.005111,1.515,2.574,0.6584,0.8208,0.0005479,96.99,3.719,4.251,0.00022,2.024e-05,,6319298,1132,35,50,9,163,-1.6227111684214417,-0.2230078309403668,0.027305458862992224,0.30835478533556965,0.8129214163543689,-0.4689580183604094,-0.16101759657738457
213,city_00294.jpg,1400,1.333,28.521,7.251,14.031,115.952,6.433,111.667,104.922,97.481,43.44,1.945,5.183,0.06308,0.2184,0.4555,76.037,73.017,72.383,28.521,7.409,12.591,0.2924,0.2074,0.2896,58.351,24.61,0.03375,0.1183,22.066,0.4457,0.3477,0.3243,-2.385,-1.188,-1.14,0.00635,1.525,2.658,0.6554,0.8283,0.0004159,85.75,3.904,4.269,0.0002406,2.279e-05,,5713085,1124,32,39,3,159,-2.0853555660318293,-0.12388232125861309,0.03856526428130658,0.2200133842009876,0.6437329658289377,-0.8106419685895623,0.16627093586111608
214,offices_00379.jpg,1400,1.333,24.342,7.714,9.759,97.301,5.914,100.12,92.482,80.305,38.543,1.538,8.216,0.1079,0.2575,0.4014,59.48,60.107,60.387,24.342,5.039,10.998,0.154,0.2216,0.2332,40.172,17.414,-0.0675,0.055,20.103,0.3909,0.3472,0.3788,-2.332,-1.109,-1.04,0.004522,1.491,2.545,0.5604,0.7919,0.0005774,93.513,3.955,4.279,0.0002006,2.432e-05,,6261420,1168,49,37,15,154,-1.34844657364779,0.17578212101566826,0.0351039829049219,0.23844525432682462,0.5393790722471753,-0.026146482472266364,0.034360082321296614
215,beaches_00581.jpg,1400,1.333,20.374,7.445,6.043,60.65,5.067,149.903,163.124,179.311,65.986,-0.2783,-9.537,0.6225,0.2316,0.7267,53.387,52.045,59.763,20.374,2.613,13.938,0.2663,0.16,0.2197,5.473,6.25,-0.01875,-0.025,16.291,0.5278,0.2112,0.192,-2.639,-1.131,-1.155,0.005617,1.525,2.579,0.3924,0.7338,0.0006489,91.969,3.541,3.942,0.0005885,2.648e-05,,7126157,1277,61,37,10,182,-1.624980721613199,0.31191905482032534,0.03401280423422694,0.23647206977465454,0.5746182449386437,-0.1900072304521656,0.2954233984117738
216,mountains_20081106_00036.jpg,1400,1.333,28.984,7.517,5.146,59.705,5.222,145.245,149.416,163.407,60.563,1.675,-7.872,0.6536,0.1495,0.6459,73.144,75.342,77.118,28.984,1.909,6.602,0.1212,0.1059,0.2976,32.823,36.539,-0.03125,-0.18,12.188,0.5199,0.3131,0.2885,-2.629,-1.395,-1.318,0.003844,1.309,2.5,0.5287,0.79,0.0006535,90.344,4.12,4.366,0.0003314,1.699e-05,,5949920,1089,33,41,41,130,-0.7070552180607961,-0.1359106806464805,0.031585863919854074,0.25225697095573507,0.49068344012001625,0.35604400753194754,-0.5676911638198106
217,beaches_00224.jpg,1400,1.333,17.924,7.273,6.537,62.983,5.792,145.151,137.095,114.224,56.81,-0.5178,13.412,0.1381,0.2619,0.5911,53.563,44.095,44.459,17.924,5.08,12.361,0.1507,0.1285,0.2015,15.22,14.368,-0.005,0.07167,14.75,0.4325,0.3707,0.3361,-2.371,-1.235,-1.125,0.001923,1.272,2.545,0.6148,0.7987,0.0004484,84.808,4.154,4.4,0.0001408,1.819e-05,,6234203,1093,62,23,23,146,-1.098034673065303,0.6110349080044065,0.03789416213840919,0.28448242720843747,0.6376515856562116,0.4155113305388105,0.273294141720684
218,mountains_00198.jpg,1400,1.333,14.944,6.538,5.598,56.18,4.189,113.18,134.613,162.073,55.091,-0.5459,-17.2958,0.5909,0.3249,0.6362,39.015,38.055,32.765,14.944,3.509,6.507,0.03347,0.1372,0.1287,7.473,8.796,-0.0075,-0.04333,9.086,0.583,0.2553,0.2419,-2.479,-1.294,-1.206,0.001302,1.456,2.59,0.4403,0.8111,0.0003567,83.066,4.463,4.488,0.0005825,1.272e-05,,5811653,1055,42,35,50,106,-0.4662652613706357,0.11418529432142824,0.025463936041682674,0.23559031637159855,0.4747357864675525,0.69228993346132,-0.4812823839771507
219,offices_00621.jpg,1400,1.333,26.65,7.727,4.836,76.253,5.227,110.835,108.301,98.74,44.293,-0.5516,5.452,0.1139,0.1463,0.4451,67.874,65.708,60.974,26.65,2.396,9.169,0.1937,0.1295,0.2654,41.278,19.681,0.00375,0.09833,19.461,0.3433,0.3083,0.285,-2.781,-1.423,-1.348,0.003207,1.279,2.266,0.535,0.7643,0.0007864,91.616,3.897,4.056,0.0002946,3.368e-05,,6711210,1190,59,32,28,154,-1.0200762327862014,0.38087405751603814,0.032075701289633614,0.2247792375973863,0.5580252286624853,0.361003727158138,0.0364810156444999
220,forests_00373.jpg,1400,1.333,22.277,7.724,25.862,141.758,6.632,111.203,119.628,91.195,48.107,-8.215,14.688,0.2083,0.2987,0.4815,59.063,56.778,57.534,22.277,9.453,11.044,0.1087,0.1869,0.2257,47.574,15.734,-0.02375,0.075,16.394,0.6324,0.552,0.5206,-1.696,-0.869,-0.8366,0.001589,1.751,2.803,0.7796,0.8746,0.0002222,92.266,4.271,4.484,8.948e-05,7.319e-06,,6413853,1119,49,32,19,161,-1.250516008631505,0.2661503012068743,0.04707562065514006,0.2152168748458787,0.44293642154724877,0.10464829163413636,0.05984597296561556
221,offices_00184.jpg,1400,1.333,22.46,7.576,8.774,116.756,5.221,156.426,132.618,106.3,56.487,6.177,16.847,0.1056,0.3108,0.6225,69.495,54.659,55.057,22.46,11.919,20.539,0.09744,0.2546,0.2613,14.967,11.733,-0.00625,-0.05833,8.123,0.384,0.3831,0.3305,-2.589,-1.346,-1.231,0.007876,1.442,2.474,0.6575,0.7825,0.000756,94.645,3.612,3.972,0.0002772,3.347e-05,,6784905,1201,59,34,7,176,-1.7713487088572604,0.34355257491007396,0.04493826470247188,0.2429249578271624,0.7025990527506902,-0.2979633411334701,0.3992007825073085
222,mountains_00577.jpg,1400,1.333,22.574,7.025,6.0,37.239,5.852,107.634,113.76,127.641,46.902,1.212,-8.583,0.6398,0.2711,0.5078,59.458,53.452,53.065,22.574,3.792,5.581,0.1188,0.2318,0.2122,14.778,18.34,0.0025,-0.09167,9.716,0.6729,0.1797,0.1761,-2.259,-1.073,-1.113,0.004697,1.576,2.716,0.3751,0.6004,0.0003436,82.317,4.35,4.441,0.0004515,1.351e-05,,5946314,1103,54,24,41,120,-0.6599019228626957,0.5024022233733555,0.035549407092096766,0.25680987733834826,0.5259031534892937,0.7313425756298234,-0.04921475985338164
223,beaches_00185.jpg,1400,1.333,18.508,6.826,4.807,48.745,5.181,159.651,170.894,175.199,68.928,-1.595,-3.226,0.3641,0.2807,0.7625,56.365,45.831,52.63,18.508,4.22,19.095,0.3288,0.1209,0.2019,2.185,14.02,0.03625,0.06,18.882,0.3439,0.2558,0.2386,-2.429,-1.163,-1.194,0.003616,1.12,2.422,0.4893,0.7335,0.0004878,69.462,3.645,4.026,0.0005562,2.308e-05,,6812367,1175,68,23,44,141,-0.7132748845970506,0.6658695180010484,0.026926699642067713,0.16453239003408496,0.44618605695763613,0.7717538279764034,0.11792936998962222
224,mountains_00588.jpg,1400,1.333,19.23,7.377,6.07,63.233,5.127,90.072,111.428,140.26,45.826,0.7504,-17.6634,0.6076,0.3816,0.5599,41.378,48.62,61.65,19.23,3.186,13.988,0.1316,0.1699,0.2282,40.899,19.668,0.00125,0.09833,16.352,0.612,0.3288,0.3122,-2.486,-1.282,-1.246,0.00134,1.436,2.585,0.6593,0.8105,0.0003734,85.737,4.464,4.501,0.0004481,1.47e-05,,5753483,1062,53,23,30,130,-0.8871465590188761,0.5168467276526094,0.03393903287960471,0.2054491704757448,0.6554990325657177,0.5455307282342302,0.08240106644826406
225,highways_00501.jpg,1400,1.333,21.681,7.528,5.831,72.145,5.604,85.174,100.602,103.021,40.614,-4.132,-2.638,0.4234,0.2197,0.4295,43.62,54.941,65.163,21.681,4.076,12.542,0.1965,0.1674,0.2508,37.577,11.677,0.0025,0.05833,18.07,0.4548,0.3092,0.27,-2.683,-1.284,-1.257,0.007,1.363,2.439,0.5527,0.7038,0.0007807,93.688,3.274,3.682,0.0002845,3.497e-05,,6609538,1189,29,60,10,172,-1.5986872595945827,-0.4514220513032491,0.031551211394963745,0.2395829697715464,0.6848331234197014,-0.5684494505468112,-0.36802401961977044
226,city_00309.jpg,1400,1.333,28.462,7.6,9.841,85.189,6.459,113.601,118.861,114.446,47.92,-2.863,2.069,0.4054,0.1823,0.4877,72.648,70.83,75.97,28.462,5.75,7.898,0.2421,0.1383,0.291,34.891,13.208,0.045,0.04833,20.111,0.4356,0.3536,0.3128,-2.401,-1.121,-1.111,0.006414,1.384,2.569,0.6362,0.832,0.0004379,94.658,4.205,4.453,0.0002483,2.134e-05,,6019979,1122,48,35,12,153,-1.4557760251170173,0.19758024286313683,0.02977764152664339,0.23046896055122085,0.6613444230233188,-0.10604328870257529,0.1092684905473349
227,beaches_00345.jpg,1400,1.333,27.568,7.845,12.698,103.126,6.698,142.255,146.702,143.557,59.204,-1.661,1.247,0.3658,0.2023,0.6084,68.324,70.704,70.333,27.568,4.117,9.038,0.2702,0.1773,0.2734,21.097,25.775,-0.0425,-0.1217,11.629,0.4849,0.2228,0.2008,-2.379,-1.123,-1.15,0.009898,1.541,2.662,0.41,0.7619,0.0005474,91.132,3.627,4.176,0.0004782,2.922e-05,,6763724,1290,67,23,2,183,-2.296950010175798,0.6571085664248891,0.03898295956687315,0.24626544546690488,0.888468214713967,-0.5806324237162703,0.942038030229291
228,beaches_00437.jpg,1400,1.333,21.205,7.641,7.289,77.378,5.153,148.158,131.729,118.414,55.993,6.939,10.716,0.05825,0.4388,0.6558,51.827,56.706,73.797,21.205,7.746,24.047,0.2486,0.2213,0.2272,18.041,4.773,0.005,0.02333,10.365,0.3806,0.3609,0.3194,-2.708,-1.367,-1.356,0.006606,1.263,2.473,0.6206,0.7399,0.0004519,94.095,4.161,4.336,0.0002484,2.525e-05,,6212038,1156,63,21,11,158,-1.5134022462094858,0.6744897501960817,0.0359677218555481,0.1967607863388807,0.4963526582327295,0.09533215433214859,0.5454007990094791
229,offices_00581.jpg,1400,1.333,23.629,7.298,6.522,88.323,5.225,150.772,146.779,135.401,60.002,-0.1063,6.656,0.115,0.2079,0.6177,61.302,58.505,60.088,23.629,3.699,10.588,0.142,0.1621,0.2402,12.155,10.67,-0.00125,-0.05333,11.818,0.35,0.3523,0.2504,-2.626,-1.365,-1.286,0.009556,1.421,2.5,0.5329,0.7656,0.0007344,93.504,3.913,4.22,0.000494,2.822e-05,,6436030,1196,49,40,17,156,-1.2914958538007002,0.12708085449502862,0.0291108418722149,0.2196203742313863,0.5354672653761493,-0.0032509212503950558,-0.03699109936584588
230,city_00452.jpg,1400,1.333,28.74,7.152,9.148,97.972,6.27,67.915,66.107,57.559,26.551,-0.3935,5.256,0.2092,0.3669,0.2869,71.941,70.226,69.243,28.74,6.248,9.83,0.1816,0.2805,0.2965,60.615,23.808,0.04125,0.1117,33.871,0.4074,0.3998,0.3797,-2.345,-1.228,-1.109,0.005297,1.422,2.592,0.5259,0.8062,0.0006493,81.512,3.546,4.186,0.0002091,2.085e-05,,5201496,914,35,28,8,142,-1.613358394652303,0.13971029888186212,0.0713949918435883,0.28838608535341,0.6871169033843978,-0.2705403553474912,0.14276250001125657
231,beaches_00386.jpg,1400,1.333,7.879,5.925,2.613,24.649,4.198,140.968,154.293,167.521,63.071,-1.363,-8.231,0.5817,0.1443,0.6596,18.807,20.824,33.289,7.879,1.67,10.591,0.2679,0.1544,0.1282,0.2149,4.831,-0.00625,-0.02333,8.301,0.4884,0.2598,0.2431,-2.4,-1.085,-1.077,0.009903,1.403,2.326,0.4889,0.702,0.0005363,73.29,3.26,3.685,0.0005234,2.009e-05,,6332750,1092,70,17,8,162,-1.6740659078405433,0.8581591347663485,0.02538612266310512,0.23056676738606377,0.5782415898430762,0.05504152692843001,0.7860746869585755
232,city_00136.jpg,1400,1.333,21.912,7.669,10.358,104.583,5.535,108.316,124.393,151.818,51.171,2.179,-15.6628,0.614,0.2659,0.6037,49.411,54.738,75.974,21.912,4.162,19.492,0.1533,0.2106,0.2913,19.488,11.102,0.0075,-0.055,7.637,0.5056,0.3974,0.3709,-2.285,-1.097,-1.089,0.007135,1.54,2.594,0.5613,0.8028,0.0005122,92.808,3.857,4.266,0.0003707,2.471e-05,,5815130,1076,33,39,9,155,-1.599290373303407,-0.1046334556140754,0.040629552672709034,0.23715708100852714,0.5825848757269989,-0.38686910667300434,-0.07257305488131316
233,mountains_00238.jpg,1400,1.333,23.831,6.689,5.886,38.679,5.753,127.433,139.937,155.146,56.814,-0.5405,-8.918,0.5882,0.2253,0.6259,51.27,62.47,74.395,23.831,3.995,10.46,0.1976,0.1101,0.272,35.177,21.703,0.00625,0.1083,18.155,0.5695,0.2033,0.1998,-2.221,-1.023,-1.202,0.007127,1.144,2.529,0.3854,0.7205,0.0002953,87.581,4.069,4.221,0.0005135,2.214e-05,,5702984,1024,31,43,16,143,-1.2779760767370365,-0.20465991857047608,0.02945561822650228,0.22243536115241294,0.7055808052717065,-0.1659371528333795,-0.32641797258130484
234,offices_00634.jpg,1400,1.333,20.666,7.611,9.498,106.431,6.648,117.233,118.275,120.215,49.03,0.5289,-1.242,0.1619,0.1414,0.4959,52.13,51.48,50.476,20.666,5.361,10.735,0.3031,0.1729,0.2001,20.321,8.632,-0.01125,0.04167,14.225,0.4486,0.4237,0.3913,-2.577,-1.264,-1.235,0.00589,1.448,2.504,0.6771,0.813,0.0004737,97.701,4.04,4.334,0.0001854,2.113e-05,,6486804,1127,50,40,3,171,-2.1143807715275607,0.13971029888186212,0.032370123406849395,0.21562244901596186,0.5636640541497903,-0.6969352240704303,0.40584202801843605
235,forests_00170.jpg,1400,1.333,20.278,7.414,12.665,69.761,4.56,85.276,110.432,130.97,45.108,-0.5693,-12.2941,0.4429,0.5088,0.5808,35.211,48.485,93.415,20.278,7.364,31.763,0.2552,0.1729,0.3122,12.946,17.27,0.0325,0.08,17.515,0.6673,0.1978,0.1859,-1.953,-0.8806,-0.8982,0.004624,1.717,2.744,0.4416,0.8183,0.0004692,96.335,4.33,4.487,0.0006448,1.918e-05,,6264912,1045,43,35,13,164,-1.4505950468090452,0.12890111114904187,0.03291380958582476,0.3351612850978057,0.48372905312690334,-0.13769642780728097,0.04809869036744352
236,city_00532.jpg,1400,1.333,25.23,7.415,9.468,89.37,6.595,104.07,108.234,111.082,44.292,-0.7113,-2.009,0.5467,0.1381,0.4501,63.299,64.938,66.172,25.23,4.107,6.354,0.2155,0.1052,0.2576,69.224,15.116,0.04125,0.06333,20.754,0.4858,0.4601,0.4478,-2.41,-1.199,-1.122,0.004656,1.494,2.536,0.7393,0.8278,0.0004519,78.755,4.033,4.405,0.0002126,1.473e-05,,5867817,1068,33,39,10,155,-1.5497059007365892,-0.1046334556140754,0.03802398630865665,0.25538069295475097,0.7943379817049522,-0.3446702635740495,-0.0986091367839208
237,mountains_20081106_00023.jpg,1400,1.333,31.921,7.599,7.93,81.244,6.549,135.281,135.935,151.574,55.696,4.93,-8.218,0.6693,0.3457,0.6528,79.206,82.87,88.075,31.921,6.428,19.488,0.2207,0.2007,0.3348,35.25,21.378,-0.02,0.105,19.272,0.4764,0.2309,0.1978,-2.684,-1.19,-1.25,0.008376,1.38,2.575,0.4517,0.7879,0.0005876,92.033,3.942,4.236,0.000481,1.971e-05,,6141471,1100,23,54,11,164,-1.5312230103461384,-0.5281393839081986,0.03721431289910555,0.241657352674986,0.5099954946509763,-0.5513171817175502,-0.46873876240073864
238,mountains_00614.jpg,1400,1.333,32.474,6.823,3.381,37.71,6.654,130.766,126.853,141.033,52.107,4.487,-6.793,0.7082,0.2113,0.5699,84.649,77.541,83.042,32.474,4.826,8.475,0.1717,0.1602,0.3347,18.337,33.004,-0.0025,-0.165,9.28,0.6731,0.4017,0.3994,-2.762,-1.411,-1.366,0.0131,0.8655,2.536,0.5789,0.7586,0.0003379,80.385,4.312,4.397,0.0003244,1.856e-05,,5652765,1080,55,11,47,118,-0.5684978433496706,0.9674215661017012,0.03718009385688338,0.2322250185430645,0.47474399917823923,1.0533068373658656,0.2985447964896346
239,highways_00323.jpg,1400,1.333,24.139,6.965,5.329,46.678,5.779,131.958,150.312,150.699,59.9,-6.386,-2.139,0.4903,0.1766,0.6054,61.966,62.591,67.866,24.139,3.76,6.114,0.09188,0.1306,0.2553,31.379,19.333,0.0,0.09667,16.555,0.521,0.3171,0.2943,-2.646,-1.313,-1.304,0.005166,1.098,2.527,0.529,0.7441,0.0003985,87.76,3.76,3.728,0.000368,1.931e-05,,6471692,1140,40,48,26,149,-1.0425799977914263,-0.11418529432142838,0.003201226461194732,0.058001027295195975,0.14128675062505897,0.08190347735645864,-0.3730226251717729
240,forests_00155.jpg,1400,1.333,12.113,6.972,8.83,65.949,6.116,120.951,123.064,121.625,51.198,-0.8705,0.4886,0.5327,0.1201,0.5065,33.381,30.375,30.66,12.113,2.473,8.385,0.2272,0.09357,0.1242,28.001,9.153,-0.025,0.03833,11.721,0.5641,0.5104,0.5203,-2.174,-1.057,-1.015,0.002976,1.607,2.651,0.7798,0.8649,0.0001894,94.782,4.36,4.482,0.0001018,6.38e-06,,6383713,1181,23,58,6,172,-1.8288923910348345,-0.5711451805595067,0.037567310935678735,0.4513493829310645,0.652429362846129,-0.8272302897275183,-0.34903698474691636
241,mountains_00355.jpg,1400,1.333,17.059,7.034,8.146,69.749,4.342,108.232,131.159,162.6,53.752,0.4093,-19.1296,0.609,0.3274,0.6392,45.605,42.698,47.772,17.059,1.626,11.765,0.09817,0.172,0.1873,75.998,6.378,-0.00375,0.03167,9.528,0.6249,0.3894,0.3686,-2.269,-1.156,-1.118,0.001616,1.56,2.693,0.5882,0.8487,0.0002932,99.334,4.528,4.542,0.0005898,1.522e-05,,6309591,1151,52,28,49,129,-0.5969184961057293,0.38532046640756773,0.026835643205596286,0.23559031637159855,0.5344078896753927,0.7234666731568373,-0.18192881344410705
242,forests_00380.jpg,1400,1.333,23.176,7.452,18.783,151.051,7.019,95.972,97.77,91.891,40.129,-1.697,3.271,0.1651,0.1594,0.4031,58.206,59.003,60.767,23.176,7.672,8.213,0.2343,0.1164,0.2343,68.478,17.083,0.01875,0.08333,17.78,0.6152,0.5406,0.5263,-2.142,-1.139,-1.049,0.001423,1.69,2.677,0.8134,0.8707,0.0001869,89.331,4.524,4.553,0.0001205,8.588e-06,,6295511,1246,33,44,22,158,-1.1639495821532648,-0.1800123697927051,0.055417819856820025,0.255168532528478,0.475675164719962,-0.05595288819504818,-0.36531533315732584
243,offices_00639.jpg,1400,1.333,24.262,7.578,9.626,105.609,5.845,88.364,75.728,54.426,31.81,2.303,13.816,0.1044,0.4072,0.3558,66.521,58.122,51.458,24.262,8.804,14.227,0.08698,0.2323,0.2585,62.213,9.319,0.02875,-0.03667,13.857,0.436,0.422,0.3957,-2.492,-1.282,-1.117,0.003319,1.382,2.442,0.7089,0.7846,0.0005712,90.889,3.805,4.179,0.0001474,2.277e-05,,6462479,1264,49,39,13,162,-1.4445958876499954,0.14290699209399238,0.03991398188062261,0.2006512498621446,0.6283188543318061,-0.12523656270239836,0.05686831825167371
244,beaches_20081106_00015.jpg,1400,1.333,24.031,7.556,15.263,78.9,5.805,83.263,124.8,159.87,49.998,-2.256,-21.7367,0.5489,0.4509,0.6358,46.085,60.575,84.948,24.031,8.145,21.425,0.1294,0.2478,0.324,14.422,12.014,0.04625,-0.03833,13.895,0.3946,0.3187,0.2564,-1.649,-0.9229,-0.6977,0.008743,1.58,2.722,0.3369,0.7637,0.0006238,97.351,4.263,4.275,0.00036,3.142e-05,,6196571,1192,50,36,14,154,-1.3829941271006383,0.205464409067124,0.06261152390307446,0.2975089296946969,0.5465710072868266,-0.03996242664555294,0.07776159566066809
245,mountains_00396.jpg,1400,1.333,19.986,7.55,7.798,81.091,5.543,89.75,99.604,94.118,40.769,-2.645,2.126,0.351,0.4243,0.4447,52.648,49.851,58.084,19.986,2.76,19.384,0.2611,0.2251,0.1953,45.341,9.953,-0.04875,0.01,14.344,0.4458,0.3157,0.2889,-2.55,-1.257,-1.245,0.004117,1.437,2.554,0.4704,0.8002,0.0004023,90.677,4.522,4.493,0.0002133,1.617e-05,,6148075,1135,18,63,5,164,-1.8869162013386456,-0.7647096737863871,0.04218831288263511,0.25412015046636893,0.6034947555218849,-0.9782493139999877,-0.48330250492295784
246,offices_20081106_00071.jpg,1400,1.333,24.557,7.852,8.896,111.753,6.664,135.613,130.093,125.203,53.767,1.733,3.356,0.9981,0.1737,0.5545,63.471,62.368,58.945,24.557,5.828,10.085,0.297,0.1492,0.2411,25.163,14.732,0.0525,-0.05167,9.836,0.4318,0.3951,0.3919,-2.602,-1.312,-1.258,0.004011,1.349,2.497,0.6816,0.801,0.0006982,97.234,3.811,4.218,0.00022,2.244e-05,,6682268,1205,51,39,35,147,-0.869423773288886,0.16789400478810546,0.03310716010418602,0.16035818087721715,0.5253313018324454,0.37738372198934755,-0.22388096733671958
247,beaches_00162.jpg,1400,1.333,10.248,6.309,4.433,33.883,6.622,127.468,143.632,157.151,58.88,-1.335,-8.846,0.4654,0.2485,0.6445,33.26,26.381,32.086,10.248,6.849,18.435,0.2382,0.1809,0.1101,6.48,7.671,-0.01125,0.03667,11.404,0.4681,0.2445,0.261,-2.331,-1.093,-1.122,0.005111,1.337,2.484,0.5551,0.7629,0.0004419,79.967,4.001,4.201,0.0003867,2.027e-05,,6300375,1121,70,18,42,128,-0.6837743798792987,0.8254944909292358,0.026478244607944852,0.22751059315859118,0.6033541558441944,0.8806769597391986,0.23828784758015753
248,beaches_00412.jpg,1400,1.333,31.425,7.318,9.88,100.999,5.674,162.134,165.708,166.233,66.239,-0.6226,-0.3903,0.4847,0.177,0.6874,78.285,81.437,85.53,31.425,2.894,9.557,0.3255,0.1531,0.3154,20.342,31.702,-0.1125,-0.1117,22.621,0.3496,0.3668,0.2659,-2.587,-1.16,-1.247,0.007638,1.396,2.582,0.6787,0.8041,0.0006266,92.348,4.108,4.307,0.0003507,2.367e-05,,6601440,1119,67,22,9,169,-1.6394306846949833,0.6833558316628857,0.03809375516742369,0.27784225819454567,0.5620392449201177,-0.00726884180782883,0.6191219648897957
249,highways_00280.jpg,1400,1.333,16.11,6.763,4.209,45.178,4.856,150.314,155.141,147.064,63.199,-2.294,4.215,0.3904,0.2195,0.6573,34.445,43.953,58.653,16.11,4.383,13.794,0.2386,0.1211,0.189,57.843,14.388,-0.00625,-0.07167,9.312,0.4651,0.3078,0.2765,-2.573,-1.4,-1.284,0.003805,1.39,2.449,0.6026,0.7589,0.0006821,96.165,3.916,4.186,0.0003413,2.477e-05,,6686543,1262,38,52,11,171,-1.551094158532642,-0.19621173364518357,0.02306698639370675,0.22889614072612688,0.8183964043536093,-0.3939381551895602,-0.17581783527452832
250,city_00305.jpg,1400,1.333,33.369,7.594,9.942,120.023,6.12,131.139,128.031,119.25,51.696,-0.2135,5.438,0.1677,0.2048,0.5269,83.037,84.289,87.762,33.369,2.949,7.361,0.2142,0.1716,0.3346,39.586,17.27,0.0325,0.08,22.186,0.4887,0.3791,0.3434,-2.632,-1.301,-1.25,0.002818,1.477,2.58,0.6219,0.8145,0.0004512,90.269,4.279,4.443,0.0003407,2.056e-05,,5797950,1050,36,35,7,156,-1.717490599640991,0.017653228648661298,0.03966038578372271,0.22477191292183096,0.7195077108408262,-0.42325240541610754,0.09356418425188195
251,forests_00746.jpg,1400,1.333,26.499,7.777,17.26,100.277,6.608,89.767,88.937,73.492,36.078,-2.305,8.932,0.1918,0.2664,0.3688,67.2,65.36,61.892,26.499,5.835,8.639,0.1478,0.1845,0.2628,50.222,20.011,-0.05,0.08667,28.608,0.5341,0.4668,0.4584,-1.905,-0.868,-0.8868,0.01292,1.552,2.702,0.6795,0.8629,0.0001874,89.01,4.457,4.538,8.857e-05,1.172e-05,,6700176,1269,54,32,19,168,-1.2724632988148756,0.32631499200479447,0.04788418560715686,0.29803468281991313,0.44519055227100196,0.11756166005812396,0.12257330736736405
252,city_00310.jpg,1400,1.333,22.995,7.577,7.079,94.101,5.946,107.084,106.223,98.093,43.771,-1.087,4.945,0.1149,0.1713,0.431,58.173,57.591,62.265,22.995,4.246,8.244,0.2223,0.1866,0.2278,70.259,7.083,0.02125,0.02833,16.08,0.5266,0.4451,0.433,-2.722,-1.665,-1.364,0.01917,1.355,2.455,0.7456,0.8139,0.0005394,84.9,3.927,4.287,0.0001906,1.86e-05,,5558573,945,37,32,12,146,-1.4328569081865645,0.09094507753549723,0.03091613530527811,0.24130820711695944,0.635338329854961,-0.1425305514523354,0.00648218765461106
253,offices_00599.jpg,1400,1.333,31.587,7.715,9.227,117.127,5.959,103.512,97.758,84.977,39.766,0.4608,7.938,0.1205,0.3061,0.4187,80.701,78.432,75.421,31.587,5.464,10.645,0.1276,0.2125,0.3197,47.67,27.588,-0.065,0.1217,22.615,0.3845,0.2691,0.274,-2.813,-1.51,-1.422,0.001514,1.344,2.438,0.6364,0.7814,0.0005626,88.695,4.089,4.271,0.0002038,2.805e-05,,6225145,1179,61,26,48,118,-0.5558502170512656,0.5277092538605067,0.02962281975955477,0.19834448307909666,0.5149926315162175,0.8331840849730071,-0.08231325300712244
254,beaches_00375.jpg,1400,1.333,13.854,6.797,3.121,39.223,5.011,163.665,172.487,177.601,70.139,0.2069,-3.128,0.509,0.3189,0.7985,49.704,35.563,50.532,13.854,4.824,23.355,0.3325,0.123,0.1628,19.746,7.071,-0.005,0.035,11.203,0.5108,0.3066,0.2488,-2.511,-1.37,-1.155,0.006871,1.232,2.455,0.4674,0.6497,0.0008972,81.094,3.285,3.6,0.0007142,2.167e-05,,6932808,1242,59,36,39,148,-0.8114412831643224,0.3082465461905528,0.026926699642067713,0.22382970342794076,0.4734370986758274,0.5004267624941133,-0.134879758229689
255,highways_00530.jpg,1400,1.333,32.619,7.476,4.566,49.636,5.789,122.466,129.451,130.225,51.699,-2.358,-1.116,0.5357,0.1649,0.523,80.857,82.516,85.975,32.619,4.536,5.363,0.1335,0.1881,0.3255,33.021,31.454,0.01375,0.1567,21.842,0.5917,0.3459,0.3269,-2.777,-1.28,-1.326,0.008838,1.107,2.467,0.5534,0.6786,0.0005482,85.385,3.277,3.283,0.0003422,2.486e-05,,6691037,1113,46,44,8,174,-1.7065157957528907,0.027855026985458622,0.020016251102307238,0.2285175088256405,0.6099074186961738,-0.40855548828374366,0.0964837110100012
256,mountains_00591.jpg,1400,1.333,15.608,7.337,5.067,59.973,5.888,103.988,91.876,104.385,40.721,9.357,-4.853,0.7403,0.4126,0.5098,59.097,33.742,34.548,15.608,9.058,18.882,0.2263,0.1521,0.1902,34.708,8.367,0.00375,0.04167,13.465,0.4829,0.4227,0.4549,-2.682,-1.349,-1.254,0.005069,1.287,2.486,0.6542,0.787,0.0005228,93.433,4.512,4.456,0.0002932,1.754e-05,,6172211,1108,44,37,27,140,-0.9875903925425602,0.10852374379826928,0.036771184111024306,0.23416842947809743,0.7063623992143633,0.24564361737640183,-0.2123604364281969
257,city_00660.jpg,1400,1.333,30.344,7.538,14.644,149.517,6.376,89.059,91.72,93.014,37.154,-0.3781,-1.136,0.5804,0.2121,0.3845,76.865,75.733,73.389,30.344,4.96,6.605,0.2974,0.2119,0.2984,56.975,15.27,-0.02125,0.07333,22.57,0.5172,0.4285,0.4149,-2.252,-1.276,-1.092,0.01551,1.564,2.658,0.5891,0.8091,0.0006927,89.741,3.556,4.111,0.0002056,1.757e-05,,5782221,1085,38,32,9,155,-1.599290373303407,0.10763439238310202,0.049366452740029244,0.24796827204424365,0.620788978722822,-0.2754103618351449,0.10807740178160752
258,offices_20081106_00070.jpg,1400,1.333,35.239,7.626,7.63,121.906,5.171,137.268,132.623,121.677,53.475,0.1546,6.308,0.1178,0.2502,0.5517,90.21,88.699,86.372,35.239,4.616,10.029,0.1375,0.2375,0.3519,19.16,26.202,-0.01625,-0.13,11.413,0.3665,0.3896,0.3512,-2.692,-1.434,-1.355,0.002979,1.36,2.449,0.5559,0.7637,0.0007655,95.375,3.765,4.075,0.0003447,2.773e-05,,6124533,1172,53,31,32,133,-0.8634705805369564,0.33437680758881416,0.03260015594256658,0.25272443988748455,0.48430777536147873,0.4698678707274804,-0.08532178732866591
259,forests_00587.jpg,1400,1.333,21.323,7.581,26.284,154.649,6.44,58.598,80.11,19.773,30.65,-16.3561,28.689,0.2282,0.7803,0.3275,46.2,55.548,25.707,21.323,16.333,18.944,0.09577,0.1987,0.218,43.181,8.486,-0.02625,0.03333,11.576,0.5988,0.5369,0.5343,-1.785,-0.9552,-0.8771,0.001904,1.821,2.803,0.7587,0.8387,0.0002591,99.253,4.301,4.399,8.781e-05,8.711e-06,,6767475,1189,48,39,13,176,-1.484915771666128,0.13001858330708427,0.06902348039523884,0.2834750608828165,0.528253474879152,-0.16631829697697564,0.06707102559462308
260,mountains_00220.jpg,1400,1.333,26.171,7.262,11.456,94.291,4.877,87.374,115.189,156.304,48.215,9.169,-24.3596,0.662,0.5298,0.6288,92.984,68.497,54.05,26.171,7.633,25.236,0.197,0.4322,0.2006,47.123,17.668,0.00125,-0.08833,13.857,0.4159,0.2627,0.2239,-2.223,-1.117,-1.091,0.002636,1.639,2.675,0.4714,0.8222,0.0003652,90.366,4.497,4.493,0.0005836,1.882e-05,,5976283,1039,24,59,11,150,-1.488398003783629,-0.5558502170512656,0.04354344525747259,0.2680318782972789,0.48461260119928723,-0.5294215326335019,-0.5148088395848511
261,offices_00604.jpg,1400,1.333,26.898,7.626,5.242,77.156,5.712,129.015,130.009,108.588,52.698,-3.411,11.074,0.1748,0.2754,0.5372,65.325,71.34,64.929,26.898,13.283,17.403,0.1221,0.1755,0.2698,35.516,19.09,-0.02,0.09333,18.415,0.3909,0.3384,0.2858,-2.841,-1.603,-1.364,0.006496,1.145,2.387,0.639,0.783,0.0006121,88.911,3.98,4.269,0.0002437,3.061e-05,,6294541,1136,56,32,7,161,-1.7316643961222453,0.3487556955170447,0.036873080191040165,0.24255002988293942,0.5580252286624853,-0.26145794202031447,0.3827912433032239
262,highways_00493.jpg,1400,1.333,26.082,7.731,10.182,111.406,6.55,127.473,129.748,129.204,52.914,-0.4719,0.2573,0.5731,0.1629,0.5424,62.21,66.83,70.71,26.082,4.228,9.405,0.3283,0.1309,0.2705,52.176,13.065,0.0325,0.05667,16.86,0.5062,0.4093,0.3825,-2.357,-1.229,-1.081,0.00685,1.467,2.51,0.6615,0.7998,0.0006116,90.577,2.993,3.756,0.0002838,2.397e-05,,6406070,1189,31,55,12,165,-1.492404178320359,-0.3572158346345847,0.027305458862992224,0.23788728794256553,0.6383660195652519,-0.42853097436789134,-0.34365755397668396
263,mountains_00195.jpg,1400,1.333,21.826,7.167,5.154,58.357,4.196,107.954,139.98,173.061,56.321,-2.066,-20.7406,0.5861,0.3989,0.6805,50.372,55.085,61.612,21.826,3.163,9.896,0.09438,0.1519,0.2372,6.78,17.14,-0.02,-0.08333,10.869,0.5115,0.3666,0.3513,-2.565,-1.395,-1.281,0.002,1.448,2.507,0.6413,0.7877,0.0003269,78.317,4.357,4.476,0.0005237,1.56e-05,,5875505,1084,32,42,32,133,-0.8634705805369564,-0.1701847241123691,0.02726890819604595,0.2054491704757448,0.4622024571349924,0.20492998424346853,-0.5147286521760144
264,forests_00197.jpg,1400,1.333,23.526,6.695,18.441,118.79,6.48,39.462,49.956,29.827,18.869,-7.289,9.619,0.2136,0.5185,0.206,51.476,59.37,49.277,23.526,11.645,14.397,0.1653,0.2981,0.2356,67.934,33.452,0.04875,0.16,30.849,0.5814,0.4447,0.4283,-1.972,-0.9924,-0.9417,0.002922,1.662,2.726,0.6629,0.8515,0.0001778,86.379,4.2,4.459,9.333e-05,1.018e-05,,6415832,1157,53,28,31,148,-0.9416561441817515,0.39701279585878185,0.04100636295763104,0.23258465332165562,0.3963876059184472,0.4362173239771049,0.009038639188018727
265,highways_00322.jpg,1400,1.333,17.366,6.389,5.433,56.821,5.653,121.422,123.327,122.326,51.149,-0.5454,0.803,0.1651,0.1549,0.5158,41.332,44.474,54.387,17.366,5.953,9.638,0.3225,0.1523,0.1883,43.448,12.787,-0.00875,0.06333,15.226,0.4057,0.3323,0.2814,-2.395,-1.286,-1.151,0.003649,1.349,2.496,0.5039,0.7463,0.000436,86.817,3.942,4.271,0.0003448,2.518e-05,,6686413,1115,50,40,24,157,-1.1142000589215164,0.13971029888186212,0.027544997819366365,0.24151124881868397,0.5706154316428758,0.15426812199698692,-0.11933824723261277
266,highways_00478.jpg,1400,1.333,12.451,5.908,2.366,26.6,4.821,125.135,145.182,144.705,58.532,-6.69,-1.7,0.4085,0.1994,0.5968,22.614,33.118,46.696,12.451,3.452,10.221,0.1645,0.1126,0.1538,25.724,10.693,-0.00375,-0.05333,8.448,0.4773,0.3075,0.2487,-2.809,-1.281,-1.361,0.002858,1.172,2.406,0.4205,0.6448,0.0006406,88.526,3.996,3.96,0.0006292,2.385e-05,,6707642,1249,46,44,14,168,-1.4260768722728472,0.027855026985458622,0.027446399700904903,0.23056676738606377,0.5326671258414486,-0.16988806846140014,-0.05077066929154017
267,offices_00404.jpg,1400,1.333,30.915,7.685,6.97,100.748,6.417,111.563,111.367,107.509,45.214,-0.1177,2.47,0.1537,0.175,0.4685,75.323,76.966,79.07,30.915,6.342,9.921,0.2391,0.1593,0.3103,27.34,27.236,-0.05,0.1267,22.608,0.3894,0.3337,0.3433,-2.825,-1.379,-1.317,0.004504,1.333,2.392,0.6061,0.7702,0.0006433,93.894,3.58,3.902,0.0002359,3.046e-05,,6234305,1083,51,35,20,148,-1.1797611176118612,0.23532887106951705,0.027669957962807034,0.23441444143258633,0.4983578819684858,0.14868032731360714,-0.0035369505456540606
268,mountains_00168.jpg,1400,1.333,23.932,7.608,13.447,106.492,5.839,90.855,116.342,131.286,46.842,-3.206,-9.788,0.4581,0.3682,0.5465,60.543,58.795,79.476,23.932,4.395,21.74,0.2181,0.2286,0.2897,17.723,13.677,0.02125,0.065,15.802,0.5083,0.401,0.3648,-2.236,-1.11,-1.088,0.002301,1.538,2.689,0.6423,0.8398,0.0002989,95.253,4.516,4.529,0.000431,1.933e-05,,5747843,1044,38,33,28,137,-0.9553634329144168,0.08837646690321847,0.05063522469400844,0.2525794044489117,0.49284774371623646,0.2624913162285899,-0.2464286729036269
269,city_00299.jpg,1400,1.333,28.215,7.732,16.158,139.035,6.44,131.233,121.019,113.77,50.323,3.144,5.756,0.0839,0.206,0.5251,71.894,72.555,73.427,28.215,7.903,9.208,0.2067,0.1976,0.2805,49.643,23.517,0.08125,0.085,19.741,0.5086,0.5202,0.4635,-2.215,-1.058,-1.059,0.005202,1.592,2.668,0.6652,0.8222,0.0004519,90.91,3.794,4.271,0.0001367,1.28e-05,,5791174,1102,50,29,8,151,-1.641812195704041,0.3395741933452362,0.047884560820327715,0.25683601472849216,0.6485813520117729,-0.18981033983553508,0.3277972526924704
270,forests_00195.jpg,1400,1.333,21.77,7.713,26.182,193.576,6.189,117.437,110.937,89.894,46.022,-0.989,12.833,0.1275,0.2975,0.4702,56.977,54.817,55.296,21.77,6.691,7.788,0.08383,0.1731,0.2209,45.64,6.671,-0.03125,0.01167,9.528,0.6564,0.6578,0.6444,-2.043,-1.017,-1.033,0.00289,1.79,2.766,0.8366,0.8888,0.0002458,98.699,3.497,4.031,0.0001224,4.355e-06,,6685081,1293,30,56,16,169,-1.3627130195348798,-0.3884616639831113,0.06432518354646106,0.2650187927069877,0.6914679404475561,-0.33456410031073003,-0.4383482351376261
271,beaches_00565.jpg,1400,1.333,24.132,7.569,9.683,87.163,5.55,160.582,162.316,177.804,66.503,4.081,-7.177,0.7119,0.2647,0.7581,58.606,64.533,76.778,24.132,8.401,17.121,0.2631,0.1697,0.2609,12.434,18.028,-0.08375,-0.03333,17.27,0.4563,0.1816,0.1567,-2.329,-1.093,-1.108,0.003972,1.4,2.592,0.3972,0.7971,0.0009352,85.983,3.744,4.167,0.0006275,2.008e-05,,6721192,1153,78,15,1,180,-2.541122373199366,0.9891686273406352,0.0386985893534117,0.28417974225526327,0.5410487829435447,-0.6140753183948571,1.3528489352882964
272,city_00272.jpg,1400,1.333,29.853,7.336,7.732,66.748,5.392,96.491,108.685,122.519,43.764,-0.06862,-8.028,0.5603,0.3028,0.5129,63.317,73.692,94.026,29.853,3.596,17.917,0.2412,0.1523,0.3614,33.946,28.071,-0.02375,0.1383,23.675,0.4947,0.3146,0.3064,-2.28,-1.118,-1.117,0.004858,1.51,2.545,0.5118,0.7606,0.0004207,89.143,4.331,4.466,0.0004368,2.885e-05,,5353080,965,31,36,13,139,-1.3688293262216265,-0.09366769342236303,0.026149300563341544,0.18996642967819777,0.5523244766875759,-0.18497737463364694,-0.18425237569149755
273,city_00514.jpg,1400,1.333,32.826,7.423,13.588,124.741,6.307,122.926,122.264,114.853,49.384,-0.4016,4.722,0.1209,0.2319,0.5128,78.972,85.155,89.381,32.826,6.035,9.801,0.2237,0.188,0.3314,50.071,27.333,0.0,0.1367,22.841,0.4838,0.4344,0.438,-2.302,-1.13,-1.116,0.00353,1.56,2.616,0.6807,0.8342,0.0004351,88.13,3.911,4.368,0.000279,2.147e-05,,6289559,1128,59,22,14,159,-1.39887753278656,0.6079662225896395,0.03515705204933992,0.2899513492275263,0.6640640698022495,0.1578678280815592,0.4286507274098623
274,offices_00612.jpg,1400,1.333,27.032,7.84,7.02,104.57,6.721,123.671,123.756,117.682,50.468,-0.7341,3.395,0.1865,0.153,0.5119,68.435,67.725,68.173,27.032,6.127,10.551,0.2382,0.1342,0.2727,28.673,11.949,-0.03,0.05167,17.41,0.3982,0.333,0.3348,-2.908,-1.616,-1.444,0.005266,1.268,2.386,0.6792,0.7841,0.000603,96.755,3.9,4.225,0.0002482,2.495e-05,,6598864,1122,57,31,32,148,-0.9238670207443125,0.3791917808836802,0.021877837726695226,0.19834448307909666,0.5149926315162175,0.44199919496380846,-0.015468736340755296
275,forests_00397.jpg,1400,1.333,13.731,7.122,10.616,70.645,5.399,82.796,92.302,86.638,38.582,-0.5965,3.241,0.1924,0.5515,0.4595,36.84,32.781,61.861,13.731,5.486,27.153,0.2429,0.1589,0.1891,23.026,2.83,0.01375,0.003333,9.825,0.5942,0.3982,0.3829,-2.059,-1.043,-0.9383,0.002688,1.673,2.683,0.6045,0.7744,0.0002547,97.046,4.421,4.495,0.000362,1.993e-05,,6506286,1099,45,40,7,172,-1.7611543004560124,0.07379127380827269,0.03880796850965948,0.2695659937237969,0.4801791337084574,-0.43093511128076156,0.16426761354497554
276,mountains_00342.jpg,1400,1.333,21.404,7.66,13.452,117.519,4.924,121.274,141.259,160.946,57.269,-1.479,-12.501,0.588,0.296,0.6402,56.201,54.997,58.688,21.404,2.948,11.115,0.1404,0.2099,0.2208,31.966,10.062,0.0225,-0.045,9.612,0.6157,0.506,0.4965,-2.319,-1.07,-1.118,0.009102,1.589,2.662,0.6728,0.8202,0.0002918,96.392,4.466,4.483,0.0002052,1.824e-05,,5733197,1018,29,44,15,145,-1.318010897303537,-0.26044498356070356,0.044873940716567494,0.25960722616414195,0.6414842533035764,-0.22930069125510233,-0.35287212787748956
277,city_20081106_00061.jpg,1400,1.333,26.196,7.843,13.586,142.822,6.442,113.895,110.329,109.5,45.879,1.736,1.362,0.7598,0.1563,0.4784,68.387,65.769,66.898,26.196,10.997,11.777,0.3199,0.1856,0.2703,26.553,12.787,0.00875,0.06333,17.555,0.4582,0.2836,0.2939,-2.395,-1.2,-1.209,0.00297,1.559,2.6,0.586,0.824,0.0004271,97.081,3.909,4.32,0.0001436,2.509e-05,,5821068,1030,41,30,8,155,-1.6538425440791091,0.19541200066782957,0.03771437364719722,0.2250530329649369,0.7887460629625891,-0.2757462229604728,0.21142504350522362
278,forests_00591.jpg,1400,1.333,15.536,7.244,17.466,103.871,5.185,100.308,82.739,32.736,35.572,1.286,30.349,0.1201,0.7036,0.3955,39.328,39.375,26.8,15.536,8.708,10.948,0.03644,0.1515,0.1554,56.315,4.673,-0.00125,0.02333,10.814,0.6199,0.5802,0.5627,-1.89,-0.9186,-0.9352,0.00531,1.778,2.66,0.7709,0.8525,0.0001887,95.89,3.914,4.264,8.851e-05,7.799e-06,,6363408,1119,56,34,29,139,-0.9438660649065358,0.3113223796441413,0.05162387528868986,0.21339939565218677,0.50589863889873,0.3893417866881461,-0.06272775395333685
279,offices_20081106_00072.jpg,1400,1.333,30.513,7.749,6.427,90.212,5.84,117.694,114.68,111.203,46.921,1.034,2.616,0.09795,0.1448,0.4828,76.143,75.711,77.742,30.513,6.124,9.973,0.1827,0.1762,0.3029,28.085,26.715,-0.0225,0.1317,22.387,0.3287,0.3223,0.241,-2.652,-1.347,-1.263,0.004269,1.318,2.43,0.489,0.7526,0.0007273,93.684,3.965,4.117,0.0002969,3.013e-05,,6502353,1193,46,40,19,159,-1.2440446072342508,0.0875522464861795,0.025563381942629165,0.17387831722318994,0.5236841315550558,0.016376546436822847,-0.09554785955640321
280,beaches_00161.jpg,1400,1.333,10.653,6.699,2.24,31.352,4.243,99.48,131.336,171.158,54.117,1.301,-24.1963,0.5737,0.4054,0.6758,36.932,27.668,36.26,10.653,3.839,17.717,0.1441,0.2464,0.1393,30.261,4.191,-0.00625,-0.02,7.593,0.7215,0.292,0.2905,-2.574,-1.281,-1.187,0.01103,1.219,2.35,0.332,0.5449,0.0008482,90.51,2.416,2.936,0.0008136,1.144e-05,,6741637,1225,44,48,22,160,-1.1706033708794155,-0.05451891484810106,0.03859180978019849,0.22382970342794076,0.5581983540316608,0.004279187091946524,-0.25502037749312767
281,city_00138.jpg,1400,1.333,25.026,7.559,13.062,125.992,6.836,135.269,139.012,138.415,56.577,-0.9915,0.3904,0.3382,0.1978,0.5931,61.008,64.149,72.913,25.026,6.431,10.88,0.3347,0.1264,0.2721,26.973,19.531,0.045,-0.08667,12.167,0.5598,0.401,0.4146,-2.312,-1.149,-1.154,0.006276,1.58,2.658,0.6841,0.86,0.0003632,94.719,3.956,4.357,0.0003206,1.434e-05,,5845759,1125,41,38,6,156,-1.7861555612610769,0.04761219047413135,0.03524680413619367,0.26086792623781885,0.6399951596798358,-0.46595867712532435,0.15511571310898176
282,beaches_00149.jpg,1400,1.333,29.554,7.723,8.37,84.005,6.072,132.587,144.941,147.138,57.987,-2.939,-2.238,0.4614,0.3109,0.6254,74.052,73.986,80.993,29.554,4.892,14.067,0.2633,0.2093,0.3092,9.891,25.272,-0.0275,-0.1233,12.872,0.4971,0.1692,0.1451,-2.489,-1.165,-1.221,0.003079,1.436,2.583,0.3585,0.7238,0.0007916,86.361,4.416,4.465,0.0004669,2.351e-05,,6232084,1128,37,49,9,161,-1.6169811358622326,-0.17578212101566826,0.030441119372678155,0.2562667568619968,0.6585795772197549,-0.439283946614593,-0.12383493372161913
283,highways_00268.jpg,1400,1.333,14.208,7.164,14.188,118.524,6.87,133.006,135.335,137.065,56.006,-0.4443,-1.169,0.6117,0.0979,0.5559,40.205,36.335,37.849,14.208,4.14,5.551,0.2764,0.07549,0.1457,46.588,6.82,-0.02125,-0.02667,8.265,0.5974,0.607,0.5781,-2.073,-1.068,-1.033,0.002271,1.778,2.7,0.7977,0.8441,0.000311,99.201,4.451,4.537,0.0001039,8.515e-06,,6612820,1244,66,22,23,160,-1.1470375060693967,0.6744897501960817,0.039257553743464776,0.33311115660061574,0.6692236076063421,0.4071267018152862,0.35302802812518674
284,mountains_00752.jpg,1400,1.333,32.387,7.558,6.839,70.703,5.562,103.411,126.823,133.048,49.552,-6.658,-5.444,0.4796,0.2731,0.5345,72.718,81.938,91.622,32.387,2.456,9.449,0.1104,0.1201,0.3457,31.996,33.0,0.0,0.165,22.076,0.5464,0.4111,0.3765,-2.579,-1.206,-1.223,0.006494,1.512,2.566,0.6402,0.8044,0.00032,87.615,4.493,4.439,0.0002167,1.626e-05,,6009131,1091,35,46,35,126,-0.7810338115227088,-0.17103336471311073,0.03687438360161041,0.1947265394100053,0.5178650861676458,0.27464215069582354,-0.5587372300318914
285,highways_00254.jpg,1400,1.333,16.166,6.483,5.867,59.645,5.608,125.667,143.044,128.406,57.29,-8.747,5.878,0.3401,0.2122,0.5639,39.205,40.54,42.837,16.166,3.606,8.862,0.1559,0.08261,0.1596,10.646,1.685,-0.00125,-0.008333,10.518,0.4756,0.3082,0.2869,-2.427,-1.18,-1.124,0.004319,1.436,2.532,0.4664,0.7066,0.0006086,79.423,3.94,4.136,0.0003482,2.497e-05,,6619414,1152,59,29,37,146,-0.8338392314203908,0.44116864743261897,0.037456742027429,0.203821254169692,0.4392882100272268,0.5511604514936057,-0.009995628392505895
286,city_00312.jpg,1400,1.333,29.062,7.182,10.222,92.187,5.829,139.426,140.016,130.344,56.569,-1.751,5.477,0.302,0.1512,0.5642,73.957,75.614,80.078,29.062,3.577,7.635,0.1678,0.1502,0.2895,42.119,23.058,0.04375,0.1067,22.454,0.4151,0.3641,0.3321,-2.275,-1.111,-1.092,0.005259,1.474,2.624,0.6112,0.8231,0.0005416,86.57,4.048,4.365,0.0004023,2.281e-05,,5750677,1079,30,43,9,153,-1.5932188180230507,-0.22507901183286774,0.028666187791619054,0.22373156564578098,0.6302380064760424,-0.4449461136230055,-0.17826627632955083
287,city_00313.jpg,1400,1.333,25.566,7.727,13.75,140.978,7.022,92.739,92.334,84.936,38.042,-0.5802,4.448,0.2778,0.2356,0.3982,65.633,63.135,59.364,25.566,10.391,11.926,0.2478,0.2181,0.2591,41.149,19.047,-0.08,0.05167,17.475,0.4758,0.4789,0.4315,-2.365,-1.231,-1.135,0.005837,1.494,2.593,0.7148,0.8376,0.0005257,94.039,3.489,4.067,0.0001265,1.434e-05,,5460732,960,33,33,8,148,-1.6325479658463486,0.0,0.037624128669492295,0.2732932096765067,0.7282764982915251,-0.36023146746503465,0.033938276313640214
288,city_00307.jpg,1400,1.333,29.107,7.618,14.279,128.94,6.182,118.296,113.586,110.199,46.69,1.496,2.838,0.07287,0.1661,0.4749,72.566,74.012,76.177,29.107,4.929,6.758,0.2109,0.1681,0.2855,50.139,18.209,-0.06375,0.065,21.06,0.4486,0.5218,0.4355,-2.309,-1.141,-1.084,0.003419,1.505,2.637,0.6979,0.8329,0.0004497,93.359,4.04,4.364,0.0001631,1.537e-05,,5431740,954,36,34,23,129,-1.0308064799022896,0.035816631660069466,0.041977045921112184,0.2538366406196447,0.5731476724458234,0.17068714362612114,-0.2515456556451924
289,beaches_00362.jpg,1400,1.333,27.338,7.402,12.255,99.31,5.979,122.088,133.012,144.062,53.868,-1.086,-6.796,0.598,0.2361,0.5805,62.267,68.193,76.655,27.338,3.849,9.401,0.1979,0.2,0.2937,8.354,1.0,-0.005,0.0,10.861,0.3739,0.3,0.3208,-2.325,-1.006,-1.093,0.01243,1.545,2.547,0.6094,0.7996,0.0004302,94.002,4.215,4.366,0.0003424,2.64e-05,,6555040,1201,44,44,25,152,-1.0747517770157822,0.0,0.02773661925586191,0.28321362756390006,0.5579749937986982,0.11448072841315826,-0.2589523506418996
290,city_00663.jpg,1400,1.333,24.735,7.742,12.496,125.259,6.1,121.326,131.097,135.147,53.348,-1.012,-2.995,0.4547,0.2555,0.5822,62.104,63.152,73.475,24.735,5.913,17.942,0.3236,0.1968,0.277,31.944,7.28,0.01,-0.035,10.044,0.448,0.3788,0.3335,-2.4,-1.258,-1.173,0.003229,1.47,2.581,0.5841,0.7676,0.0005585,95.672,4.048,4.305,0.0002963,2.43e-05,,5977292,1190,42,32,7,161,-1.7316643961222453,0.1701847241123691,0.029611505734066252,0.2458294499925489,0.762585209277713,-0.35522294941562715,0.23081849832384793
291,mountains_00223.jpg,1400,1.333,22.579,7.635,15.814,102.051,6.471,113.381,110.855,135.943,47.624,10.536,-13.0407,0.9138,0.393,0.5983,63.026,59.909,56.535,22.579,10.69,28.774,0.2881,0.2367,0.2027,49.261,12.0,-0.05375,-0.02667,11.856,0.5314,0.314,0.2976,-2.071,-1.057,-0.9614,0.005942,1.684,2.717,0.5807,0.8371,0.0005015,90.991,4.534,4.534,0.0003708,1.949e-05,,5760975,1058,34,37,23,143,-1.08683794779058,-0.05298171210299662,0.035552024592884195,0.19784631365371533,0.5847414877518371,0.0763748754709751,-0.29769614127873734
292,forests_00355.jpg,1400,1.333,20.891,7.54,21.824,170.28,5.606,67.643,76.694,66.754,30.738,-5.516,4.58,0.2865,0.2281,0.3049,49.423,50.19,48.8,20.891,6.023,6.597,0.1688,0.2254,0.1996,35.086,10.361,0.04625,-0.02333,10.601,0.655,0.6248,0.6063,-2.096,-1.157,-1.048,0.006237,1.791,2.746,0.8533,0.8666,0.0002074,98.412,3.112,3.829,0.0001165,6.376e-06,,6696762,1210,38,48,10,177,-1.6120462688747592,-0.1462539338043102,0.07415509487984816,0.310218914147855,0.5768216407776099,-0.4195793107112378,-0.10129620979835174
293,offices_00149.jpg,1400,1.333,33.16,7.817,9.086,124.898,6.34,139.097,121.021,95.587,50.248,4.308,16.134,0.08946,0.4137,0.5598,84.78,84.728,74.982,33.16,9.683,17.985,0.1367,0.2631,0.3328,24.693,12.2,-0.04875,-0.03667,15.005,0.3914,0.3543,0.3677,-2.644,-1.423,-1.288,0.002522,1.374,2.396,0.6008,0.7942,0.0005346,97.094,4.139,4.311,0.0002203,3.129e-05,,6616896,1166,47,44,20,159,-1.217369434132487,0.041329811744738806,0.03749811373950824,0.18051738218313698,0.6555309838911481,0.0148077155452071,-0.1488921854315075
294,offices_00613.jpg,1400,1.333,27.304,7.409,6.16,78.583,6.604,89.485,85.869,80.611,35.219,1.202,4.04,0.07435,0.2669,0.3738,67.53,68.606,72.017,27.304,4.9,9.26,0.2234,0.204,0.2698,65.702,29.0,0.0,0.145,23.122,0.3048,0.2763,0.2306,-2.825,-1.489,-1.315,0.007461,1.231,2.369,0.553,0.744,0.0006329,82.214,3.244,3.595,0.0001944,2.845e-05,,6434908,1118,51,36,10,165,-1.5792195192835747,0.21779837992739853,0.0315658944497792,0.2429249578271624,0.6745781173045753,-0.2004835706494641,0.19129350175849114
295,offices_00607.jpg,1400,1.333,28.14,7.839,8.066,117.721,6.323,101.679,101.024,102.585,41.424,1.359,-0.7756,0.7347,0.2407,0.4367,69.867,69.673,69.427,28.14,4.534,11.016,0.3195,0.2098,0.2687,32.375,17.388,-0.05375,0.06833,21.572,0.3793,0.389,0.3559,-2.771,-1.469,-1.372,0.002478,1.356,2.447,0.5731,0.8038,0.0005544,97.306,4.415,4.418,0.0002487,2.563e-05,,6769877,1211,66,28,38,143,-0.8066129633412071,0.5305297601890662,0.032185708680680304,0.22614839900789946,0.574610064347599,0.6212535690677636,0.051758990992000875
296,beaches_00202.jpg,1400,1.333,17.465,7.162,5.598,39.735,5.051,107.436,159.575,181.309,62.802,-10.4735,-16.1028,0.5457,0.4621,0.7159,62.489,44.104,52.785,17.465,7.026,8.994,0.1004,0.215,0.205,43.593,23.714,-0.0075,-0.1183,7.735,0.6328,0.4033,0.409,-2.286,-1.018,-1.099,0.01413,1.532,2.694,0.6955,0.7391,0.0006215,93.178,2.763,3.352,0.0005143,1.583e-05,,6305578,1168,49,38,12,160,-1.4775252920188415,0.1591341053593571,0.05091370788339299,0.3059804595468763,0.5487418877358434,-0.14474049746705364,0.08796914469905348
297,forests_00194.jpg,1400,1.333,33.167,6.807,11.32,91.153,6.015,79.507,84.96,80.501,33.271,-3.115,2.124,0.3569,0.2296,0.3436,84.804,83.114,86.306,33.167,4.914,8.245,0.2336,0.1766,0.3286,66.962,36.723,0.03625,0.18,36.1,0.491,0.2991,0.2838,-2.388,-1.242,-1.175,0.002287,1.416,2.7,0.71,0.8263,0.0002444,75.38,4.53,4.504,0.0002457,1.236e-05,,6422123,1203,26,65,10,159,-1.5617656983502832,-0.5659488219328631,0.03531941520153378,0.31172328842593433,0.5462033005972987,-0.5971637059685768,-0.4848789485322402
298,highways_00331.jpg,1400,1.333,23.924,7.154,6.249,65.28,5.644,150.557,148.394,142.112,60.596,-0.09473,4.28,0.1264,0.1559,0.6078,58.562,62.229,74.381,23.924,3.375,8.949,0.3333,0.1606,0.2457,33.443,27.739,0.01,-0.1383,8.611,0.4215,0.2207,0.1975,-2.36,-1.343,-1.143,0.005157,1.437,2.59,0.4825,0.7806,0.0005462,90.687,4.346,4.372,0.0004662,2.261e-05,,6638801,1205,43,50,10,166,-1.582057854709355,-0.094475828269203,0.031150172609292547,0.29465895734098413,0.580327272877945,-0.36686975779415554,-0.07297695436601648
299,forests_20081106_00100.jpg,1400,1.333,22.509,7.772,12.877,105.784,6.682,120.724,131.899,116.682,53.051,-7.229,7.396,0.3149,0.2185,0.523,62.754,55.626,68.881,22.509,8.053,9.39,0.1749,0.2365,0.2224,35.274,13.2,0.0275,0.06,16.421,0.4702,0.4324,0.4715,-2.233,-1.104,-1.103,0.002848,1.538,2.654,0.6958,0.8688,0.0002294,92.552,4.526,4.542,0.0001313,8.058e-06,,6388343,1081,32,48,7,173,-1.7637280406336864,-0.2533471031357997,0.04646279242223973,0.289291071175862,0.48759493794420516,-0.6049010725383532,-0.11279192181128384
300,forests_00147.jpg,1400,1.333,22.904,7.642,16.475,140.262,7.009,83.336,83.461,80.451,34.29,-0.446,1.935,0.2253,0.1736,0.3534,57.003,55.451,56.567,22.904,6.322,6.682,0.2615,0.1116,0.2335,48.445,6.0,0.0,0.03,11.963,0.5202,0.5511,0.4773,-2.476,-1.086,-1.101,0.006935,1.634,2.655,0.7907,0.8587,0.0002075,94.156,3.885,4.306,0.0001342,8.734e-06,,6482101,1145,47,45,9,161,-1.6169811358622326,0.027249331354402176,0.03496959342849516,0.19635349824752532,0.48750316219590095,-0.33267509813709495,0.04895489259290098
301,mountains_00555.jpg,1400,1.333,20.16,7.592,6.578,69.723,5.214,151.945,149.366,149.979,61.405,1.146,-0.06957,0.9701,0.06604,0.6075,53.253,52.297,50.366,20.16,1.146,3.723,0.2137,0.06384,0.1987,38.597,11.344,-0.0025,-0.05667,12.777,0.3376,0.4578,0.322,-2.54,-1.192,-1.201,0.005956,1.4,2.551,0.3976,0.7935,0.0003053,94.644,4.354,4.389,0.0002972,1.298e-05,,5816883,983,27,45,26,139,-1.0044712645057225,-0.31863936396437514,0.03976673007190547,0.29764478579738085,0.5484283484582794,0.006980053679507048,-0.5670335081931329
302,city_00115.jpg,1400,1.333,23.454,7.564,15.715,126.861,6.66,113.432,115.141,111.206,47.323,-1.182,2.151,0.3036,0.1529,0.4727,60.794,59.583,60.818,23.454,6.093,6.322,0.2516,0.1422,0.2346,64.745,16.031,-0.005,0.08,17.729,0.5548,0.4621,0.4504,-2.194,-1.046,-0.9434,0.004706,1.684,2.679,0.7269,0.8244,0.000371,87.91,4.042,4.342,0.0001405,1.356e-05,,5513097,987,29,41,9,146,-1.5712308690512935,-0.21653412444917083,0.030604586451089478,0.23702766790843924,0.5755484201432622,-0.42174648404244786,-0.18253970442764378
303,city_00317.jpg,1400,1.333,22.109,7.474,18.176,143.011,6.128,149.576,149.106,142.914,60.866,-0.7643,3.447,0.1645,0.1068,0.6015,57.282,57.668,57.831,22.109,4.146,6.21,0.183,0.1203,0.2175,24.12,9.804,-0.015,-0.04667,10.978,0.5181,0.4977,0.4425,-1.986,-1.05,-0.9919,0.006689,1.706,2.721,0.7395,0.7983,0.0005409,97.46,3.543,4.086,0.0001996,1.536e-05,,6054955,1002,40,37,8,159,-1.6655233794215798,0.04884984243636232,0.05229123514132422,0.25249093389518223,0.7195699379740875,-0.36264484001468644,0.09282682052600422
304,beaches_00400.jpg,1400,1.333,30.629,7.038,7.862,72.883,5.694,167.937,171.903,165.352,68.547,-1.829,3.471,0.156,0.2189,0.7094,75.477,79.68,88.632,30.629,3.55,12.716,0.2532,0.2068,0.3068,17.86,29.44,0.0125,-0.1467,20.259,0.5718,0.1415,0.1402,-2.35,-1.059,-1.022,0.01338,1.516,2.613,0.3994,0.7141,0.0005005,88.867,3.586,4.0,0.0005337,2.78e-05,,6108924,1116,55,28,3,163,-2.095297232809091,0.4197079794617776,0.052831101111371015,0.32667593165436654,0.5451767750780087,-0.5336714969154532,0.6341134409803242
305,beaches_00372.jpg,1400,1.333,17.51,7.291,6.587,57.445,5.297,111.923,144.765,167.627,58.604,-2.111,-15.5289,0.4872,0.4047,0.6766,69.601,44.767,26.962,17.51,5.573,18.951,0.2307,0.3174,0.107,31.1,19.648,-0.0175,0.09667,17.28,0.4584,0.1844,0.2049,-2.128,-1.069,-1.019,0.002597,1.473,2.611,0.2859,0.6824,0.0004494,92.796,4.203,4.391,0.0005439,2.075e-05,,6682845,1114,58,30,14,168,-1.4260768722728472,0.40998332218733674,0.03194778733026237,0.20512679215360186,0.6220197204478443,0.03076191481255608,0.27443944464413494
306,beaches_00373.jpg,1400,1.333,32.8,7.483,11.204,68.61,6.447,146.445,158.413,162.621,62.737,-2.874,-3.374,0.5271,0.1798,0.655,84.354,82.653,86.364,32.8,5.556,8.737,0.2349,0.1646,0.3382,18.693,26.867,-0.1288,0.03833,27.693,0.4723,0.3705,0.3317,-2.255,-0.974,-1.109,0.0278,1.57,2.629,0.4876,0.761,0.0003817,88.073,3.723,4.034,0.0002662,2.916e-05,,7101214,1328,55,43,12,179,-1.531465242626684,0.1540744667957507,0.043369242651325746,0.2395187102031618,0.5563990511764609,-0.19330281046252895,0.11198622134256475
307,mountains_00742.jpg,1400,1.333,29.941,6.883,3.471,44.522,5.14,102.886,116.403,156.291,47.775,5.463,-22.1557,0.6727,0.3983,0.6131,56.385,76.087,89.227,29.941,6.72,11.723,0.08814,0.1159,0.3498,21.471,29.592,0.0525,0.1383,23.653,0.4564,0.3216,0.3399,-2.615,-1.501,-1.378,0.01337,1.317,2.396,0.5152,0.646,0.0008965,92.257,3.665,4.002,0.0004682,2.073e-05,,5936300,1074,32,45,14,148,-1.3631364655496252,-0.2132027400269713,0.03989140739617388,0.2425309428368818,0.6842437347442978,-0.24289857416798566,-0.28897186133719766
308,beaches_00398.jpg,1400,1.333,9.983,6.906,4.906,46.959,6.027,133.093,146.22,145.712,59.601,-4.279,-1.143,0.4986,0.2045,0.6056,35.15,25.131,26.946,9.983,6.056,8.248,0.2125,0.1114,0.09163,23.029,4.673,0.00125,0.02333,11.075,0.6306,0.4531,0.4435,-2.453,-1.263,-1.169,0.004248,1.564,2.622,0.7776,0.7026,0.0004114,94.05,3.545,4.07,0.0001953,1.232e-05,,6830861,1221,66,27,9,176,-1.6580999336683138,0.5524425846467744,0.028843308796378204,0.24266418316126923,0.535035292565559,-0.09189793056124751,0.5175112546359273
309,offices_20081106_00062.jpg,1400,1.333,24.558,7.676,6.632,110.387,6.018,143.591,134.833,128.592,56.119,3.817,4.772,0.05591,0.267,0.6135,67.644,63.201,64.665,24.558,5.968,18.824,0.1991,0.1994,0.2522,35.752,13.928,0.025,-0.065,9.303,0.3555,0.3593,0.3624,-2.96,-1.548,-1.469,0.00288,1.342,2.395,0.6477,0.7826,0.0005555,98.142,4.374,4.414,0.000269,2.293e-05,,6671371,1096,59,30,32,150,-0.9313967882247425,0.42044924012247076,0.030847160524664394,0.19531506907319543,0.5545404666864449,0.457254678630334,0.02359717666854455
310,offices_20081106_00076.jpg,1400,1.333,31.591,7.726,9.326,137.519,6.005,158.602,147.721,123.469,59.978,0.4437,14.217,0.1358,0.2559,0.6296,83.517,80.192,74.178,31.591,7.015,12.458,0.1058,0.1664,0.3232,17.757,25.386,-0.05,-0.1167,13.822,0.4306,0.4079,0.4137,-2.715,-1.525,-1.361,0.005286,1.397,2.496,0.7008,0.8269,0.0005047,94.925,4.226,4.408,0.0001943,2.078e-05,,6199551,1106,51,35,52,114,-0.4866505077285448,0.23532887106951705,0.058343624189185685,0.21566001832585363,0.48433556247198273,0.7385518004299765,-0.36747920247080146
311,offices_00602.jpg,1400,1.333,26.364,7.71,9.162,117.039,6.128,104.083,96.073,82.402,39.858,1.413,8.694,0.09994,0.3318,0.4279,70.085,64.065,55.934,26.364,5.392,11.96,0.2112,0.1846,0.2627,36.146,4.191,0.00625,-0.02,11.773,0.3812,0.3603,0.3368,-2.622,-1.417,-1.26,0.004606,1.363,2.457,0.6114,0.8104,0.0006575,96.974,3.749,4.042,0.0002103,2.742e-05,,6440116,1166,48,40,7,167,-1.7480245865828785,0.11418529432142824,0.02962281975955477,0.2602040416520619,0.6252402849257535,-0.39855076434717596,0.19175070567982755
312,forests_00393.jpg,1400,1.333,22.79,7.555,14.96,133.625,4.664,75.456,79.35,36.352,31.294,-8.059,22.769,0.1696,0.5979,0.3161,52.395,57.694,40.002,22.79,7.045,14.164,0.02882,0.2079,0.2237,60.623,17.059,-0.03375,0.07833,18.479,0.5272,0.5229,0.4459,-2.197,-1.318,-1.109,0.007085,1.608,2.655,0.7015,0.8759,0.0002389,89.064,4.49,4.537,0.0001082,7.695e-06,,6513334,1171,45,38,18,164,-1.2878384698340328,0.10589879442185142,0.03626450123393679,0.2296685196265213,0.48229106995242077,-0.011260696452379149,-0.05693852094451113
313,beaches_00575.jpg,1400,1.333,10.006,6.475,5.149,49.265,5.915,161.641,163.707,160.944,66.892,-1.152,1.259,0.4575,0.07121,0.6553,26.196,26.577,30.471,10.006,1.934,5.479,0.2375,0.07081,0.1009,76.225,3.333,0.0,-0.01667,8.166,0.6259,0.2743,0.2668,-2.333,-1.148,-1.089,0.004463,1.551,2.547,0.5427,0.7561,0.000454,98.684,3.583,4.079,0.0003006,1.197e-05,,6351495,1096,33,54,13,161,-1.4415644358138213,-0.3072925712011558,0.02129658680662054,0.21883428176969386,0.6903356068176429,-0.3590498583152748,-0.3278655888659897
314,highways_00318.jpg,1400,1.333,27.195,5.811,4.296,40.314,4.091,167.896,171.422,171.047,68.767,-1.377,-0.2238,0.3616,0.03792,0.6755,74.363,72.552,73.269,27.195,1.682,2.099,0.308,0.04375,0.284,34.904,44.057,-0.01125,-0.22,13.365,0.5345,0.2948,0.2742,-2.665,-1.257,-1.249,0.006198,1.099,2.546,0.4965,0.7587,0.0006403,89.349,3.82,3.972,0.000519,2.607e-05,,6435510,1166,28,59,12,165,-1.492404178320359,-0.4625622663238157,0.03848363043109204,0.37204057105220045,0.5075716865383962,-0.4838468460838241,-0.4333125873320974
315,mountains_00178.jpg,1400,1.333,17.211,7.015,8.546,73.258,5.408,112.087,133.138,166.077,54.774,1.83,-19.1597,0.6344,0.3368,0.6645,38.417,43.829,59.437,17.211,3.077,15.893,0.1631,0.1648,0.2175,20.71,11.358,0.00375,-0.05667,8.529,0.6798,0.2338,0.2311,-2.217,-1.104,-1.049,0.00375,1.627,2.653,0.4936,0.7949,0.0004582,89.576,3.532,4.093,0.0005544,1.605e-05,,5944840,1045,46,27,54,117,-0.47950565333095013,0.3322161795592806,0.03355505889350037,0.2171870828319202,0.5344078896753927,0.7955065353027955,-0.2887749607406359
316,highways_00324.jpg,1400,1.333,19.556,6.999,4.035,43.596,5.921,170.261,180.062,175.857,71.957,-4.201,1.168,0.3805,0.09358,0.7139,53.965,51.34,56.763,19.556,3.633,5.147,0.1554,0.09754,0.2067,32.823,24.88,-0.01625,-0.1233,11.937,0.4833,0.3242,0.3169,-2.572,-1.385,-1.245,0.007503,1.237,2.511,0.5149,0.7233,0.0004516,89.136,3.316,3.539,0.000468,1.747e-05,,6415589,1140,59,26,25,153,-1.0783022878727748,0.5075560690656841,0.02311243997209813,0.234305760691567,0.3720747271708239,0.37796934203466315,0.17486733524680287
317,highways_00440.jpg,1400,1.333,28.564,7.063,8.577,70.21,6.504,144.596,156.865,153.58,62.709,-3.316,1.271,0.5106,0.2248,0.6488,76.374,74.561,83.76,28.564,9.658,10.866,0.2463,0.2257,0.2944,29.167,32.911,-0.02,-0.1633,14.44,0.4914,0.341,0.293,-2.23,-1.197,-1.08,0.005544,1.361,2.573,0.5912,0.7861,0.0003911,90.718,4.125,4.409,0.0003942,2.308e-05,,6548540,1250,67,21,28,153,-1.0164980719101158,0.7106958574551973,0.04117590481685268,0.2828303939287449,0.574260780792112,0.5372335263981902,0.31529687030519304
318,highways_00468.jpg,1400,1.333,15.484,6.742,4.431,50.011,5.296,111.219,127.918,123.565,52.052,-5.891,1.008,0.48,0.2121,0.5227,44.071,39.289,46.416,15.484,10.979,10.418,0.126,0.2275,0.1573,12.383,12.093,0.0075,-0.06,8.506,0.4179,0.1672,0.1547,-2.221,-1.402,-0.9706,0.02675,1.362,2.52,0.4654,0.6524,0.0006316,86.956,4.237,4.418,0.0004261,2.83e-05,,6421545,1092,60,26,14,164,-1.4141993772446095,0.5177235528176671,0.021116826303474112,0.28087331841262975,0.6441456699837669,0.09744307217581827,0.3598950204547189
319,mountains_20081106_00017.jpg,1400,1.333,29.658,7.38,3.816,53.1,4.579,107.755,124.95,139.955,49.876,-2.258,-9.415,0.531,0.3273,0.5644,67.602,72.695,87.505,29.658,2.312,12.427,0.1761,0.1571,0.3224,20.078,28.09,-0.01125,-0.14,9.406,0.5443,0.3505,0.3375,-2.715,-1.494,-1.372,0.007578,1.363,2.457,0.4701,0.7321,0.0004933,84.658,4.132,4.34,0.0003663,1.756e-05,,6214614,1167,28,57,11,159,-1.5164256205913489,-0.4415380390635178,0.030590172842134986,0.21623077914683728,0.5735635774567089,-0.493250769255289,-0.40280661988872096
320,forests_00150.jpg,1400,1.333,30.851,7.556,38.247,178.233,6.908,127.152,142.738,134.058,56.386,-6.952,2.79,0.3958,0.2569,0.5756,83.199,78.672,80.203,30.851,7.701,12.43,0.203,0.2196,0.3059,36.676,18.386,0.01875,0.09,17.673,0.6354,0.6078,0.5993,-1.69,-0.7073,-0.8006,0.01056,1.824,2.911,0.7991,0.8769,0.000252,96.344,4.118,4.359,9.356e-05,6.166e-06,,6657117,1172,29,56,15,170,-1.397836528971104,-0.40925444734403177,0.08185955331111953,0.32113372511464217,0.4499054196677294,-0.3753739339058173,-0.43760108257488406
321,offices_00628.jpg,1400,1.333,27.776,7.898,10.341,137.484,6.921,123.375,126.292,129.087,51.605,0.1492,-1.618,0.5331,0.1825,0.5435,73.907,70.552,70.262,27.776,9.205,11.875,0.2605,0.1571,0.2883,35.293,8.775,-0.01375,0.04167,14.747,0.399,0.4022,0.4039,-2.703,-1.429,-1.314,0.002401,1.344,2.498,0.6883,0.8063,0.0005806,96.735,3.998,4.254,0.0001795,2.038e-05,,6528824,1197,50,36,36,144,-0.8416212335729142,0.205464409067124,0.03975457965791188,0.21254304503652371,0.4593259701266624,0.42077273114438496,-0.20650539894627096
322,forests_00391.jpg,1400,1.333,20.015,7.21,21.051,98.042,6.015,161.644,156.222,128.223,63.777,-2.091,15.857,0.1486,0.2786,0.6587,48.795,54.764,63.105,20.015,9.031,12.504,0.1372,0.1389,0.2099,51.073,14.669,0.00125,-0.07333,8.792,0.6696,0.5207,0.5161,-1.736,-0.7179,-0.7684,0.009533,1.865,2.82,0.791,0.8572,0.0002642,96.889,4.305,4.5,0.0001791,1.219e-05,,6440581,1144,41,41,10,170,-1.5932188180230507,0.0,0.0655174342346007,0.2585919971159601,0.4801791337084574,-0.3267604138811835,0.013287115559489138
323,offices_00172.jpg,1400,1.333,26.812,7.571,7.985,113.387,6.755,86.411,85.908,78.641,35.017,-0.6081,4.131,0.1702,0.2528,0.3631,65.79,65.658,66.499,26.812,3.703,13.065,0.2739,0.2005,0.2678,33.55,17.464,0.035,0.08,20.382,0.4273,0.3201,0.3213,-2.738,-1.495,-1.345,0.005817,1.306,2.414,0.5871,0.8141,0.0005652,95.271,3.792,4.169,0.0001689,1.889e-05,,6802885,1227,56,35,17,169,-1.3321962791570434,0.29338123212119344,0.029058498772169625,0.24254714854811546,0.6283188543318061,0.04943289796571426,0.12590996083818295
324,offices_00166.jpg,1400,1.333,28.814,7.849,8.415,94.917,5.807,124.576,110.406,93.081,46.377,4.926,11.761,0.09337,0.4642,0.5262,76.088,71.651,76.349,28.814,8.152,20.426,0.1579,0.2913,0.2938,25.512,26.101,0.0375,0.125,21.349,0.3359,0.3179,0.3184,-2.592,-1.399,-1.362,0.0224,1.319,2.428,0.548,0.8002,0.0006583,92.518,4.362,4.393,0.0002545,3.477e-05,,6257808,1094,65,22,41,127,-0.6933415430368173,0.6654743776421845,0.025459471352782204,0.16017705839574106,0.4329352406948168,0.7885106069271546,0.10712637962325666
325,offices_00600.jpg,1400,1.333,26.071,6.889,8.154,112.338,4.986,66.943,62.498,57.032,25.863,0.8524,3.737,0.05012,0.2367,0.2664,65.204,63.348,61.328,26.071,2.056,6.124,0.1258,0.2664,0.2591,49.306,13.687,0.00375,0.06833,20.16,0.4968,0.444,0.4245,-2.657,-1.46,-1.321,0.004733,1.346,2.486,0.5836,0.8095,0.0007298,88.882,3.337,3.986,0.0001886,1.748e-05,,6365215,1130,59,30,14,156,-1.3894173338410671,0.42044924012247076,0.05859231716899898,0.2126050043506626,0.5423781482101571,0.06745649907895235,0.26409707152320894
326,mountains_00230.jpg,1400,1.333,22.187,7.257,5.756,64.675,4.73,141.963,157.929,177.204,63.827,-0.7264,-12.2699,0.6116,0.2469,0.6956,69.384,57.883,47.09,22.187,1.936,8.664,0.1058,0.1902,0.1855,42.342,25.822,-0.025,-0.1267,10.802,0.4826,0.2862,0.299,-2.614,-1.254,-1.273,0.004735,1.377,2.477,0.4031,0.7288,0.0005067,93.673,3.41,3.704,0.0003931,1.547e-05,,5696326,1057,27,45,13,147,-1.3967126453904508,-0.31863936396437514,0.03504713258324663,0.2156677998334998,0.45643620320523914,-0.3268367972825992,-0.3610732914227539
327,forests_00583.jpg,1400,1.333,16.929,7.211,20.716,124.213,7.253,56.811,65.311,50.1,25.95,-6.109,7.703,0.301,0.3278,0.2683,40.896,41.625,33.243,16.929,7.946,11.629,0.2059,0.1722,0.1655,70.378,3.489,0.01125,-0.01333,9.168,0.6074,0.5629,0.5515,-1.852,-0.9635,-0.9245,0.001281,1.816,2.692,0.8716,0.8692,0.0001673,98.388,4.486,4.557,8.407e-05,7.389e-06,,6409679,1161,36,57,12,158,-1.4714240601722344,-0.2868939169230392,0.04100636295763104,0.23258465332165562,0.5014630865385712,-0.3737508429596932,-0.29482647093484293
328,city_00670.jpg,1400,1.333,23.453,7.692,14.111,144.984,6.906,100.198,100.78,97.026,41.961,-0.3283,2.624,0.2179,0.2879,0.4445,64.644,57.063,58.25,23.453,11.18,12.409,0.2845,0.2383,0.2477,22.689,6.562,-0.03125,0.01,15.525,0.5286,0.4327,0.4223,-2.245,-1.197,-1.123,0.009923,1.57,2.614,0.6699,0.7994,0.0005797,97.203,3.624,4.139,0.0001189,1.909e-05,,5709461,1071,49,25,8,151,-1.641812195704041,0.4183712879116543,0.054911474364733426,0.5177127862863262,0.807269576515476,-0.14843513704288291,0.3948574846185229
329,forests_20081106_00063.jpg,1400,1.333,21.57,7.409,21.323,120.51,5.494,39.245,73.716,35.615,26.989,-19.8026,17.437,0.3281,0.6528,0.2921,47.896,54.411,45.644,21.57,11.129,13.434,0.05701,0.2124,0.2168,69.631,26.249,0.0275,0.1283,20.945,0.6191,0.4678,0.4512,-1.742,-0.8405,-0.8568,0.003317,1.736,2.732,0.686,0.8599,0.0001622,90.574,4.371,4.527,8.936e-05,8.119e-06,,6693585,1160,49,36,42,146,-0.7607464737712613,0.1928724986317672,0.04818814127839117,0.21937373261549237,0.43352957965293987,0.4829893309876765,-0.2596878931086064
330,forests_20081106_00088.jpg,1400,1.333,26.671,7.73,27.633,195.532,6.269,80.473,88.928,61.677,35.034,-7.741,13.825,0.2042,0.3655,0.3593,64.178,67.357,59.531,26.671,11.084,14.171,0.1017,0.2374,0.2666,54.333,12.457,-0.04125,0.04667,16.511,0.6123,0.5095,0.4803,-1.991,-0.9713,-0.9546,0.004244,1.768,2.829,0.6769,0.8654,0.0003251,94.979,3.752,4.212,0.0001127,9.786e-06,,6675340,1170,70,29,39,136,-0.7625793801630817,0.5448472393466709,0.06014685240043003,0.23945809470736884,0.3908111402384637,0.6662462293123285,0.04082248418907197
331,city_00314.jpg,1400,1.333,29.059,7.591,14.109,106.41,6.04,132.404,126.76,119.814,51.967,1.236,4.945,0.0795,0.1848,0.5276,71.574,74.437,78.316,29.059,4.571,7.448,0.206,0.1931,0.2837,54.566,15.138,0.01875,0.07333,20.613,0.6148,0.3961,0.3893,-2.113,-1.109,-0.9986,0.00428,1.655,2.667,0.6363,0.819,0.0003489,84.199,4.333,4.474,0.0003097,1.855e-05,,5758073,949,55,22,9,150,-1.5839392375511274,0.5659488219328631,0.03165621787430678,0.24938054479725386,0.6255635706225957,-0.02169157563745472,0.4900650340850352
332,highways_20081106_00024.jpg,1400,1.333,21.734,7.639,10.13,144.093,6.121,95.619,82.913,72.991,35.572,3.774,7.846,0.07623,0.2812,0.3871,60.288,52.497,49.592,21.734,9.427,11.383,0.1865,0.2033,0.2352,49.215,4.031,-0.0175,-0.01,10.704,0.4786,0.4877,0.4296,-2.713,-1.698,-1.367,0.01234,1.516,2.558,0.6099,0.8124,0.0005221,96.587,4.102,4.428,0.0001562,1.757e-05,,6365188,1150,53,33,13,160,-1.4385113572990296,0.29572269945216134,0.05165361715405032,0.24694513260235945,0.8064516616663616,-0.039817031241498047,0.18372715937033446
333,city_00301.jpg,1400,1.333,25.269,7.842,14.158,147.283,6.779,111.747,98.259,97.939,41.892,6.009,2.482,0.9433,0.2516,0.4517,60.547,63.667,64.774,25.269,7.806,9.581,0.21,0.2139,0.2428,35.552,3.473,-0.00875,-0.015,14.098,0.5717,0.5003,0.478,-2.188,-1.274,-1.07,0.007828,1.547,2.657,0.6334,0.8014,0.0005828,95.079,3.999,4.377,0.0001462,1.477e-05,,6433471,1185,55,28,11,165,-1.5341205443525463,0.4197079794617776,0.07142870146759554,0.2526213071554731,0.7200463245457367,-0.05608232834947979,0.3394477630748103
334,city_00473.jpg,1400,1.333,30.823,7.571,11.669,94.488,6.256,102.672,106.596,114.419,43.164,0.5794,-4.508,0.6513,0.1799,0.4607,71.822,78.712,84.151,30.823,4.117,6.795,0.1859,0.1221,0.3239,46.957,28.521,-0.1,0.1017,28.523,0.4012,0.4112,0.3836,-2.154,-1.104,-1.098,0.004674,1.46,2.591,0.5448,0.8182,0.0004205,80.376,4.346,4.493,0.0002496,2.156e-05,,6156498,1109,51,27,8,163,-1.6768733449354665,0.3957252958144873,0.02794687806953422,0.23685442091867273,0.6125688015631763,-0.1901649918377546,0.39399472028676685
335,offices_20081106_00075.jpg,1400,1.333,31.217,7.505,5.709,83.347,5.131,119.876,89.587,48.004,39.021,8.49,26.901,0.1148,0.6906,0.4763,84.612,78.114,65.685,31.217,11.381,20.341,0.07129,0.2366,0.3365,56.363,15.589,0.0375,0.06833,25.379,0.3996,0.3235,0.2721,-2.863,-1.474,-1.371,0.006333,1.254,2.425,0.5573,0.7448,0.0006345,90.343,4.081,4.153,0.0003053,3.391e-05,,6585296,1224,54,32,20,163,-1.23031482479362,0.32631499200479447,0.03893084217478856,0.20137030409807005,0.6212948637578966,0.15343209993598217,0.10044175962913682
336,offices_20081106_00061.jpg,1400,1.333,24.807,7.645,8.087,91.109,5.789,98.17,84.206,68.241,35.781,3.922,11.404,0.1187,0.385,0.4016,63.775,60.104,57.692,24.807,8.774,12.431,0.1623,0.2351,0.2538,28.764,23.554,0.105,0.05333,19.247,0.4149,0.3765,0.3555,-2.432,-1.31,-1.158,0.002754,1.357,2.43,0.5902,0.7994,0.000557,93.829,4.325,4.371,0.0001738,2.369e-05,,6351063,1182,57,28,39,134,-0.7539703062610624,0.4415380390635177,0.030310445181495022,0.2458938320438041,0.5596691085464246,0.6193268265111509,-0.051619263183940944
337,mountains_00345.jpg,1400,1.333,25.753,7.569,10.515,83.203,5.227,114.939,133.047,163.579,53.97,1.053,-17.8592,0.5971,0.3201,0.6437,58.892,63.244,76.374,25.753,3.677,10.987,0.08151,0.128,0.2965,8.818,18.554,-0.0225,-0.09,13.773,0.5948,0.2325,0.2094,-2.259,-1.235,-1.076,0.002368,1.556,2.67,0.4566,0.8346,0.0003516,82.957,4.319,4.483,0.0004218,1.598e-05,,5727118,984,32,42,33,122,-0.7963881708337864,-0.1701847241123691,0.031145384602293998,0.24625130484784785,0.48148714280148425,0.2620204388802344,-0.5499526451488634
338,offices_00629.jpg,1400,1.333,26.309,7.808,7.418,88.543,6.019,114.863,120.528,115.623,48.768,-2.935,2.102,0.3075,0.1028,0.48,64.358,66.888,68.267,26.309,3.103,5.541,0.1805,0.09055,0.2666,45.99,24.201,-0.09625,0.07333,19.216,0.4241,0.4199,0.3689,-2.548,-1.323,-1.269,0.00678,1.305,2.47,0.617,0.8145,0.0006424,85.795,3.666,4.02,0.0001924,2.112e-05,,6436738,1094,46,42,13,161,-1.4415644358138213,0.056999674358374317,0.031194585068617865,0.2001980806490412,0.680284711026005,-0.1677653240471817,-0.017834836964434442
339,mountains_00351.jpg,1400,1.333,26.616,7.666,9.71,77.447,5.798,141.227,152.928,141.433,60.99,-5.956,5.031,0.4214,0.2941,0.6198,72.985,67.111,86.657,26.616,6.241,16.207,0.2466,0.3059,0.2675,34.305,32.714,-0.00875,-0.1633,11.54,0.5366,0.3851,0.3836,-2.207,-1.194,-1.183,0.002993,1.338,2.587,0.5599,0.8236,0.0002452,91.996,4.458,4.485,0.0002159,1.475e-05,,5788234,992,44,27,34,133,-0.8288564716551625,0.3047410526908449,0.04400450152238557,0.22483349849016218,0.49048090870272293,0.48376489074751294,-0.1287186459317491
340,highways_00482.jpg,1400,1.333,23.401,7.685,15.404,149.036,6.256,164.195,160.047,155.818,65.275,0.9056,2.814,0.08664,0.1083,0.6521,59.148,60.504,60.468,23.401,3.111,4.883,0.1622,0.1427,0.2282,11.569,15.922,0.07875,-0.01167,12.386,0.492,0.5417,0.4951,-2.41,-1.222,-1.184,0.007771,1.627,2.579,0.6797,0.8273,0.0006665,95.346,3.888,4.057,0.0001739,1.124e-05,,6462088,1184,53,36,2,171,-2.271422935516749,0.24173079767289,0.0885261927008343,0.4883623340334149,0.7864208094811667,-0.7770164142148079,0.5751270729250586
341,mountains_00108.jpg,1400,1.333,18.787,7.428,7.491,52.156,5.961,111.789,131.27,153.379,53.715,-0.3411,-13.1394,0.6422,0.2771,0.6191,33.094,50.981,68.543,18.787,4.819,14.77,0.195,0.1612,0.2532,40.782,15.384,0.00625,0.07667,14.285,0.5687,0.3055,0.2875,-2.316,-1.067,-1.103,0.001323,1.412,2.612,0.7345,0.8135,0.0002022,85.842,4.075,4.339,0.0003863,1.317e-05,,6046563,1088,29,48,30,139,-0.9248775880609698,-0.31436115805143106,0.025463936041682674,0.22243536115241294,0.49068344012001625,0.07696463965711364,-0.6051860192686641
342,mountains_00685.jpg,1400,1.333,23.849,7.3,5.185,63.765,4.457,77.491,92.905,112.85,37.876,0.2841,-13.0647,0.5941,0.3658,0.4437,60.708,58.503,58.593,23.849,1.5,10.234,0.07399,0.2147,0.229,57.732,20.518,0.07,-0.075,17.488,0.4265,0.3891,0.3255,-2.799,-1.407,-1.384,0.001286,1.13,2.481,0.6169,0.7802,0.0004631,86.682,4.14,4.309,0.0003885,1.683e-05,,5846494,1011,33,40,12,153,-1.4557760251170173,-0.12047158314200541,0.053573792437438796,0.336479844480287,0.6293267302039522,-0.27304765443390244,-0.16140937306896153
343,forests_00136.jpg,1400,1.333,30.256,7.071,19.622,120.106,6.327,51.894,68.85,52.568,25.881,-8.814,6.894,0.3296,0.5347,0.2777,69.627,76.613,78.649,30.256,8.502,13.469,0.1361,0.2924,0.3062,68.831,26.643,0.04125,0.1267,28.346,0.4586,0.4711,0.4377,-2.025,-0.9825,-1.021,0.004391,1.687,2.68,0.6875,0.854,0.0002153,86.383,4.524,4.543,0.000121,1.277e-05,,6418825,1226,20,60,9,173,-1.65020458739169,-0.6744897501960817,0.04997888406521845,0.24255089081207729,0.5625819967989178,-0.7294228379319785,-0.5308146885981945
344,offices_00114.jpg,1400,1.333,23.189,7.766,6.662,79.129,6.407,157.717,147.539,128.348,60.764,1.078,11.559,0.1191,0.2441,0.6302,60.128,59.807,59.574,23.189,5.75,11.053,0.1281,0.1708,0.2276,17.895,12.083,0.03625,-0.04833,8.965,0.309,0.3852,0.3106,-2.722,-1.46,-1.331,0.007125,1.235,2.391,0.6245,0.7477,0.0005011,93.235,3.722,4.133,0.0003181,3.264e-05,,6516439,1175,46,41,6,172,-1.8288923910348345,0.0720919460978495,0.03337658692103622,0.2153058662515314,0.7135287594693372,-0.4894758749784067,0.19838968287889158
345,forests_00334.jpg,1400,1.333,19.622,7.592,15.836,127.565,7.425,115.644,116.822,107.78,48.236,-1.819,5.177,0.1412,0.2041,0.4865,47.965,50.435,57.451,19.622,8.811,10.714,0.2624,0.1686,0.1943,48.249,14.002,0.00125,0.07,14.26,0.6305,0.5054,0.4973,-2.246,-1.063,-1.085,0.004179,1.661,2.688,0.7745,0.8547,0.0003295,91.305,3.414,3.892,0.0001194,7.995e-06,,6705372,1225,56,29,48,140,-0.6578441244318577,0.40925444734403177,0.04984371329166254,0.23659017929020884,0.43857699202564326,0.6841833281560917,-0.1295686526732217
346,mountains_00256.jpg,1400,1.333,27.895,7.632,6.479,59.743,5.871,116.081,120.968,122.322,49.001,-1.421,-1.112,0.5301,0.187,0.4971,70.995,69.685,74.091,27.895,2.153,7.324,0.2238,0.1601,0.2749,37.837,30.667,0.0,0.1533,20.672,0.5496,0.3999,0.3882,-2.504,-1.204,-1.207,0.007112,1.485,2.584,0.5883,0.806,0.0003261,87.33,4.384,4.493,0.0002588,1.68e-05,,5826729,1019,35,41,6,152,-1.7746883070113357,-0.09910785982289917,0.024589061470162554,0.2407835803269221,0.630161140222256,-0.5332400297490101,0.024228392606503002
347,beaches_00115.jpg,1400,1.333,25.571,7.658,9.409,84.487,6.311,114.024,124.96,134.048,50.762,-0.9641,-5.589,0.5056,0.2487,0.5619,63.108,62.661,72.425,25.571,5.979,14.508,0.3115,0.1439,0.2881,11.986,10.247,0.04375,-0.02667,10.578,0.4316,0.336,0.297,-2.584,-1.141,-1.246,0.01003,1.426,2.565,0.6212,0.8197,0.0003221,90.069,3.859,4.229,0.0003308,1.685e-05,,6540556,1224,70,16,43,136,-0.7055839193445022,0.8925596729344507,0.02773661925586191,0.2161093633898298,0.5632681963829979,0.8973309079371087,0.30681551103440197
348,highways_00208.jpg,1400,1.333,27.955,7.66,6.184,56.715,6.553,124.143,140.412,134.774,55.668,-6.857,1.285,0.4101,0.2277,0.5615,71.359,69.781,72.537,27.955,3.995,6.779,0.1382,0.2106,0.2784,19.327,24.156,-0.03125,-0.1167,11.88,0.4614,0.3915,0.3148,-2.559,-1.335,-1.266,0.006185,1.322,2.451,0.6019,0.7511,0.0004181,86.096,3.878,4.179,0.0002713,2.229e-05,,6432321,1101,55,31,26,149,-1.0425799977914263,0.3572158346345847,0.027116404103740673,0.2402854865421762,0.4835866727487536,0.32942932097496913,0.028163093818756924
349,forests_20081106_00011.jpg,1400,1.333,28.787,7.374,15.792,123.184,6.294,94.246,85.632,61.582,35.179,0.7158,15.476,0.1337,0.5627,0.3824,69.164,73.396,83.581,28.787,7.33,13.043,0.1456,0.3007,0.2825,67.81,27.145,-0.04875,0.1267,27.181,0.5259,0.3534,0.3366,-2.422,-1.178,-1.162,0.004332,1.521,2.636,0.7814,0.8111,0.0002458,76.959,4.271,4.419,0.0001152,1.316e-05,,6546740,1141,55,40,13,161,-1.4415644358138213,0.199201324789267,0.05162387528868986,0.1952208393729497,0.4621445848064073,-0.09309731558312961,0.10318581374147628
350,forests_20081106_00005.jpg,1400,1.333,19.145,7.361,20.303,135.78,6.763,65.308,79.427,59.192,31.335,-9.428,9.908,0.3014,0.3259,0.3196,46.991,47.71,42.704,19.145,8.768,10.42,0.1265,0.1715,0.1936,71.521,10.713,0.005,0.05333,14.174,0.5789,0.5521,0.5825,-1.914,-0.9573,-0.8867,0.00143,1.774,2.709,0.7451,0.8733,0.0001268,96.001,4.531,4.552,9.076e-05,6.456e-06,,6328701,1142,29,52,26,151,-1.0498538537466255,-0.3637437332542593,0.04311192949174584,0.23091716503194618,0.4864609531120732,-0.05532642364834772,-0.5815898270354877
351,city_00399.jpg,1400,1.333,18.734,7.445,14.082,125.586,5.789,101.737,118.061,137.432,48.638,0.1557,-11.8618,0.6067,0.2687,0.5508,46.855,47.12,57.928,18.734,4.94,15.691,0.1477,0.2253,0.225,14.903,4.773,-0.005,0.02333,10.714,0.5822,0.5083,0.4951,-1.984,-1.064,-0.959,0.005389,1.669,2.725,0.5504,0.7894,0.0004543,98.359,4.112,4.415,0.0004033,1.819e-05,,6107492,1123,50,37,3,161,-2.090361196243243,0.18838518473871063,0.03904174104230971,0.28989145161708835,0.5567556081197838,-0.6509349041028882,0.43465443980398355
352,highways_00220.jpg,1400,1.333,26.951,7.684,7.346,89.47,5.819,123.695,133.843,138.746,53.944,-2.196,-3.878,0.499,0.2103,0.5644,67.394,67.903,69.4,26.951,2.574,8.839,0.2273,0.15,0.2735,19.3,17.007,0.0025,-0.085,9.383,0.4455,0.3669,0.3591,-2.577,-1.321,-1.307,0.003636,1.349,2.503,0.5563,0.8057,0.0005831,92.718,3.842,4.304,0.0004095,2.181e-05,,6564314,1201,39,49,11,170,-1.5483129779997704,-0.14290699209399252,0.038266138544613186,0.2595481313134786,0.652975818427976,-0.3635816919695005,-0.13191321618080587
353,beaches_00317.jpg,1400,1.333,9.562,6.221,3.525,39.941,5.379,164.121,156.015,143.85,64.932,2.568,7.641,0.6656,0.286,0.7078,37.962,24.896,43.081,9.562,4.558,22.471,0.3993,0.19,0.1032,86.542,3.765,0.00875,0.01667,10.469,0.5309,0.2057,0.1999,-2.861,-1.204,-1.39,0.01286,1.518,2.517,0.4281,0.6484,0.0004857,99.802,2.796,3.064,0.0005219,2.231e-05,,6241471,1113,49,37,17,153,-1.2815515655446004,0.17578212101566826,0.031280362051054875,0.2084173141528232,0.3928746535631736,0.030784484117038602,-0.0007655088101454766
354,beaches_00471.jpg,1400,1.333,19.487,7.555,11.614,104.258,6.464,120.661,129.086,148.121,53.982,4.313,-9.808,0.7543,0.4246,0.6607,52.647,50.374,72.685,19.487,9.595,25.558,0.3494,0.2072,0.2348,21.527,4.717,-0.0125,-0.02,7.74,0.4253,0.307,0.2593,-2.25,-1.197,-1.112,0.003038,1.54,2.613,0.5956,0.7366,0.0006116,95.829,4.104,4.399,0.0003814,2.891e-05,,6145785,1192,54,30,1,167,-2.514954877802528,0.3661063568005698,0.05531006622807943,0.2930272136040848,0.8599832640453698,-0.9189663758380893,0.8088519004829282
355,beaches_00303.jpg,1400,1.333,16.314,7.279,5.986,52.253,4.66,123.281,156.303,189.496,63.726,2.097,-19.9726,0.5677,0.4455,0.7884,72.723,42.131,38.128,16.314,5.141,26.541,0.2782,0.2902,0.1363,19.769,17.14,-0.02,0.08333,17.099,0.4251,0.2573,0.2332,-2.38,-1.148,-1.158,0.008009,1.383,2.527,0.404,0.6646,0.0004367,90.445,3.946,4.179,0.000528,2.619e-05,,6694583,1266,61,30,19,162,-1.2537173719938703,0.4408236656611847,0.0316540162534629,0.20512679215360186,0.452109007929102,0.19364220372947805,0.21018265041703743
356,highways_00585.jpg,1400,1.333,18.127,7.041,6.578,75.789,5.881,124.466,166.319,158.551,64.802,-14.4974,-0.2576,0.4242,0.3258,0.6847,49.512,46.301,50.352,18.127,4.728,14.452,0.1077,0.1906,0.1906,5.633,5.339,0.00125,0.02667,13.838,0.5608,0.3798,0.3771,-2.376,-1.307,-1.191,0.006167,1.369,2.546,0.4955,0.7217,0.0004404,78.236,4.013,4.264,0.0003308,1.818e-05,,6604069,1206,47,45,9,167,-1.6339339161209514,0.027249331354402176,0.053754082351076184,0.30118673821134945,0.6559857380968007,-0.34710275415914316,0.05785654975378185
357,forests_00719.jpg,1400,1.333,27.814,7.605,29.517,174.341,6.372,63.658,84.261,51.342,31.981,-13.5461,15.507,0.2806,0.5885,0.3372,70.215,69.26,66.899,27.814,11.149,13.8,0.09749,0.2919,0.2763,60.738,9.13,0.0425,-0.01667,15.697,0.6023,0.579,0.6082,-1.918,-0.9166,-0.9251,0.003815,1.784,2.811,0.7844,0.8875,0.0001866,96.136,4.49,4.532,9.724e-05,6.786e-06,,6631154,1236,33,50,15,171,-1.4007450611305767,-0.2595891288031469,0.05869723567583011,0.2417102745731212,0.5496987458859741,-0.29926216738094635,-0.30870125274671556
358,beaches_00316.jpg,1400,1.333,14.556,6.671,6.225,47.494,4.884,126.956,148.33,157.124,60.296,-2.763,-5.997,0.3303,0.3736,0.6836,44.462,37.849,57.714,14.556,5.753,19.945,0.3353,0.2085,0.1888,3.573,4.727,-0.00375,-0.02333,8.493,0.4076,0.2304,0.2139,-2.238,-1.06,-1.076,0.004061,1.71,2.453,0.5301,0.7627,0.0004383,74.43,3.531,3.932,0.0004323,3.392e-05,,6363537,1143,59,29,26,147,-1.0351946116776978,0.44116864743261897,0.02478890907717086,0.15026148825416985,0.5190634743590795,0.379797045597569,0.09573313911319625
359,highways_20081106_00094.jpg,1400,1.333,8.468,6.435,5.444,57.174,6.805,121.168,124.005,121.819,51.615,-1.51,0.8704,0.3834,0.07963,0.4998,25.5,20.643,23.121,8.468,3.783,4.109,0.2841,0.047,0.08918,36.436,3.01,-0.00125,0.015,9.063,0.5043,0.5343,0.4896,-2.559,-1.304,-1.218,0.002651,1.583,2.536,0.7824,0.817,0.0004238,98.067,4.354,4.295,0.00012,1.285e-05,,6527729,1194,73,14,28,151,-1.0092616605071927,0.9906856905714567,0.025172356599693267,0.2441171776258086,0.7124785950140664,0.6904106405858799,0.5497823581026144
360,forests_20081106_00010.jpg,1400,1.333,23.408,7.557,16.204,144.471,5.526,81.738,75.022,43.215,30.699,-1.578,18.891,0.135,0.6055,0.3281,54.582,58.718,53.148,23.408,6.527,10.803,0.05838,0.2452,0.2221,59.959,21.84,0.01375,0.1083,21.065,0.5998,0.5045,0.476,-2.196,-1.153,-1.078,0.01275,1.637,2.728,0.7437,0.8411,0.0003536,89.382,3.065,3.728,0.000125,1.02e-05,,6527899,1138,59,24,31,151,-0.9528632927194653,0.5558502170512654,0.08023336489675793,0.24391573156683954,0.43857699202564326,0.5100826938204828,0.15010186503843592
361,forests_00241.jpg,1400,1.333,28.117,7.963,24.37,169.412,5.942,120.352,118.109,42.01,47.349,-8.214,37.712,0.1617,0.6947,0.5112,75.434,72.213,42.329,28.117,14.175,22.83,0.06283,0.2122,0.2974,36.233,7.126,0.035,-0.006667,13.766,0.614,0.5655,0.5419,-1.942,-1.046,-0.9272,0.002327,1.678,2.777,0.7386,0.8582,0.0002468,97.001,4.275,4.408,9.002e-05,9.196e-06,,6561296,1176,41,55,9,164,-1.6255461309087054,-0.18380470283773825,0.047686219032480555,0.2743602167531474,0.5571025911616589,-0.4507857222708873,-0.12616519464910936
362,mountains_00257.jpg,1400,1.333,27.265,7.325,10.306,80.063,5.428,68.068,83.227,98.2,33.186,-0.9436,-10.3977,0.5539,0.4633,0.3973,64.093,65.844,74.968,27.265,3.552,12.339,0.1415,0.2365,0.2812,34.081,30.458,0.01375,0.1517,22.974,0.5693,0.2934,0.2918,-2.177,-1.088,-1.051,0.001921,1.434,2.613,0.6409,0.7915,0.0003352,88.686,4.341,4.434,0.0003296,1.946e-05,,6062970,1128,44,32,50,123,-0.5562577256704163,0.199201324789267,0.03944106561903366,0.21455674286959278,0.5910991191136855,0.6603425623030433,-0.36167580161927576
363,mountains_00323.jpg,1400,1.333,27.377,7.514,14.205,132.156,5.882,77.853,88.025,106.106,36.087,2.814,-11.3154,0.587,0.3868,0.4292,71.236,67.698,70.955,27.377,5.113,16.107,0.2105,0.2959,0.2688,50.525,19.235,-0.095,-0.015,15.352,0.5154,0.2363,0.2075,-2.307,-1.112,-1.074,0.001883,1.567,2.709,0.3898,0.8451,0.0003776,90.778,4.331,4.446,0.000397,2.026e-05,,5861022,1061,39,32,35,134,-0.8165228092432704,0.12388232125861323,0.048900878213463284,0.19784631365371533,0.5379010813550767,0.39929517184968044,-0.28911461393932647
364,offices_00667.jpg,1400,1.333,25.418,7.707,9.287,108.58,6.535,106.123,104.063,96.633,43.069,0.6505,4.567,0.1427,0.2452,0.4547,62.586,62.624,65.646,25.418,7.576,16.648,0.2374,0.2365,0.2528,18.975,6.456,-0.00625,0.03167,13.116,0.3316,0.392,0.2858,-2.643,-1.295,-1.25,0.001972,1.472,2.541,0.5983,0.8258,0.0004644,98.112,4.37,4.422,0.0001936,2.673e-05,,6422307,1172,45,41,15,160,-1.3676279233156885,0.058326735272993174,0.03155364382334755,0.22614839900789946,0.6247364791828018,-0.10414486801420852,-0.055528424551903544
365,city_20081106_00028.jpg,1400,1.333,29.421,7.673,11.716,125.748,6.526,96.537,104.684,110.056,42.398,-0.5916,-3.581,0.551,0.3205,0.4674,71.886,75.19,81.634,29.421,7.846,13.913,0.1718,0.233,0.3052,53.51,24.064,0.04875,0.11,25.961,0.4298,0.4507,0.4161,-2.425,-1.28,-1.2,0.001931,1.5,2.579,0.6541,0.8295,0.0005339,85.763,4.05,4.382,0.000259,1.829e-05,,5562058,1011,43,23,6,154,-1.7804643416920258,0.38941429785214443,0.04991843238236731,0.29360306982370704,0.8029178012076682,-0.2816398758816858,0.44301786679377453
366,city_00207.jpg,1400,1.333,22.931,7.505,12.049,108.37,6.431,112.486,117.397,118.131,48.177,-1.112,-0.6455,0.6394,0.2019,0.503,55.53,58.696,68.787,22.931,6.759,13.411,0.2751,0.1856,0.2551,62.599,10.05,-0.01375,0.04833,14.118,0.5862,0.2771,0.2713,-2.41,-1.084,-1.028,0.00354,1.6,2.664,0.5638,0.8086,0.0004895,83.188,4.15,4.411,0.0002374,1.94e-05,,6345253,1106,40,43,13,160,-1.4385113572990296,-0.04531601592937276,0.02794687806953422,0.23132774260774341,0.5285982983901831,-0.21889147664713104,-0.10651368612139156
367,highways_00433.jpg,1400,1.333,15.941,6.53,3.652,43.246,4.986,97.302,116.247,147.315,48.272,2.196,-18.4503,0.6264,0.3809,0.5959,37.281,38.364,51.957,15.941,3.297,16.129,0.1849,0.1626,0.1929,5.098,1.641,-0.0075,0.003333,8.108,0.6086,0.1564,0.1528,-2.565,-1.294,-1.231,0.002802,1.12,2.45,0.2078,0.3487,0.0006897,98.539,3.717,3.782,0.0008196,2.082e-05,,6476874,1154,38,50,17,159,-1.3012239250892588,-0.17174708963751179,0.03141637286446119,0.19872888729390148,0.5405817592353478,-0.16844017825310753,-0.28620041888734316
368,mountains_20081106_00070.jpg,1400,1.333,31.017,7.292,6.106,57.178,5.051,103.809,96.337,88.997,39.959,2.131,4.443,0.9657,0.2689,0.4336,85.55,75.071,61.73,31.017,2.056,13.733,0.2523,0.2086,0.3258,30.057,29.041,-0.0575,0.1333,30.118,0.4927,0.1473,0.1278,-2.302,-1.115,-1.043,0.003369,1.332,2.589,0.2527,0.6872,0.0004732,89.897,4.358,4.457,0.0002955,2.374e-05,,5815612,1142,36,35,20,147,-1.1761849978409358,0.017653228648661298,0.035095809031076286,0.24052107061085312,0.5750315312810366,0.03742548377923316,-0.19066747645227955
369,offices_00473.jpg,1400,1.333,31.073,7.8,6.881,110.96,6.24,113.398,121.293,92.666,47.963,-7.611,14.627,0.2299,0.4023,0.4837,78.057,78.587,76.885,31.073,5.358,10.089,0.09955,0.2765,0.3067,29.885,22.033,0.02,0.1083,19.679,0.3691,0.3476,0.3426,-2.736,-1.414,-1.313,0.002438,1.272,2.444,0.5359,0.7885,0.0007282,94.013,4.148,4.385,0.000233,2.617e-05,,6491424,1138,48,40,24,152,-1.0968035620935128,0.11418529432142824,0.04242268051507386,0.2315519073816801,0.6381897412019999,0.1556705959412804,-0.15019593714181512
370,highways_00357.jpg,1400,1.333,18.194,6.939,5.56,64.62,5.762,106.609,136.164,117.057,53.846,-13.0636,7.756,0.3509,0.3008,0.5352,51.346,46.856,55.938,18.194,9.015,8.595,0.1146,0.2321,0.1836,40.648,10.009,0.03875,0.03167,14.88,0.3317,0.3842,0.2813,-2.46,-1.302,-1.161,0.01324,1.351,2.512,0.5844,0.7413,0.0006335,92.624,3.743,4.19,0.0003617,2.461e-05,,6491815,1170,60,27,12,166,-1.4953180341916958,0.49487316356862393,0.039678368844495576,0.28087331841262975,0.6451680634436876,0.01640867017652181,0.3830424282220757
371,highways_00425.jpg,1400,1.333,15.657,6.784,5.33,61.1,5.478,104.615,137.875,149.426,55.092,-7.796,-9.489,0.488,0.3153,0.6035,36.401,39.342,48.81,15.657,2.787,12.845,0.1261,0.1705,0.1778,4.811,4.341,0.00125,-0.02167,9.765,0.5002,0.3514,0.352,-2.498,-1.121,-1.155,0.01084,1.483,2.493,0.5115,0.7105,0.0005168,82.901,3.743,4.089,0.0004194,2.554e-05,,6562553,1162,62,28,34,142,-0.8662307448481308,0.4927033330600414,0.03228618199995929,0.2121531321891511,0.49856414441227875,0.5506537788246502,0.050871252977112924
372,highways_00394.jpg,1400,1.333,19.38,7.115,5.083,52.453,5.179,133.911,149.475,153.24,60.194,-4.491,-3.538,0.4935,0.1572,0.6138,44.788,49.782,57.238,19.38,3.156,7.037,0.1148,0.117,0.2121,18.549,18.417,-0.00875,-0.09167,8.537,0.5049,0.2546,0.2295,-2.213,-1.128,-0.9973,0.008937,1.332,2.536,0.3385,0.6932,0.0007048,85.342,3.862,4.142,0.0004753,3.279e-05,,6484724,1144,54,36,33,140,-0.8751305243197361,0.2533471031357997,0.025773820247755538,0.203821254169692,0.4392882100272268,0.4173971671940514,-0.14815961481711004
373,beaches_00248.jpg,1400,1.333,15.781,6.859,6.426,47.908,6.057,164.333,172.241,182.387,70.013,0.5355,-5.535,0.6144,0.26,0.7756,47.214,40.496,55.882,15.781,5.865,17.215,0.228,0.1478,0.1773,5.506,11.344,-0.0025,-0.05667,11.081,0.5217,0.2041,0.1952,-2.406,-1.065,-1.145,0.01587,1.56,2.492,0.3606,0.7199,0.0003842,78.717,3.428,3.97,0.0004979,2.161e-05,,6066193,1036,48,35,38,126,-0.7332357831855119,0.19758024286313683,0.032143667298196676,0.20665607057056862,0.5042384528398434,0.5088742595452371,-0.27012683107292146
374,forests_00653.jpg,1400,1.333,18.814,7.57,18.098,128.493,5.897,104.79,105.131,57.559,42.809,-7.209,25.816,0.1663,0.5075,0.4345,48.745,47.332,41.556,18.814,8.061,14.259,0.07165,0.1992,0.1911,43.844,3.333,0.01,-0.01333,10.83,0.6445,0.5636,0.5481,-2.089,-0.9977,-0.9684,0.002485,1.745,2.735,0.8212,0.8326,0.0002136,96.289,3.906,4.373,0.0001001,7.268e-06,,6327109,1184,46,43,25,142,-1.037718353751271,0.04225911854129584,0.05603217690832538,0.1938934068969632,0.46692798858371576,0.16818765220146503,-0.24243345613370892
375,forests_00121.jpg,1400,1.333,22.127,7.794,28.439,169.969,6.849,123.867,124.801,122.283,51.34,-0.5286,1.397,0.3368,0.1507,0.516,55.869,56.178,60.086,22.127,3.848,9.577,0.3471,0.1409,0.2214,37.627,13.06,-0.00625,0.065,13.162,0.7076,0.6476,0.6362,-1.723,-0.8214,-0.8026,0.002883,1.839,2.857,0.8728,0.8895,0.0002314,96.185,3.68,4.201,0.00011,4.371e-06,,6482030,1104,68,26,6,166,-1.8134175686740346,0.5929845539816321,0.06866775558523718,0.274938731664339,0.7633331315998698,-0.20279293844102364,0.6335694997056478
376,offices_00117.jpg,1400,1.333,21.039,6.978,7.786,97.025,6.271,61.602,43.413,47.97,19.935,9.78,0.4598,0.9589,0.5715,0.2764,60.544,48.331,52.538,21.039,9.686,16.099,0.1543,0.268,0.2441,72.295,11.005,0.045,0.03167,19.25,0.3612,0.3199,0.285,-2.503,-1.305,-1.197,0.002466,1.368,2.438,0.514,0.7834,0.0007069,87.59,4.084,4.322,0.0002505,3.456e-05,,6289012,1104,58,26,11,161,-1.5224076198327583,0.49720057068155404,0.04372415642170807,0.21392426642404508,0.5763783977852086,-0.005423822049973603,0.3992475125246575
377,offices_00671.jpg,1400,1.333,29.418,7.237,7.326,92.051,6.161,92.06,84.049,78.487,35.037,3.043,4.55,0.06272,0.3724,0.3846,72.795,72.356,69.034,29.418,8.024,11.078,0.1915,0.2977,0.2825,35.724,35.151,0.01625,0.175,25.335,0.4265,0.333,0.3127,-2.553,-1.285,-1.295,0.003336,1.309,2.475,0.5577,0.7812,0.000535,90.066,4.075,4.282,0.0002369,3.256e-05,,6540030,1086,62,26,62,117,-0.3951428997018882,0.5375191062027732,0.03310881536700404,0.22631583058962224,0.5481547984851354,0.9751049852958495,-0.15834964629457626
378,offices_00659.jpg,1400,1.333,24.776,7.488,8.863,110.348,4.955,114.258,94.287,57.355,40.354,4.636,23.158,0.1156,0.6113,0.476,69.461,58.4,56.432,24.776,6.435,21.282,0.1044,0.2087,0.2792,17.901,19.437,0.01,0.09667,18.03,0.4532,0.3785,0.3502,-2.617,-1.369,-1.268,0.002509,1.396,2.52,0.698,0.7962,0.000499,96.689,4.117,4.342,0.0002126,2.518e-05,,6550179,1175,60,28,29,150,-0.9862257492652905,0.4727891209922672,0.04641595886743784,0.1804083941092004,0.6525071169979211,0.43807542250638243,0.09693089492135287
379,highways_00155.jpg,1400,1.333,21.206,7.223,6.224,71.702,5.012,125.576,151.684,154.515,60.409,-7.377,-4.223,0.5205,0.243,0.6197,60.85,55.528,60.355,21.206,6.526,8.758,0.07039,0.2175,0.2247,39.837,16.335,-0.00125,0.08167,16.068,0.516,0.4547,0.4321,-2.298,-1.249,-1.134,0.005268,1.407,2.504,0.5338,0.7599,0.0004842,88.099,3.671,4.183,0.0003248,2.125e-05,,6472678,1155,57,30,28,150,-1.0056026647040792,0.3993230673495512,0.02750123186151345,0.298573160570982,0.684000267023725,0.3830087562155017,0.044582178095004754
380,forests_00294.jpg,1400,1.333,21.742,7.715,18.4,171.205,4.595,143.314,72.055,15.078,38.193,25.911,41.631,0.06935,0.9223,0.562,69.403,50.06,30.59,21.742,12.281,18.717,0.0275,0.1277,0.2722,44.227,3.745,-0.0175,0.006667,13.526,0.6681,0.6102,0.5921,-2.242,-1.135,-1.189,0.002981,1.718,2.742,0.8272,0.8582,0.0002067,97.173,3.583,4.096,0.0001028,7.261e-06,,6502929,1178,62,23,5,174,-1.9120800929233375,0.6110349080044065,0.1034500116460899,0.3362736081495471,0.6578614884595976,-0.2772816582687474,0.7007374949862772
381,offices_20081106_00011.jpg,1400,1.333,30.987,7.708,9.712,121.013,5.679,159.28,139.024,112.414,57.711,4.968,17.383,0.09308,0.3878,0.6368,78.353,80.709,83.036,30.987,9.196,16.211,0.09365,0.25,0.3006,32.098,20.025,-0.03625,-0.09333,14.008,0.44,0.3259,0.3024,-2.645,-1.386,-1.343,0.002848,1.386,2.503,0.6489,0.7871,0.0005377,95.461,4.13,4.301,0.000187,2.611e-05,,6662038,1226,56,34,18,163,-1.2847060377089963,0.3113223796441413,0.04121070601347851,0.23181531382079743,0.6312500510720661,0.09927008097904255,0.11624233462850775
382,city_00629.jpg,1400,1.333,21.229,6.888,7.861,112.513,4.963,80.845,28.122,18.679,19.02,21.678,16.884,0.01395,0.8503,0.3219,68.618,46.928,45.08,21.229,18.126,18.776,0.06726,0.2439,0.2751,70.802,13.51,0.05875,-0.03333,13.785,0.4734,0.4353,0.3975,-2.826,-1.454,-1.452,0.002772,1.49,2.376,0.7645,0.8158,0.000391,93.678,4.264,4.486,0.0001541,1.828e-05,,5892982,1054,42,30,7,159,-1.7260559398492492,0.21042839424792484,0.0883164263343217,0.30548897431209887,0.8000630808220263,-0.32931851216923946,0.2621229372853351
383,city_00601.jpg,1400,1.333,22.912,7.752,11.575,117.71,6.724,140.375,127.852,112.963,53.559,2.85,9.617,0.1014,0.2641,0.575,67.511,57.874,49.824,22.912,9.137,14.119,0.1996,0.1616,0.2458,36.712,15.134,0.0325,0.06833,17.64,0.4977,0.5189,0.4608,-2.296,-1.273,-1.102,0.003658,1.496,2.549,0.7416,0.8299,0.0005586,94.997,4.034,4.38,0.0001653,1.573e-05,,5849702,1005,50,27,9,153,-1.5932188180230507,0.3835679461489343,0.047884560820327715,0.3138049243782755,0.5667491863243037,-0.12535449093441509,0.33972244378680005
384,mountains_00282.jpg,1400,1.333,22.636,7.313,9.241,64.019,6.313,132.084,132.814,144.702,55.032,3.211,-6.592,0.7441,0.2264,0.6093,63.963,57.29,52.682,22.636,3.869,14.159,0.2448,0.125,0.2366,15.58,14.771,0.00875,-0.07333,11.353,0.6047,0.4827,0.4464,-2.062,-1.031,-1.003,0.002293,1.492,2.735,0.5331,0.8067,0.0003346,85.084,4.469,4.464,0.0003573,1.935e-05,,6032181,1148,44,37,30,135,-0.9084578685373852,0.10852374379826928,0.037567310935678735,0.24217143033625327,0.49684657138362676,0.312989316375595,-0.25391176831707474
385,highways_20081106_00096.jpg,1400,1.333,19.525,7.276,10.381,101.139,6.645,125.025,131.055,129.764,53.697,-1.966,0.06975,0.5747,0.1869,0.5521,48.876,50.953,58.485,19.525,6.412,13.539,0.2238,0.1343,0.2058,69.227,9.417,0.00625,0.04667,13.008,0.4891,0.4583,0.4567,-2.128,-1.102,-1.113,0.006288,1.593,2.528,0.6558,0.8091,0.0004991,85.397,3.859,4.224,0.0001813,2.102e-05,,6216632,1147,50,32,24,148,-1.0824113944610985,0.2786833974172194,0.03165621787430678,0.28881979032679367,0.5003967357871576,0.25429459364963336,-0.017757017305930378
386,forests_20081106_00012.jpg,1400,1.333,23.305,7.75,24.121,161.436,6.221,109.586,107.486,69.124,43.843,-4.736,21.323,0.1584,0.4835,0.4486,58.034,59.03,62.965,23.305,8.248,13.777,0.09097,0.2608,0.2281,45.992,13.53,-0.03125,0.06,12.882,0.6126,0.5387,0.5154,-2.063,-1.031,-1.021,0.00198,1.758,2.76,0.8184,0.8639,0.0002066,94.892,4.358,4.494,9.533e-05,8.095e-06,,6570337,1200,44,41,28,155,-1.023628181640547,0.04424905215419253,0.03749813586917741,0.1952208393729497,0.49356204887782995,0.18122397190402495,-0.24813846748393542
387,city_00417.jpg,1400,1.333,25.63,7.804,13.832,109.267,6.717,101.84,106.242,99.936,43.154,-2.92,3.257,0.3568,0.2089,0.4293,65.794,63.658,70.138,25.63,6.226,8.834,0.2713,0.2345,0.2531,49.866,24.856,-0.1188,-0.03667,16.386,0.4919,0.4227,0.3799,-2.218,-1.037,-1.007,0.003422,1.506,2.608,0.6484,0.7996,0.0004449,88.415,4.119,4.348,0.0001377,1.907e-05,,5509489,957,47,22,8,149,-1.6356597011209162,0.4709433928682812,0.04031856935901199,0.27700286776855765,0.6899397681962818,-0.11559421528397307,0.4363683659292241
388,highways_00222.jpg,1400,1.333,25.504,7.683,10.068,100.933,6.848,123.025,117.328,122.467,48.859,3.505,-1.827,0.8978,0.2221,0.519,64.82,61.993,68.904,25.504,4.807,9.527,0.2277,0.204,0.2609,16.762,3.801,-0.005,-0.01833,11.466,0.4795,0.38,0.3517,-2.299,-1.223,-1.121,0.001881,1.397,2.553,0.6151,0.8099,0.0005322,93.765,3.944,4.299,0.0002162,2.058e-05,,6771569,1274,46,46,14,169,-1.4289957169213294,0.0,0.03716126391086275,0.26478561352901486,0.5657698197814661,-0.18699841747642698,-0.07294403482378564
389,forests_20081106_00013.jpg,1400,1.333,21.8,7.68,18.811,160.743,6.256,109.05,125.675,93.387,49.784,-12.0065,15.841,0.2435,0.3069,0.4958,52.685,56.989,56.792,21.8,8.571,8.667,0.0865,0.1351,0.222,47.208,10.417,0.03125,0.04167,13.287,0.5856,0.5898,0.5487,-2.164,-1.181,-1.044,0.001914,1.693,2.732,0.7951,0.873,0.0002822,95.192,4.379,4.509,0.0001094,6.905e-06,,6708929,1126,67,33,18,157,-1.2654382087131064,0.4399131656732339,0.051760778284797394,0.23448959599972938,0.4714853655136024,0.18318910066856176,0.21556220988087027
390,mountains_00718.jpg,1400,1.333,18.917,7.577,7.73,74.803,3.961,118.633,142.481,187.58,58.66,4.577,-26.1702,0.6139,0.3887,0.7358,56.791,48.99,44.714,18.917,3.78,12.9,0.03791,0.228,0.1754,20.454,7.616,0.03625,0.01167,14.875,0.6471,0.1512,0.1491,-2.307,-1.173,-1.1,0.001359,1.58,2.675,0.195,0.2989,0.0005883,93.585,4.373,4.434,0.0009125,1.426e-05,,5321639,966,29,37,28,124,-0.8994349076672339,-0.15250597424624437,0.04995844263939329,0.35646881047535744,0.6314798589671676,0.18360541299074284,-0.4807988174630359
391,offices_20081106_00038.jpg,1400,1.333,23.816,7.794,7.716,93.449,6.257,104.783,98.39,92.636,41.272,2.175,4.539,0.08656,0.2918,0.4391,58.603,59.45,64.774,23.816,6.781,12.423,0.1732,0.2244,0.248,51.484,6.642,-0.01,0.03167,19.297,0.4497,0.3287,0.3045,-2.571,-1.248,-1.208,0.006262,1.345,2.485,0.5696,0.7864,0.0005744,88.753,3.627,4.013,0.0001761,2.768e-05,,6825785,1140,52,39,15,172,-1.403634193567517,0.18001236979270496,0.02890074799801639,0.2151972368976062,0.6120284379630064,-0.07089263979762972,0.06693844633383894
392,city_00614.jpg,1400,1.333,23.52,7.182,8.159,89.51,5.515,101.514,103.43,103.978,42.542,-0.5936,-0.4965,0.4227,0.078,0.417,60.13,59.88,61.037,23.52,1.81,3.76,0.3042,0.06684,0.2365,78.287,13.608,-0.02875,0.06167,18.688,0.4641,0.4758,0.4261,-2.342,-1.258,-1.147,0.005743,1.564,2.596,0.6351,0.8047,0.0007644,68.572,3.732,4.226,0.0002195,1.633e-05,,5798678,1099,46,34,8,151,-1.641812195704041,0.18911842627279238,0.037473914935055516,0.2653610022365124,0.5806068211755654,-0.2688124643199501,0.19975193972746386
393,forests_00242.jpg,1400,1.333,16.512,7.035,13.627,86.38,6.447,55.955,65.487,56.992,26.029,-5.601,3.803,0.3676,0.2118,0.2618,39.053,40.545,38.226,16.512,5.716,7.201,0.1367,0.1193,0.1642,78.456,13.601,-0.02,0.065,19.243,0.5003,0.4506,0.4682,-2.171,-1.042,-1.04,0.004507,1.695,2.56,0.8013,0.8437,0.0001886,85.624,4.351,4.492,9.543e-05,9.422e-06,,6538228,1138,64,33,28,143,-0.9791914748766224,0.41190047703750454,0.04585405618226441,0.21339939565218677,0.3963876059184472,0.41209020146836006,0.041418047161306815
394,beaches_00117.jpg,1400,1.333,13.447,6.962,4.811,57.43,5.563,150.36,151.084,153.759,62.287,0.6375,-1.153,0.5998,0.1655,0.6456,32.481,34.174,46.133,13.447,2.746,9.881,0.2424,0.1024,0.1428,27.974,8.021,-0.01625,-0.03667,10.818,0.5384,0.3195,0.2961,-2.565,-1.315,-1.251,0.00239,1.492,2.55,0.5281,0.7029,0.0006389,95.69,3.226,3.74,0.000307,1.455e-05,,6606450,1161,53,34,54,126,-0.5244005127080409,0.27722258924865684,0.022059635227272893,0.1823083581095384,0.37527378139838774,0.7284224548224205,-0.3120035965129766
395,city_00199.jpg,1400,1.333,35.542,7.605,14.64,132.497,6.241,134.121,134.735,133.963,54.161,0.5739,1.067,0.03819,0.2887,0.5812,84.32,91.208,101.072,35.542,4.45,13.043,0.3215,0.2548,0.3699,30.305,24.331,0.02,-0.12,12.959,0.4333,0.3671,0.2881,-2.237,-1.192,-0.9689,0.003462,1.503,2.67,0.546,0.8225,0.0005431,95.285,3.991,4.321,0.0002928,2.005e-05,,6077804,1145,67,17,12,155,-1.4621045034684075,0.8331468660796099,0.03515705204933992,0.2534706980383147,0.6255635706225957,0.22229760813127541,0.6534901711622998
396,beaches_20081106_00048.jpg,1400,1.333,24.649,7.361,6.522,57.095,5.354,70.913,117.152,164.394,48.643,7.469,-28.5865,0.5494,0.6556,0.6682,90.921,64.034,57.526,24.649,11.522,29.573,0.23,0.4073,0.2062,61.355,29.053,0.00875,-0.145,10.22,0.4168,0.3899,0.2838,-2.347,-1.098,-1.138,0.006589,1.356,2.525,0.4591,0.7144,0.0006442,78.947,4.013,4.293,0.000651,2.637e-05,,6393790,1172,52,34,18,155,-1.258827941673618,0.26540475382497547,0.04903486292606718,0.2640118354895566,0.5226469836070936,0.09718294871873656,0.06357594976858805
397,beaches_20081106_00074.jpg,1400,1.333,21.423,7.367,6.238,49.877,5.12,165.306,113.755,72.118,51.912,15.855,29.693,0.0612,0.5233,0.6513,74.706,47.565,29.586,21.423,11.843,22.354,0.09053,0.2367,0.2896,9.85,9.782,-0.0075,-0.04833,8.946,0.4782,0.348,0.3485,-2.608,-1.102,-1.188,0.01739,1.524,2.503,0.5945,0.6883,0.0006071,89.31,3.029,3.441,0.0005913,2.815e-05,,6800541,1250,59,34,23,160,-1.1470375060693967,0.34355257491007396,0.06064117908516609,0.3220359096462287,0.5932547848095048,0.233356427486903,0.07138409379298716
398,mountains_00334.jpg,1400,1.333,30.367,7.155,5.89,67.883,5.973,149.981,135.294,133.963,56.601,7.133,2.298,0.945,0.3996,0.6543,94.344,73.901,53.787,30.367,4.506,18.635,0.2178,0.2684,0.3069,16.259,32.885,0.03,-0.1617,13.7,0.4819,0.2695,0.2488,-2.599,-1.474,-1.331,0.004028,1.45,2.515,0.5058,0.8229,0.0002741,86.186,4.493,4.487,0.0003152,1.748e-05,,5774531,1039,37,41,16,142,-1.27437190141839,-0.06431683512387441,0.04671325434014391,0.24839424598914747,0.6058635977748644,-0.08917771894560311,-0.20887155425962467
399,city_20081106_00003.jpg,1400,1.333,26.379,7.678,14.755,148.219,6.374,117.083,114.546,110.968,47.219,0.4176,2.633,0.1712,0.1322,0.4723,67.422,67.448,67.304,26.379,7.484,5.224,0.2181,0.1492,0.2606,46.681,14.469,0.02375,0.06833,18.207,0.5032,0.5082,0.4892,-2.103,-1.097,-1.079,0.01556,1.575,2.652,0.7009,0.8204,0.0005615,90.157,3.786,4.278,0.0001754,1.377e-05,,6057197,1112,59,24,12,153,-1.4557760251170173,0.5558502170512654,0.031174493350087207,0.28860028952507233,0.5755484201432622,0.08207903887965973,0.4141739911041542
400,city_20081106_00017.jpg,1400,1.333,24.275,7.508,12.17,130.523,6.964,93.827,81.436,80.111,35.16,5.728,3.414,0.9409,0.3082,0.3992,65.684,60.946,60.612,24.275,12.571,13.84,0.2625,0.2298,0.2579,63.634,6.246,0.01625,0.02667,14.783,0.5136,0.4464,0.444,-2.44,-1.335,-1.2,0.002219,1.576,2.561,0.6729,0.8015,0.0004306,93.119,4.396,4.488,0.0001647,1.738e-05,,5447203,1020,53,17,14,139,-1.3315547703080695,0.6971414348463417,0.04021245752721786,0.23901420024988593,0.8029178012076682,0.26198743556268966,0.46919305303060677
401,offices_00658.jpg,1400,1.333,34.275,7.739,6.44,108.29,5.67,127.416,120.447,105.988,48.879,0.5664,8.831,0.1417,0.292,0.5078,87.36,86.042,84.796,34.275,5.139,10.052,0.1132,0.2416,0.341,26.015,29.385,0.00875,0.1467,23.858,0.3634,0.341,0.2898,-2.841,-1.595,-1.424,0.009175,1.254,2.386,0.4861,0.7577,0.0007765,93.189,3.51,3.891,0.000327,3.308e-05,,6269124,1231,39,45,23,148,-1.1053548767148413,-0.08964235107576254,0.0291108418722149,0.17387831722318994,0.5390655676157909,0.041366085674793385,-0.3191731928381202
402,offices_00664.jpg,1400,1.333,27.253,7.761,9.369,134.807,6.394,132.137,123.45,118.412,51.089,2.858,3.888,0.03182,0.1978,0.5334,71.181,66.87,65.258,27.253,5.017,10.011,0.1882,0.1782,0.2712,17.597,7.215,0.00875,-0.035,8.615,0.4381,0.3992,0.3829,-2.632,-1.443,-1.286,0.004742,1.355,2.499,0.678,0.813,0.0006625,97.454,3.748,4.132,0.0002076,2.145e-05,,6231599,1187,53,30,29,142,-0.9557841720436376,0.35459694352998183,0.03310716010418602,0.16035818087721715,0.6170882435807672,0.40192172803320547,-0.019640931919262417
403,beaches_00249.jpg,1400,1.333,21.298,7.393,5.49,64.055,5.654,130.234,132.469,132.374,54.797,1.373,-0.4984,0.5166,0.3499,0.6074,69.868,52.885,42.055,21.298,6.726,18.394,0.3219,0.2275,0.1807,13.265,16.207,-0.02625,0.07667,17.43,0.3795,0.2455,0.3118,-2.714,-1.342,-1.337,0.003875,1.213,2.54,0.6045,0.7553,0.000454,85.174,3.408,3.96,0.0003084,2.03e-05,,6763499,1233,63,27,30,155,-0.9856104168672699,0.5244005127080407,0.028560027880999476,0.21597217493358054,0.4732895051120787,0.4656994883929648,0.14053164460175194
404,city_00210.jpg,1400,1.333,19.802,7.366,13.614,76.756,5.619,102.02,98.348,92.348,41.685,3.248,5.021,0.08996,0.4624,0.488,43.733,50.288,70.955,19.802,7.453,22.493,0.2565,0.2381,0.2266,29.889,15.794,0.01,0.07833,16.806,0.4354,0.3523,0.354,-1.892,-0.9924,-0.9533,0.008569,1.656,2.643,0.5629,0.8119,0.0003919,92.339,4.337,4.487,0.0003989,2.574e-05,,5714032,1030,25,44,8,155,-1.6538425440791091,-0.3522674707376132,0.040891300506446494,0.23295648658566828,0.5608514776663399,-0.5633247094447973,-0.25467732455390824
405,mountains_00687.jpg,1400,1.333,32.662,7.449,8.768,59.701,5.948,121.343,137.305,143.337,54.46,-3.554,-5.13,0.5253,0.3891,0.5821,91.96,80.012,80.018,32.662,4.306,10.009,0.2111,0.3442,0.3185,20.223,34.378,-0.00875,-0.1717,10.243,0.5267,0.2393,0.2321,-2.117,-1.029,-1.016,0.008049,1.338,2.601,0.4089,0.8013,0.0003109,85.117,4.426,4.49,0.000314,2.308e-05,,5813548,1063,36,34,37,131,-0.771389342081157,0.035816631660069466,0.03390865586297388,0.21978273837800524,0.49344053470173344,0.39146398220884715,-0.3877618035158671
406,highways_00430.jpg,1400,1.333,17.095,6.008,3.585,34.323,5.385,133.471,138.095,139.722,56.678,-1.222,-1.221,0.5353,0.1004,0.5615,39.406,43.241,48.476,17.095,2.128,4.543,0.2071,0.07421,0.1738,15.311,16.684,0.00375,-0.08333,8.485,0.4924,0.1425,0.1283,-2.308,-1.291,-1.075,0.0219,1.258,2.493,0.3075,0.6227,0.0005331,81.678,3.766,4.135,0.0005505,2.504e-05,,6373967,1171,45,41,26,148,-1.0389014441072837,0.058326735272993174,0.029182617876220486,0.19596029948559768,0.44578138030455006,0.17561765441444543,-0.2281378946777074
407,highways_00408.jpg,1400,1.333,16.58,6.36,3.592,43.753,5.455,151.9,188.906,192.22,73.772,-11.062,-5.176,0.4748,0.2496,0.7798,33.683,45.276,61.385,16.58,3.157,11.531,0.1242,0.09538,0.2015,13.428,18.185,-0.0275,-0.08667,10.951,0.5191,0.2575,0.2146,-2.532,-1.433,-1.317,0.009291,1.119,2.421,0.4183,0.6417,0.0005249,82.127,3.912,4.209,0.0006614,2.042e-05,,6777476,1208,67,29,22,157,-1.160586603775009,0.5184179884392532,0.03990533933161191,0.18102720237335831,0.5422215468290223,0.3136447470813656,0.22731765860205755
408,offices_00304.jpg,1400,1.333,19.245,7.437,7.337,102.056,5.52,106.318,90.812,85.678,39.229,5.523,5.263,0.0245,0.2375,0.4207,50.39,45.662,45.215,19.245,3.231,6.697,0.09733,0.1443,0.1967,16.121,11.577,0.0225,0.05333,12.679,0.4857,0.487,0.468,-2.513,-1.409,-1.216,0.005355,1.396,2.417,0.5851,0.8293,0.0007469,97.975,3.557,4.069,0.0001795,1.741e-05,,6243758,1085,43,42,13,156,-1.4260768722728472,0.014745406527902915,0.034972123466839505,0.2126050043506626,0.5423781482101571,-0.17677173857577055,-0.06192760589159696
409,city_00599.jpg,1400,1.333,20.966,7.438,8.799,98.487,5.395,106.852,76.041,36.904,34.28,9.291,26.926,0.1136,0.6326,0.4252,59.743,50.964,47.202,20.966,10.674,17.755,0.1111,0.2799,0.2358,63.799,16.674,0.0025,-0.08333,9.189,0.437,0.4091,0.3656,-2.519,-1.273,-1.23,0.003768,1.498,2.482,0.6256,0.8044,0.0004364,89.715,4.129,4.402,0.0001673,1.897e-05,,5319986,1000,31,35,3,149,-2.05921460987167,-0.0760316231203884,0.06317701101169249,0.26889199736413344,0.7896422097864731,-0.7632690173069279,0.19326801696363494
410,mountains_20081106_00063.jpg,1400,1.333,27.045,6.523,12.155,96.696,4.714,82.587,95.496,126.717,39.598,5.95,-19.3561,0.6331,0.4264,0.5023,76.542,69.162,61.436,27.045,4.932,16.087,0.125,0.3035,0.238,58.093,14.24,0.025,-0.06667,14.686,0.5925,0.1331,0.129,-2.224,-1.11,-1.024,0.004387,1.543,2.75,0.3183,0.7656,0.0003812,83.413,4.364,4.443,0.0005482,1.609e-05,,5699417,1012,37,35,34,124,-0.7885419910667693,0.03482131726034756,0.04322433846354319,0.24287188195119166,0.4622024571349924,0.3763436029511067,-0.37960226008010933
411,mountains_00668.jpg,1400,1.333,19.965,7.414,6.666,47.315,5.472,80.845,108.294,125.387,43.659,-4.318,-11.8883,0.5399,0.3804,0.5048,46.321,49.312,63.19,19.965,3.31,14.123,0.1377,0.1865,0.2344,27.437,18.349,-0.00375,0.09167,17.108,0.6483,0.2725,0.2684,-2.212,-1.129,-1.088,0.004089,1.256,2.597,0.6005,0.7652,0.0004044,86.27,4.18,4.277,0.0004244,2.709e-05,,5924193,1071,41,40,32,130,-0.8504737863574688,0.01547363150245895,0.022930205358058203,0.1935753373495011,0.7781340460411182,0.3134773893571928,-0.36354861873368804
412,forests_00642.jpg,1400,1.333,21.629,7.527,22.72,156.385,5.566,88.531,85.883,51.793,35.042,-3.847,19.672,0.1649,0.5209,0.3586,53.576,53.473,57.569,21.629,3.885,14.698,0.1066,0.2438,0.2186,56.326,7.417,0.01625,0.03333,15.297,0.5984,0.5439,0.5214,-1.917,-0.9789,-0.8708,0.002252,1.759,2.779,0.7448,0.8642,0.0001381,96.253,4.287,4.507,9.123e-05,7.181e-06,,6562574,1217,41,55,27,146,-1.010744508856222,-0.18380470283773825,0.03749813586917741,0.240008226814729,0.5014630865385712,0.07244092193743568,-0.4489885414951234
413,beaches_00265.jpg,1400,1.333,15.007,7.114,7.909,87.223,6.202,89.599,107.839,119.885,44.423,-2.225,-8.505,0.564,0.3048,0.4815,48.309,36.069,38.772,15.007,4.917,11.874,0.2271,0.2754,0.1521,39.68,5.903,0.02875,0.006667,9.901,0.3819,0.4506,0.3135,-2.477,-1.475,-1.196,0.007507,1.58,2.574,0.6076,0.829,0.0003524,96.624,4.267,4.483,0.0003127,1.133e-05,,6852247,1255,48,43,10,176,-1.6094092604069248,0.06891793165996678,0.03794545930810233,0.23416842947809743,0.6898341541067567,-0.30435148386987576,0.0804410550166923
414,beaches_00503.jpg,1400,1.333,5.88,5.6,2.308,17.026,4.897,165.986,160.845,151.798,66.518,1.012,5.538,0.2579,0.2155,0.7025,31.644,13.616,21.027,5.88,5.565,13.865,0.342,0.1082,0.08854,54.125,6.227,0.03,0.008333,9.27,0.4153,0.2481,0.2382,-2.594,-1.067,-1.177,0.0144,1.516,2.376,0.5693,0.6406,0.0003998,97.807,3.082,3.603,0.0005941,2.1e-05,,6414639,1170,59,28,30,144,-0.9446695913944757,0.46256226632381553,0.04171257024128165,0.25530741658104056,0.566994063405823,0.46807180006243587,0.06640680366692875
415,mountains_00324.jpg,1400,1.333,23.316,7.322,3.531,33.97,4.616,83.388,95.205,103.884,38.835,-2.156,-6.217,0.5584,0.2671,0.4134,52.776,56.654,60.711,23.316,1.797,6.148,0.1146,0.1853,0.2422,12.023,24.573,-0.05125,0.1117,22.819,0.4984,0.1892,0.1637,-2.742,-1.28,-1.282,0.005179,1.257,2.558,0.3918,0.6847,0.0003916,95.815,4.369,4.435,0.0006555,2.04e-05,,5958862,1134,35,39,18,152,-1.248727645235736,-0.06779861544123571,0.03674212763869301,0.29455206022284464,0.48148714280148425,-0.0691814182045718,-0.22530014598302495
416,mountains_00318.jpg,1400,1.333,10.34,6.65,6.694,48.308,5.584,129.745,137.043,148.962,57.038,1.701,-6.734,0.6918,0.3006,0.6434,34.878,27.375,41.45,10.34,3.034,19.062,0.2841,0.1599,0.1143,50.265,1.333,0.0,0.006667,9.314,0.6447,0.1696,0.1741,-2.127,-0.9369,-1.029,0.009709,1.656,2.573,0.4538,0.817,0.0003579,97.869,4.268,4.449,0.0005052,1.991e-05,,5956240,1059,35,45,18,146,-1.227826261311273,-0.1573106846101707,0.03143485375271329,0.1973601259883397,0.6258950908582765,-0.098394784171566,-0.3124543634698481
417,offices_00660.jpg,1400,1.333,29.467,7.462,8.694,109.196,5.806,110.808,105.406,98.071,43.313,1.246,4.551,0.03841,0.1415,0.4453,75.122,70.934,68.927,29.467,5.906,12.914,0.2014,0.1865,0.2924,19.961,19.933,-0.01625,0.09833,19.913,0.3474,0.3212,0.3232,-2.675,-1.325,-1.305,0.002599,1.323,2.474,0.6134,0.7767,0.0005551,96.078,3.911,4.184,0.0002346,3.098e-05,,6547643,1177,57,30,35,144,-0.8576940027142459,0.3993230673495512,0.03155364382334755,0.21080394894670984,0.6734364912599529,0.5088863565444044,-0.03308249873468272
418,highways_00187.jpg,1400,1.333,32.131,6.867,4.402,39.427,6.367,79.466,85.706,84.766,33.72,-2.134,-0.3902,0.5022,0.3022,0.3572,77.754,77.963,74.95,32.131,2.966,7.596,0.1886,0.2148,0.3155,42.504,46.092,-0.03125,0.2283,30.518,0.4899,0.3531,0.3521,-2.611,-1.236,-1.24,0.006676,1.131,2.413,0.636,0.7434,0.0004353,83.22,3.898,4.185,0.0003411,2.646e-05,,6656058,1197,45,44,8,173,-1.703910601810015,0.014082646784930647,0.035559289459459624,0.2447302969627911,0.6554934492911034,-0.4135700147188486,0.08339478376215059
419,city_00189.jpg,1400,1.333,18.649,7.54,10.81,128.598,6.432,102.263,101.173,103.585,42.562,1.683,-0.9868,0.6552,0.1928,0.4484,52.218,45.512,47.672,18.649,8.299,12.175,0.2486,0.1787,0.2023,46.188,6.566,-0.03,0.01333,11.759,0.5081,0.473,0.4673,-2.436,-1.408,-1.217,0.00467,1.551,2.581,0.6736,0.8254,0.0005003,95.449,4.124,4.402,0.0001507,1.514e-05,,5655272,970,51,17,7,155,-1.7145936537660904,0.6744897501960817,0.03624657251812452,0.30994670799355345,0.7887460629625891,-0.07589170267063072,0.6510434668463885
420,city_00604.jpg,1400,1.333,24.946,7.289,10.836,124.195,6.574,67.23,62.627,52.053,25.569,1.175,7.03,0.1069,0.3908,0.2897,61.357,61.576,61.517,24.946,6.809,14.417,0.1924,0.2332,0.2621,69.132,15.27,-0.02125,-0.07333,15.6,0.4455,0.4049,0.3802,-2.531,-1.388,-1.267,0.003119,1.475,2.499,0.6416,0.7982,0.0004527,87.751,4.166,4.422,0.0001306,1.988e-05,,5741964,991,41,32,4,157,-1.9626277745247098,0.1551382491226637,0.053979264060254814,0.2548427369226876,0.6917355058484367,-0.5596849129532238,0.33928869717609667
421,mountains_00287.jpg,1400,1.333,21.009,7.467,12.808,95.575,5.477,122.225,141.521,165.401,57.575,-0.1989,-14.5236,0.5839,0.3027,0.6599,55.999,54.144,60.456,21.009,3.711,14.777,0.1553,0.1934,0.2216,38.083,17.263,0.0225,-0.08333,10.224,0.492,0.4398,0.3929,-2.183,-1.026,-1.024,0.004547,1.477,2.724,0.6911,0.8019,0.0003202,96.231,4.348,4.397,0.0002285,1.724e-05,,5873016,996,28,44,10,158,-1.5587835495029956,-0.28221614706250814,0.03381032104008949,0.27376251633543996,0.5698157032888784,-0.4456418685112846,-0.24497426584680382
422,beaches_00488.jpg,1400,1.333,14.812,6.578,6.069,52.428,4.946,132.901,150.038,172.895,61.35,0.1676,-13.7332,0.6265,0.2917,0.698,47.487,37.129,39.672,14.812,3.356,13.674,0.2015,0.1691,0.1493,61.808,8.004,-0.03125,0.025,11.785,0.5399,0.1705,0.1683,-2.253,-1.148,-1.083,0.006703,1.521,2.537,0.2916,0.7253,0.0004574,98.243,3.323,3.791,0.0006256,1.802e-05,,6750341,1254,61,31,38,145,-0.8146013343082507,0.42078368873843075,0.02688217147402416,0.21140450307437486,0.46430386517775646,0.5568290112885521,-0.037445776955167154
423,highways_00554.jpg,1400,1.333,17.809,7.524,6.482,67.806,5.606,104.574,119.261,130.697,49.387,1.099,-6.522,0.4161,0.4638,0.6026,39.343,45.724,80.269,17.809,5.249,29.952,0.3623,0.185,0.2454,38.626,10.296,0.025,0.045,14.511,0.6271,0.2283,0.221,-2.42,-1.191,-1.131,0.004488,1.477,2.44,0.4273,0.7289,0.0005814,90.83,3.925,4.162,0.000477,3.368e-05,,6704483,1240,54,35,11,172,-1.5538567960632106,0.2708364113074222,0.029438069608686324,0.23307634736770724,0.4923739932052565,-0.1510491412845325,0.22311389922905667
424,highways_20081106_00093.jpg,1400,1.333,10.017,6.709,4.34,41.765,6.264,125.925,126.85,125.172,52.846,-0.6515,0.8769,0.3552,0.07035,0.5119,26.143,25.259,28.95,10.017,2.332,3.887,0.3098,0.04084,0.1068,33.592,9.055,0.005,0.045,11.812,0.5454,0.4382,0.42,-2.42,-1.237,-1.207,0.002786,1.477,2.54,0.7334,0.8362,0.0003059,91.649,4.323,4.379,0.0001567,1.079e-05,,6543229,1098,66,22,33,147,-0.9027347916438648,0.6744897501960817,0.017456976707589965,0.19890917060261284,0.5406969327420034,0.6150404171583197,0.22474824309286356
425,city_00406.jpg,1400,1.333,25.149,7.589,15.925,119.079,6.812,100.081,104.005,99.6,42.346,-2.154,2.275,0.2974,0.1929,0.4303,61.111,63.158,69.843,25.149,5.0,9.25,0.2707,0.1605,0.2649,72.318,18.673,0.0025,0.09333,18.005,0.4956,0.4532,0.4468,-2.258,-0.9701,-1.043,0.008015,1.671,2.668,0.6158,0.8406,0.0003455,83.232,4.296,4.464,0.0001979,1.495e-05,,6331926,1152,26,55,5,169,-1.8997094129875352,-0.46493876548308033,0.030604586451089478,0.2561998655421236,0.74192070299113,-0.8317316480167352,-0.22146507962989015
426,beaches_00339.jpg,1400,1.333,18.72,7.081,7.355,49.253,6.16,161.5,191.849,200.179,75.346,-8.117,-7.138,0.5117,0.2362,0.8107,53.146,48.58,62.255,18.72,7.05,12.527,0.1307,0.1038,0.2156,6.933,22.838,0.07625,-0.085,17.34,0.4101,0.3386,0.2549,-2.216,-0.9879,-1.045,0.01256,1.638,2.61,0.4769,0.6343,0.0003262,78.221,4.47,4.515,0.0004414,1.596e-05,,6668220,1147,54,35,18,163,-1.2847060377089963,0.2708364113074222,0.046803787108651414,0.21027174398159812,0.6268985496616579,0.07801149067941304,0.08178676946648611
427,city_00349.jpg,1400,1.333,30.736,7.739,9.779,108.945,6.317,90.016,107.429,129.945,43.466,1.342,-13.1981,0.6308,0.4056,0.5348,64.051,78.568,92.721,30.736,10.007,17.69,0.1835,0.2512,0.3565,28.973,23.668,0.00125,0.1183,21.295,0.4092,0.3799,0.3447,-2.504,-1.297,-1.215,0.001803,1.486,2.554,0.5326,0.7808,0.0005556,96.037,4.153,4.396,0.0004312,3.124e-05,,5402957,991,48,20,17,136,-1.22064034884735,0.541395085129088,0.03763185826990867,0.22129800223664914,0.6072744705188485,0.2746009719982916,0.2784056503101888
428,forests_20081106_00016.jpg,1400,1.333,24.44,7.838,20.86,180.17,5.459,121.554,117.297,88.591,47.94,-3.051,16.584,0.1349,0.3431,0.4816,62.305,61.833,62.707,24.44,5.027,8.798,0.05427,0.181,0.243,43.268,15.674,-0.01625,0.07667,15.082,0.6332,0.5492,0.5419,-2.232,-1.192,-1.14,0.001658,1.651,2.73,0.7951,0.8746,0.0001586,92.324,3.871,4.277,0.0001155,6.003e-06,,6547874,1167,69,27,9,164,-1.6255461309087054,0.579132162255556,0.04992232155753177,0.22564845884057547,0.6050781739726062,-0.05017872419664027,0.5231318815897443
429,mountains_00709.jpg,1400,1.333,27.003,7.42,5.274,54.98,6.04,154.029,156.095,156.694,63.223,0.3852,0.235,0.6167,0.234,0.6635,60.909,70.699,84.429,27.003,5.119,13.026,0.2373,0.2475,0.2721,22.464,33.7,-0.0075,-0.1683,10.977,0.5921,0.1783,0.1759,-2.621,-1.275,-1.312,0.003602,0.8773,2.57,0.3423,0.6093,0.0004465,85.002,3.316,3.774,0.0004267,2.236e-05,,5190969,930,34,31,7,141,-1.6716437380157467,0.0578775648112103,0.02625360108719203,0.21623077914683728,0.8182057374845838,-0.36311324336107176,0.10372357044988612
430,highways_00555.jpg,1400,1.333,17.474,7.15,7.392,101.32,5.559,127.733,128.831,120.187,53.126,-1.518,4.519,0.1638,0.2061,0.5329,48.584,42.429,41.183,17.474,3.919,9.833,0.1736,0.1911,0.1647,6.003,4.673,-0.00875,0.02167,10.32,0.4738,0.3241,0.3287,-2.682,-1.525,-1.307,0.003999,1.393,2.459,0.6038,0.8127,0.0005317,92.14,4.265,4.421,0.0001865,2.065e-05,,6514257,1202,35,57,9,163,-1.6227111684214417,-0.30433909253411306,0.03247447709199402,0.26102637602509143,0.5657698197814661,-0.5116638752240408,-0.230234530213406
431,highways_00541.jpg,1400,1.333,22.549,7.481,4.935,46.958,5.59,127.864,127.134,120.983,52.302,-0.309,3.866,0.3556,0.1792,0.5337,54.583,57.379,64.397,22.549,3.181,11.068,0.2692,0.1519,0.2325,21.296,21.427,-0.01,-0.1067,9.004,0.4966,0.2562,0.2511,-2.526,-1.227,-1.235,0.005876,1.382,2.514,0.4507,0.7311,0.0005472,91.737,4.229,4.152,0.0003513,2.49e-05,,6382540,1170,35,53,13,158,-1.4323391510791423,-0.25923419940915626,0.017456976707589965,0.2684020784174858,0.6158893071866429,-0.3259639351982415,-0.29180959533886963
432,mountains_00735.jpg,1400,1.333,33.968,7.366,4.384,58.786,6.32,120.325,124.998,131.677,50.064,-0.1217,-3.801,0.6035,0.2064,0.5278,84.536,82.774,89.52,33.968,2.318,8.675,0.2392,0.187,0.3421,18.943,28.706,-0.0075,-0.1433,10.668,0.5196,0.2783,0.2671,-2.844,-1.453,-1.399,0.003937,1.074,2.41,0.5146,0.767,0.0004501,84.619,3.84,4.052,0.0002839,1.775e-05,,5916355,1023,25,54,17,142,-1.2430850941047553,-0.477633065372608,0.02326737196261366,0.1883028640199504,0.6143061685815819,-0.2795774078162607,-0.5770523915894095
433,forests_00253.jpg,1400,1.333,21.727,7.714,7.427,73.01,5.361,114.919,114.582,84.933,46.697,-4.801,16.599,0.1634,0.3222,0.4641,51.925,55.855,49.708,21.727,5.651,5.209,0.046,0.1248,0.2087,38.314,20.5,-0.0225,0.1,17.943,0.556,0.4136,0.395,-2.537,-1.301,-1.275,0.003957,1.377,2.609,0.7061,0.815,0.0002424,89.698,4.125,4.342,0.0001301,1.241e-05,,6400477,1135,52,38,16,153,-1.3125070395141472,0.19621173364518343,0.0507434058651339,0.2823953106802078,0.6768041437490616,0.015167132931330984,0.03287537082778336
434,forests_00247.jpg,1400,1.333,25.019,7.675,26.326,178.0,6.394,102.629,101.234,95.567,41.621,-0.3671,3.645,0.1462,0.1769,0.4172,62.744,63.06,66.717,25.019,4.088,8.37,0.1875,0.1528,0.2523,58.683,18.82,-0.02125,0.09167,16.136,0.6215,0.5022,0.4835,-1.88,-0.9349,-0.9797,0.002568,1.742,2.809,0.7385,0.8769,0.0002006,93.057,3.831,4.217,0.0001094,7.212e-06,,6759418,1135,27,74,19,157,-1.2374795794240132,-0.6209181700422963,0.05984722059828897,0.3239315256551555,0.4499054196677294,-0.3500437515167767,-0.7019384893766345
435,offices_00675.jpg,1400,1.333,24.196,7.684,5.659,93.645,4.935,160.064,138.089,105.601,58.061,4.766,19.704,0.1087,0.3678,0.6389,66.708,61.34,64.788,24.196,8.963,18.912,0.08077,0.252,0.2595,15.636,3.0,0.0,-0.015,12.391,0.3229,0.291,0.2978,-2.855,-1.538,-1.374,0.00275,1.283,2.345,0.5849,0.7308,0.0007962,97.634,3.805,4.191,0.0003791,3.893e-05,,6755642,1184,69,24,9,173,-1.65020458739169,0.6493239131864658,0.03337658692103622,0.1966834460970924,0.6245106711684102,-0.034307629896378256,0.5958163348145042
436,offices_00661.jpg,1400,1.333,30.351,7.665,11.48,137.228,5.521,123.53,97.82,62.696,42.157,6.296,22.298,0.08493,0.5257,0.4894,84.259,74.729,65.273,30.351,11.791,20.003,0.0945,0.2738,0.3298,30.659,18.608,-0.0475,0.08,22.578,0.5033,0.3683,0.3487,-2.532,-1.28,-1.219,0.002927,1.522,2.532,0.5666,0.833,0.0004742,97.336,4.148,4.415,0.0001527,1.961e-05,,6849471,1214,68,25,29,157,-1.0113938636108584,0.6163941572648871,0.053979264060254814,0.21817255654556234,0.48433556247198273,0.492061015961037,0.23236130554585332
437,forests_00119.jpg,1400,1.333,22.605,7.764,21.713,173.448,5.46,86.945,113.474,61.55,43.828,-18.6438,24.848,0.2418,0.5238,0.4462,52.97,58.411,53.66,22.605,11.816,13.015,0.05886,0.2387,0.2285,45.137,9.02,-0.0125,0.04333,14.64,0.6742,0.5811,0.5656,-2.05,-1.041,-1.033,0.004736,1.763,2.757,0.8108,0.8623,0.0002601,96.709,3.373,3.979,0.000104,5.704e-06,,6342350,1139,72,19,76,90,-0.10589879442185156,0.8106226289783306,0.04948803102985102,0.24391573156683954,0.47155426523483124,1.3646687197261222,-0.07780286852905416
438,forests_00125.jpg,1400,1.333,13.373,6.777,9.687,55.795,5.826,45.864,49.353,40.891,19.427,-3.227,5.036,0.225,0.2789,0.2043,29.43,30.523,38.044,13.373,3.461,7.469,0.1143,0.1154,0.1462,78.252,22.423,-0.01,0.1117,22.01,0.6265,0.5494,0.5117,-2.125,-1.028,-0.9606,0.004133,1.682,2.695,0.7681,0.8108,0.0001276,78.516,4.496,4.512,8.541e-05,7.29e-06,,6561215,1233,32,53,10,171,-1.5959621794553,-0.3147635663168,0.05741920775847265,0.3110300708098822,0.5689245143230991,-0.49437289902005044,-0.2531517771307329
439,city_00201.jpg,1400,1.333,25.636,7.722,12.762,116.113,5.242,104.777,92.806,68.897,38.684,1.214,15.061,0.1142,0.4786,0.4126,65.606,62.315,63.889,25.636,5.53,9.144,0.04703,0.2791,0.256,51.793,13.585,-0.06625,-0.015,15.871,0.4547,0.4138,0.3558,-2.289,-1.188,-1.119,0.001732,1.546,2.655,0.6165,0.8316,0.0004015,92.887,4.372,4.476,0.0001509,1.746e-05,,5302966,1002,32,34,10,141,-1.504509103507508,-0.037988351230282213,0.04303005166569465,0.18583717031540042,0.5705253303769784,-0.27121117925927374,-0.06562302834827716
440,highways_00390.jpg,1400,1.333,25.378,7.55,5.887,76.918,6.656,131.62,138.539,137.238,56.09,-1.995,0.2816,0.4519,0.1936,0.5803,58.44,66.456,77.322,25.378,4.262,13.623,0.3405,0.163,0.2787,46.714,18.277,-0.05875,0.07,17.746,0.385,0.3345,0.3134,-2.648,-1.455,-1.357,0.004108,1.275,2.387,0.5273,0.7823,0.0006001,86.968,4.212,4.279,0.0003858,2.468e-05,,6456562,1182,32,57,14,159,-1.39887753278656,-0.35966038070831285,0.025471394905349724,0.29840976974021605,0.7033883931746044,-0.3502187601272455,-0.39484745855794523
441,highways_00409.jpg,1400,1.333,27.795,7.213,10.353,106.939,6.056,132.302,135.664,135.763,54.998,-0.988,-0.5316,0.2634,0.1265,0.5518,73.844,71.407,70.929,27.795,3.024,7.53,0.3755,0.1359,0.2732,53.856,18.43,-0.02625,0.08833,18.491,0.4723,0.4136,0.3824,-2.478,-1.237,-1.195,0.001613,1.492,2.581,0.6156,0.8277,0.0004719,89.061,4.449,4.448,0.0003612,1.861e-05,,6414855,1110,31,54,10,166,-1.582057854709355,-0.34590812179133795,0.03434212432381815,0.3097424717428222,0.6416102288229796,-0.4988931806163157,-0.2869582947957888
442,highways_00353.jpg,1400,1.333,22.704,6.978,3.189,46.426,5.033,169.396,174.53,172.922,70.074,-2.146,0.2217,0.3994,0.06167,0.6878,61.52,58.52,58.535,22.704,2.868,2.5,0.1608,0.09606,0.2273,14.933,31.903,-0.03,-0.1567,11.455,0.4992,0.2437,0.1817,-2.852,-1.479,-1.396,0.006502,1.06,2.409,0.4288,0.6713,0.0005833,83.685,3.441,3.902,0.0007369,2.026e-05,,6275762,1149,58,26,14,159,-1.39887753278656,0.49720057068155404,0.02792702333920156,0.2529815202434789,0.4726739473186656,0.09970640302680189,0.33438366912212847
443,mountains_00125.jpg,1400,1.333,26.345,7.369,7.279,89.941,5.229,116.707,125.654,134.378,50.905,-1.267,-5.823,0.5864,0.161,0.5294,64.972,66.067,68.474,26.345,1.837,5.505,0.1256,0.1037,0.2702,25.994,24.105,-0.01125,-0.12,7.987,0.5353,0.3913,0.3838,-2.522,-1.332,-1.261,0.002312,1.367,2.523,0.5877,0.8279,0.0003314,89.179,4.349,4.46,0.0002203,1.639e-05,,5790166,1040,36,36,40,123,-0.6890408740433193,0.0,0.03143789160902113,0.2407835803269221,0.5287434504161865,0.442739819082271,-0.4614835088988944
444,highways_00351.jpg,1400,1.333,24.552,7.022,4.815,62.898,5.561,177.242,182.328,180.661,72.912,-1.772,0.6048,0.4781,0.1239,0.7351,62.101,65.515,72.025,24.552,3.576,6.469,0.2283,0.1589,0.251,19.126,40.716,-0.01,-0.2033,12.225,0.4387,0.2863,0.2783,-2.496,-1.362,-1.261,0.01169,1.245,2.482,0.4399,0.7348,0.0005593,85.926,3.624,4.051,0.0004693,2.464e-05,,6643073,1276,55,33,44,137,-0.6963848546337996,0.31863936396437514,0.040997529555854284,0.23112431109579262,0.592988446569293,0.6038026010277675,-0.18644940448543734
445,highways_00379.jpg,1400,1.333,24.438,7.683,8.691,98.439,6.049,86.964,112.023,124.495,44.72,-4.864,-8.84,0.4905,0.3138,0.5077,49.233,61.177,80.496,24.438,4.448,16.533,0.1382,0.1936,0.3072,44.56,10.809,-0.00875,0.05333,14.482,0.4254,0.3779,0.3402,-2.56,-1.282,-1.257,0.00553,1.517,2.471,0.553,0.7759,0.0006216,92.239,3.436,3.934,0.0003039,2.523e-05,,6553145,1140,52,36,6,172,-1.8288923910348345,0.2298841175792322,0.03830624174494312,0.29911492828851777,0.5605424530496923,-0.40662151175525363,0.3326786395197707
446,offices_00307.jpg,1400,1.333,24.216,7.676,5.014,84.835,6.168,116.021,99.798,84.434,42.715,4.943,11.857,0.1191,0.3207,0.4685,60.709,61.122,64.095,24.216,11.629,13.23,0.1581,0.2534,0.2413,33.23,11.792,-0.05875,-0.005,10.574,0.2635,0.2828,0.2367,-3.129,-1.718,-1.582,0.008043,1.194,2.346,0.5506,0.7561,0.0006187,95.863,4.251,4.284,0.0004361,4.114e-05,,6315038,1173,55,33,18,151,-1.2453101898381358,0.31863936396437514,0.026776843634487808,0.23206568513999454,0.5396175563570217,0.13663994114237243,0.10178326687226191
447,beaches_00266.jpg,1400,1.333,23.314,7.597,7.619,86.003,5.664,135.982,157.928,176.789,63.644,-0.6557,-11.8025,0.5556,0.3556,0.7286,69.018,59.637,66.884,23.314,6.176,21.977,0.1999,0.2769,0.2274,19.187,15.008,0.0375,0.065,17.273,0.2666,0.4177,0.2175,-2.609,-1.221,-1.244,0.007115,1.374,2.526,0.4164,0.7146,0.0004715,93.856,4.396,4.42,0.0004266,2.145e-05,,6838940,1278,76,16,44,142,-0.717414655156491,0.9388143168769032,0.03378347344895447,0.21907071556103785,0.5465710072868266,0.911550003095099,0.35239265145571586
448,mountains_00327.jpg,1400,1.333,21.99,7.681,10.718,80.046,5.193,101.268,113.534,122.841,46.863,0.8089,-5.805,0.5906,0.4287,0.5511,64.546,55.156,64.545,21.99,4.732,21.157,0.2413,0.2215,0.2283,48.576,11.932,0.0125,0.05833,15.546,0.5212,0.306,0.3026,-2.225,-1.016,-0.9797,0.01425,1.62,2.658,0.3524,0.7726,0.000328,90.889,4.467,4.469,0.0002929,2.252e-05,,5882685,1060,25,48,12,155,-1.4621045034684075,-0.4057429144216663,0.039033242710822286,0.26646930009954034,0.6656832704646908,-0.4282253101062501,-0.40086641988184696
449,offices_00677.jpg,1400,1.333,20.662,7.359,7.911,103.498,5.416,78.076,62.702,43.896,27.008,4.296,13.486,0.1049,0.4506,0.311,55.105,49.043,45.697,20.662,7.501,12.889,0.1016,0.2614,0.2165,61.232,16.667,0.05,0.06667,17.838,0.4654,0.4543,0.4319,-2.539,-1.419,-1.256,0.004189,1.45,2.481,0.5859,0.8162,0.0005404,92.754,4.183,4.428,0.0001612,2.106e-05,,6537335,1121,55,32,8,171,-1.698648274543875,0.33764306630111174,0.04561357530469007,0.19678943145933767,0.6549221359174017,-0.23919466578369142,0.35599756226868995
450,highways_00184.jpg,1400,1.333,32.025,7.03,7.85,87.682,5.823,127.936,128.451,125.479,51.86,-0.7384,1.933,0.159,0.1266,0.5168,82.15,81.103,84.438,32.025,5.236,4.598,0.2672,0.1772,0.3161,45.687,20.562,-0.03,0.09833,20.887,0.4143,0.3817,0.323,-2.566,-1.352,-1.251,0.003156,1.292,2.474,0.64,0.8089,0.0005902,88.088,4.144,4.38,0.0004236,2.424e-05,,6511109,1152,46,46,8,163,-1.6768733449354665,0.0,0.03419717076748257,0.2745061801019793,0.5940890691615576,-0.3979545614227813,0.05721288508906375
451,city_00613.jpg,1400,1.333,23.6,7.545,7.221,76.276,6.226,104.261,110.221,110.148,44.974,-2.124,-0.5103,0.4381,0.114,0.4484,56.742,60.564,65.189,23.6,2.696,5.818,0.2021,0.07702,0.2525,66.198,17.55,-0.01375,0.08667,20.992,0.4059,0.4659,0.3875,-2.502,-1.188,-1.161,0.007781,1.437,2.542,0.6602,0.8123,0.000517,85.244,4.089,4.34,0.0002163,1.724e-05,,6166177,1095,38,48,10,157,-1.555779733045389,-0.1462539338043102,0.03587743734461114,0.2272163275010779,0.57449631420633,-0.3716937006750374,-0.13084094546646585
452,offices_20081106_00003.jpg,1400,1.333,29.494,7.759,5.898,96.725,5.821,115.868,112.351,100.07,45.763,-0.6719,7.237,0.148,0.1982,0.4627,74.871,73.665,72.11,29.494,2.781,8.501,0.1494,0.1448,0.2949,37.428,24.621,-0.01875,0.1217,21.206,0.3453,0.4042,0.3181,-2.857,-1.497,-1.349,0.0102,1.257,2.41,0.6331,0.7673,0.0007934,91.949,3.441,4.015,0.0002825,2.784e-05,,6275574,1177,64,23,7,161,-1.7316643961222453,0.6299372622996396,0.036873080191040165,0.24840154487513022,0.6136665694229708,-0.11381361057381367,0.6220906893745233
453,forests_20081106_00028.jpg,1400,1.333,19.121,7.616,24.053,143.306,4.862,123.247,133.966,65.242,53.113,-14.3297,34.631,0.1891,0.5618,0.5303,50.309,49.523,46.804,19.121,7.205,12.145,0.03477,0.2037,0.1951,37.216,4.5,0.0225,0.0,10.36,0.6609,0.654,0.6426,-1.84,-0.8228,-0.8393,0.006253,1.8,2.8,0.8768,0.8508,0.0001755,97.591,4.321,4.488,9.107e-05,6.495e-06,,6487491,1149,31,51,24,158,-1.1176037564176386,-0.31060942538225567,0.058190331899048514,0.24513212166814974,0.49118372775123986,-0.08508489933247043,-0.5007954144197251
454,forests_20081106_00014.jpg,1400,1.333,27.525,7.48,31.723,217.407,5.3,74.966,81.409,64.93,32.097,-5.367,8.025,0.2492,0.3881,0.3196,67.734,66.679,61.739,27.525,2.418,4.976,0.06253,0.2908,0.2616,39.345,7.667,0.0,0.03833,12.503,0.7006,0.6464,0.6428,-1.969,-0.8585,-1.045,0.007745,1.797,2.835,0.8374,0.8889,0.0002144,98.485,2.95,3.527,0.0001339,3.855e-06,,6538547,1113,41,42,14,169,-1.4289957169213294,-0.01510074421948807,0.09296697086595826,0.34941579719531984,0.48511558692090545,-0.19492759757931322,-0.08579551640679373
455,highways_20081106_00047.jpg,1400,1.333,14.091,7.115,7.72,62.106,6.955,107.296,111.989,98.648,46.293,-3.8,6.975,0.2396,0.2521,0.4692,35.764,34.929,49.622,14.091,9.744,15.585,0.3366,0.2078,0.1468,45.8,7.338,-0.00125,0.03667,12.646,0.4694,0.3879,0.3808,-2.138,-1.123,-1.035,0.001334,1.601,2.464,0.6378,0.7763,0.0003918,92.318,4.047,4.175,0.0002343,2.168e-05,,6536317,1202,29,58,8,173,-1.703910601810015,-0.43072729929545756,0.03710304902432139,0.30284728919661924,0.6383660195652519,-0.647133216820823,-0.29516052098988965
456,beaches_00306.jpg,1400,1.333,21.672,7.518,8.623,76.869,5.389,119.968,141.558,164.4,57.463,-0.3822,-13.7597,0.6212,0.3024,0.6611,56.075,54.418,66.087,21.672,4.398,17.193,0.2599,0.2281,0.2451,13.777,12.207,-0.05,-0.035,12.378,0.5253,0.1479,0.1441,-2.423,-1.147,-1.169,0.005165,1.518,2.615,0.3515,0.7643,0.0006755,91.524,3.738,4.099,0.0007182,2.493e-05,,6664740,1169,61,30,45,134,-0.6701011747291373,0.4408236656611847,0.03313434372243118,0.24819048953779593,0.45669569499621,0.6903285061842575,-0.09626568562600113
457,city_00410.jpg,1400,1.333,20.547,7.61,9.479,88.744,6.913,113.929,116.431,111.579,48.14,-0.6482,2.818,0.9415,0.2692,0.5108,48.875,53.26,62.279,20.547,7.705,15.32,0.3755,0.188,0.2227,47.318,15.265,0.02625,0.07167,16.673,0.4297,0.4242,0.3842,-2.318,-1.179,-1.103,0.002258,1.571,2.564,0.6007,0.8043,0.0003864,91.152,4.346,4.497,0.0001849,1.944e-05,,6266823,1131,36,43,6,167,-1.8160404862433657,-0.11128240809028023,0.03447776267056538,0.18583717031540042,0.4973657613958987,-0.5748254606770176,0.03558067375544616
458,highways_20081106_00091.jpg,1400,1.333,9.148,6.601,5.292,49.124,6.469,120.342,122.602,121.632,51.118,-0.9886,0.3041,0.4366,0.08208,0.4967,24.752,22.872,25.345,9.148,3.034,4.1,0.2829,0.04864,0.09824,25.471,6.103,0.0175,0.025,10.513,0.5402,0.4045,0.376,-2.384,-1.242,-1.146,0.003474,1.633,2.533,0.6323,0.8254,0.0004006,96.513,4.281,4.405,0.0001558,1.229e-05,,6354821,1110,60,26,33,141,-0.8791677184445701,0.5177235528176671,0.02653860007277902,0.19890917060261284,0.5431020889497304,0.5527815249999706,0.07895771553059694
459,forests_20081106_00001.jpg,1400,1.333,18.626,7.206,19.991,138.59,4.665,64.658,73.381,28.447,28.698,-10.5575,23.582,0.1962,0.6872,0.2896,43.082,46.867,41.444,18.626,6.537,12.902,0.05036,0.2537,0.1857,73.907,1.118,-0.0025,0.005,10.488,0.5877,0.5984,0.5775,-1.852,-1.034,-0.9227,0.001314,1.772,2.682,0.8689,0.8793,0.0001467,97.861,4.449,4.545,9.745e-05,8.212e-06,,6589252,1190,40,44,43,141,-0.7267301101953668,-0.05971709978532289,0.0453066302407799,0.22049107645417892,0.44966090187053903,0.379307835215584,-0.4925156527376847
460,forests_20081106_00015.jpg,1400,1.333,24.115,7.655,21.353,158.014,5.293,71.833,80.003,46.147,31.3,-8.969,17.641,0.203,0.4752,0.3166,56.987,60.239,47.427,24.115,7.285,12.697,0.05501,0.2142,0.2369,53.115,23.601,0.07,0.095,20.97,0.5473,0.5517,0.4969,-2.023,-1.079,-0.9579,0.001448,1.71,2.74,0.7301,0.8665,0.000185,92.922,4.464,4.539,9.951e-05,7.193e-06,,6491233,1155,51,41,16,154,-1.315817529815394,0.136653928116039,0.05638154513840371,0.2400119798157985,0.48229106995242077,-0.018923191639964365,-0.016072982730898966
461,city_00606.jpg,1400,1.333,25.448,7.782,14.24,168.947,6.497,138.421,137.463,130.859,56.129,-0.6193,3.784,0.2049,0.1407,0.566,67.566,65.491,65.636,25.448,4.418,8.119,0.2194,0.1277,0.2661,34.807,8.436,0.03875,0.01667,11.856,0.5768,0.4908,0.4697,-2.49,-1.227,-1.175,0.006653,1.515,2.625,0.6453,0.8172,0.0005763,96.746,4.137,4.361,0.0001759,1.275e-05,,6147510,1091,53,31,2,166,-2.260188991329375,0.33437680758881416,0.031174493350087207,0.23901420024988593,0.635338329854961,-0.7188087052112102,0.6480746381201974
462,mountains_00285.jpg,1400,1.333,31.515,7.425,4.159,40.029,5.63,137.432,139.066,144.783,56.21,0.7085,-3.207,0.6761,0.106,0.5753,80.605,81.228,83.13,31.515,1.897,5.266,0.1678,0.08551,0.3203,30.705,28.752,0.05375,0.1333,23.343,0.4021,0.3043,0.2191,-2.708,-1.362,-1.356,0.00675,0.9604,2.471,0.4215,0.7806,0.0005004,87.224,4.236,4.307,0.0004365,1.902e-05,,5992307,1085,21,57,12,155,-1.4621045034684075,-0.6151411045959735,0.03899739147454675,0.30037811347744925,0.5535577049680557,-0.5381772395593529,-0.5790746555439935
463,beaches_20081106_00066.jpg,1400,1.333,30.652,7.382,6.471,89.122,6.21,162.051,161.924,153.214,64.867,-1.041,4.724,0.1969,0.2048,0.6788,80.411,75.847,78.778,30.652,3.47,13.56,0.2622,0.1481,0.3135,12.18,23.707,-0.1138,0.03333,22.845,0.2901,0.4501,0.2474,-2.786,-1.626,-1.423,0.00622,1.305,2.455,0.547,0.7804,0.0004296,82.325,4.193,4.365,0.0002741,2.054e-05,,6290128,1109,60,26,38,132,-0.7603275406361331,0.5177235528176671,0.03141384015764442,0.1967607863388807,0.4155666109886735,0.6539204049271949,0.01655647492908785
464,offices_00676.jpg,1400,1.333,25.792,7.738,6.726,91.372,5.654,100.037,100.775,83.049,40.982,-2.691,9.995,0.1705,0.2839,0.4209,66.109,64.377,58.22,25.792,5.17,11.617,0.1143,0.1423,0.2654,42.61,15.524,0.02,0.075,14.538,0.3979,0.2609,0.2358,-2.843,-1.399,-1.342,0.007244,1.432,2.39,0.5749,0.7514,0.0007499,92.816,3.73,4.077,0.0002477,3.495e-05,,6531416,1284,52,33,30,151,-0.971113598785696,0.283921436543173,0.0288531331718837,0.1774011572867019,0.5059379140736225,0.3517649504462188,-0.07174003243138405
465,highways_00146.jpg,1400,1.333,28.988,7.846,6.106,64.063,5.827,118.501,128.402,131.962,51.753,-1.698,-2.515,0.4223,0.3006,0.5601,68.491,73.916,82.095,28.988,4.142,13.442,0.2827,0.2415,0.3094,29.865,26.03,0.00625,0.13,20.021,0.488,0.184,0.184,-2.446,-1.248,-1.213,0.002321,1.378,2.485,0.4089,0.7799,0.0005858,89.862,3.856,4.154,0.0005404,2.322e-05,,6660894,1224,54,39,16,161,-1.3383236350565686,0.20354423153248632,0.02326737196261366,0.2622184044381169,0.6265499898328002,-0.002953881623951604,0.05267160688809336
466,forests_00654.jpg,1400,1.333,24.982,7.728,27.851,207.767,6.441,87.761,108.492,76.45,42.338,-13.5528,15.152,0.2808,0.3517,0.4309,62.15,64.272,59.256,24.982,11.636,13.916,0.1055,0.2029,0.2544,53.344,4.738,0.015,0.01833,11.115,0.6576,0.5644,0.5582,-1.984,-0.9791,-0.9984,0.005059,1.785,2.793,0.7889,0.8603,0.000375,98.198,3.428,3.716,0.0001125,6.521e-06,,6719973,1201,78,23,54,121,-0.49990374221093686,0.746367337187046,0.04948803102985102,0.2647927648187569,0.3908111402384637,0.9956114712687997,0.07439893424138966
467,forests_00126.jpg,1400,1.333,21.99,7.665,19.497,109.214,5.682,110.664,118.886,78.997,47.554,-9.879,20.945,0.2014,0.4168,0.4715,56.039,56.0,58.836,21.99,5.998,10.459,0.0792,0.2048,0.2202,51.201,16.169,-0.02,0.07833,17.432,0.6548,0.5909,0.6006,-1.935,-0.9154,-0.9129,0.006081,1.742,2.741,0.8163,0.8721,8.865e-05,91.07,4.528,4.551,9.537e-05,6.771e-06,,6429555,1147,35,46,13,167,-1.4594385418988276,-0.17103336471311073,0.051005900478309295,0.24411991067331235,0.4972172455127434,-0.3027138902735138,-0.20251682051987696
468,mountains_20081106_00075.jpg,1400,1.333,24.245,6.938,7.686,49.623,6.198,101.84,82.123,83.81,36.12,9.046,2.641,0.9011,0.2723,0.4175,63.032,57.373,58.543,24.245,11.305,12.491,0.1856,0.2046,0.2562,31.8,33.8,-0.015,0.1683,22.672,0.4741,0.4341,0.4239,-2.059,-0.9423,-1.046,0.01208,1.565,2.609,0.5087,0.8048,0.0004789,89.631,4.452,4.509,0.0002835,2.456e-05,,5646260,997,49,24,24,130,-1.0116857905044125,0.443320062203755,0.045459088185333896,0.2322250185430645,0.5355809881701589,0.40093389374914135,0.0852199612543213
469,mountains_20081106_00049.jpg,1400,1.333,19.199,7.033,8.806,106.245,5.187,163.664,173.36,184.954,69.914,-0.8257,-7.139,0.6,0.1427,0.7291,52.274,49.778,48.184,19.199,2.828,6.156,0.1366,0.108,0.1861,4.487,9.597,0.045,-0.01667,13.252,0.5496,0.1441,0.1295,-2.35,-1.245,-1.168,0.002452,1.55,2.746,0.3426,0.8219,0.0005303,86.053,4.006,4.273,0.0005484,1.805e-05,,5526901,1018,31,41,23,131,-1.0392224351527357,-0.17495994016573252,0.03809375516742369,0.2675423605991098,0.45643620320523914,0.05284905117741834,-0.4265078672837801
470,mountains_00656.jpg,1400,1.333,25.885,7.511,6.407,47.674,5.233,97.449,118.459,131.136,47.562,-3.3,-8.581,0.5061,0.3148,0.5303,61.138,63.915,76.349,25.885,2.798,14.808,0.2204,0.2098,0.2828,17.395,18.14,0.01125,-0.09,11.285,0.4915,0.274,0.2772,-2.448,-1.082,-1.129,0.01213,1.053,2.593,0.574,0.8028,0.0003706,81.365,4.285,4.352,0.0004835,1.929e-05,,5981950,1115,36,41,35,132,-0.8078765071195981,-0.08147408306069102,0.022930205358058203,0.21455674286959278,0.47474399917823923,0.29882395661861905,-0.46842313645111655
471,highways_00422.jpg,1400,1.333,14.774,6.989,5.895,43.601,5.317,118.036,152.443,166.339,60.784,-7.722,-10.3705,0.4949,0.3112,0.6778,33.437,38.118,59.49,14.774,6.095,15.428,0.122,0.155,0.2013,15.968,11.102,-0.0325,-0.045,11.285,0.5356,0.2241,0.1903,-2.182,-1.021,-0.9875,0.01143,1.396,2.546,0.3805,0.6874,0.000377,88.088,4.11,4.249,0.0006603,2.105e-05,,6411294,1155,46,40,25,150,-1.0675705238781417,0.0875522464861795,0.029417655391761558,0.19966143998372352,0.3720747271708239,0.16656473578462905,-0.18821182168195905
